"product_id","category_id","depth","name_tr","name_en"
"4206","205","0","İç Aydınlatma","Indoor Lighting"
"4206","207","1","Sıva Altı Backlight Led Paneller","Led Backlight Panel Lights"
"4207","205","0","İç Aydınlatma","Indoor Lighting"
"4207","207","1","Sıva Altı Backlight Led Paneller","Led Backlight Panel Lights"
"4208","205","0","İç Aydınlatma","Indoor Lighting"
"4208","207","1","Sıva Altı Backlight Led Paneller","Led Backlight Panel Lights"
"4209","205","0","İç Aydınlatma","Indoor Lighting"
"4209","207","1","Sıva Altı Backlight Led Paneller","Led Backlight Panel Lights"
"4210","205","0","İç Aydınlatma","Indoor Lighting"
"4210","207","1","Sıva Altı Backlight Led Paneller","Led Backlight Panel Lights"
"4211","205","0","İç Aydınlatma","Indoor Lighting"
"4211","207","1","Sıva Altı Backlight Led Paneller","Led Backlight Panel Lights"
"4212","205","0","İç Aydınlatma","Indoor Lighting"
"4212","207","1","Sıva Altı Backlight Led Paneller","Led Backlight Panel Lights"
"4213","205","0","İç Aydınlatma","Indoor Lighting"
"4213","207","1","Sıva Altı Backlight Led Paneller","Led Backlight Panel Lights"
"4214","205","0","İç Aydınlatma","Indoor Lighting"
"4214","207","1","Sıva Altı Backlight Led Paneller","Led Backlight Panel Lights"
"4215","205","0","İç Aydınlatma","Indoor Lighting"
"4215","207","1","Sıva Altı Backlight Led Paneller","Led Backlight Panel Lights"
"4216","205","0","İç Aydınlatma","Indoor Lighting"
"4216","207","1","Sıva Altı Backlight Led Paneller","Led Backlight Panel Lights"
"4217","205","0","İç Aydınlatma","Indoor Lighting"
"4217","207","1","Sıva Altı Backlight Led Paneller","Led Backlight Panel Lights"
"4218","205","0","İç Aydınlatma","Indoor Lighting"
"4218","207","1","Sıva Altı Backlight Led Paneller","Led Backlight Panel Lights"
"4219","205","0","İç Aydınlatma","Indoor Lighting"
"4219","207","1","Sıva Altı Backlight Led Paneller","Led Backlight Panel Lights"
"4220","205","0","İç Aydınlatma","Indoor Lighting"
"4220","207","1","Sıva Altı Backlight Led Paneller","Led Backlight Panel Lights"
"4221","205","0","İç Aydınlatma","Indoor Lighting"
"4221","207","1","Sıva Altı Backlight Led Paneller","Led Backlight Panel Lights"
"4222","205","0","İç Aydınlatma","Indoor Lighting"
"4222","207","1","Sıva Altı Backlight Led Paneller","Led Backlight Panel Lights"
"4223","205","0","İç Aydınlatma","Indoor Lighting"
"4223","207","1","Sıva Altı Backlight Led Paneller","Led Backlight Panel Lights"
"4224","205","0","İç Aydınlatma","Indoor Lighting"
"4224","207","1","Sıva Altı Backlight Led Paneller","Led Backlight Panel Lights"
"4225","205","0","İç Aydınlatma","Indoor Lighting"
"4225","207","1","Sıva Altı Backlight Led Paneller","Led Backlight Panel Lights"
"4226","205","0","İç Aydınlatma","Indoor Lighting"
"4226","207","1","Sıva Altı Backlight Led Paneller","Led Backlight Panel Lights"
"4232","208","0","Ampuller","Bulbs"
"4232","209","1","Tasarruflu Ampuller","Energy Saving Bulbs"
"4238","208","0","Ampuller","Bulbs"
"4238","209","1","Tasarruflu Ampuller","Energy Saving Bulbs"
"4246","208","0","Ampuller","Bulbs"
"4246","209","1","Tasarruflu Ampuller","Energy Saving Bulbs"
"4252","208","0","Ampuller","Bulbs"
"4252","209","1","Tasarruflu Ampuller","Energy Saving Bulbs"
"4255","208","0","Ampuller","Bulbs"
"4255","210","1","Led Buji Ampuller","Led Candle Bulbs"
"4256","208","0","Ampuller","Bulbs"
"4256","210","1","Led Buji Ampuller","Led Candle Bulbs"
"4257","205","0","İç Aydınlatma","Indoor Lighting"
"4257","211","1","Ledli Yatay Bant Armatürler","Led Wall Pictures"
"4258","205","0","İç Aydınlatma","Indoor Lighting"
"4258","211","1","Ledli Yatay Bant Armatürler","Led Wall Pictures"
"4259","205","0","İç Aydınlatma","Indoor Lighting"
"4259","211","1","Ledli Yatay Bant Armatürler","Led Wall Pictures"
"4260","205","0","İç Aydınlatma","Indoor Lighting"
"4260","211","1","Ledli Yatay Bant Armatürler","Led Wall Pictures"
"4261","205","0","İç Aydınlatma","Indoor Lighting"
"4261","212","1","Sıva Üstü Panel Kasaları","Panel Bodies &amp; Accesories"
"4262","205","0","İç Aydınlatma","Indoor Lighting"
"4262","212","1","Sıva Üstü Panel Kasaları","Panel Bodies &amp; Accesories"
"4263","205","0","İç Aydınlatma","Indoor Lighting"
"4263","212","1","Sıva Üstü Panel Kasaları","Panel Bodies &amp; Accesories"
"4264","205","0","İç Aydınlatma","Indoor Lighting"
"4264","212","1","Sıva Üstü Panel Kasaları","Panel Bodies &amp; Accesories"
"4265","205","0","İç Aydınlatma","Indoor Lighting"
"4265","212","1","Sıva Üstü Panel Kasaları","Panel Bodies &amp; Accesories"
"4266","205","0","İç Aydınlatma","Indoor Lighting"
"4266","212","1","Sıva Üstü Panel Kasaları","Panel Bodies &amp; Accesories"
"4267","205","0","İç Aydınlatma","Indoor Lighting"
"4267","212","1","Sıva Üstü Panel Kasaları","Panel Bodies &amp; Accesories"
"4268","205","0","İç Aydınlatma","Indoor Lighting"
"4268","212","1","Sıva Üstü Panel Kasaları","Panel Bodies &amp; Accesories"
"4269","205","0","İç Aydınlatma","Indoor Lighting"
"4269","212","1","Sıva Üstü Panel Kasaları","Panel Bodies &amp; Accesories"
"4270","213","0","Dış Aydınlatma","Outdoor Lighting"
"4270","214","1","Bahçe Armatürleri","Garden Fixtures"
"4271","213","0","Dış Aydınlatma","Outdoor Lighting"
"4271","214","1","Bahçe Armatürleri","Garden Fixtures"
"4272","213","0","Dış Aydınlatma","Outdoor Lighting"
"4272","214","1","Bahçe Armatürleri","Garden Fixtures"
"4273","213","0","Dış Aydınlatma","Outdoor Lighting"
"4273","214","1","Bahçe Armatürleri","Garden Fixtures"
"4274","213","0","Dış Aydınlatma","Outdoor Lighting"
"4274","214","1","Bahçe Armatürleri","Garden Fixtures"
"4275","213","0","Dış Aydınlatma","Outdoor Lighting"
"4275","214","1","Bahçe Armatürleri","Garden Fixtures"
"4276","213","0","Dış Aydınlatma","Outdoor Lighting"
"4276","214","1","Bahçe Armatürleri","Garden Fixtures"
"4277","213","0","Dış Aydınlatma","Outdoor Lighting"
"4277","214","1","Bahçe Armatürleri","Garden Fixtures"
"4278","205","0","İç Aydınlatma","Indoor Lighting"
"4278","215","1","Ledli Koridor Armatürleri ve Yıldız Spotlar","Led Corridor Lights &amp; Star Spot Lights"
"4279","205","0","İç Aydınlatma","Indoor Lighting"
"4279","215","1","Ledli Koridor Armatürleri ve Yıldız Spotlar","Led Corridor Lights &amp; Star Spot Lights"
"4280","205","0","İç Aydınlatma","Indoor Lighting"
"4280","215","1","Ledli Koridor Armatürleri ve Yıldız Spotlar","Led Corridor Lights &amp; Star Spot Lights"
"4281","205","0","İç Aydınlatma","Indoor Lighting"
"4281","215","1","Ledli Koridor Armatürleri ve Yıldız Spotlar","Led Corridor Lights &amp; Star Spot Lights"
"4282","205","0","İç Aydınlatma","Indoor Lighting"
"4282","215","1","Ledli Koridor Armatürleri ve Yıldız Spotlar","Led Corridor Lights &amp; Star Spot Lights"
"4283","205","0","İç Aydınlatma","Indoor Lighting"
"4283","215","1","Ledli Koridor Armatürleri ve Yıldız Spotlar","Led Corridor Lights &amp; Star Spot Lights"
"4284","205","0","İç Aydınlatma","Indoor Lighting"
"4284","215","1","Ledli Koridor Armatürleri ve Yıldız Spotlar","Led Corridor Lights &amp; Star Spot Lights"
"4285","205","0","İç Aydınlatma","Indoor Lighting"
"4285","215","1","Ledli Koridor Armatürleri ve Yıldız Spotlar","Led Corridor Lights &amp; Star Spot Lights"
"4286","205","0","İç Aydınlatma","Indoor Lighting"
"4286","215","1","Ledli Koridor Armatürleri ve Yıldız Spotlar","Led Corridor Lights &amp; Star Spot Lights"
"4287","205","0","İç Aydınlatma","Indoor Lighting"
"4287","215","1","Ledli Koridor Armatürleri ve Yıldız Spotlar","Led Corridor Lights &amp; Star Spot Lights"
"4288","205","0","İç Aydınlatma","Indoor Lighting"
"4288","215","1","Ledli Koridor Armatürleri ve Yıldız Spotlar","Led Corridor Lights &amp; Star Spot Lights"
"4289","205","0","İç Aydınlatma","Indoor Lighting"
"4289","215","1","Ledli Koridor Armatürleri ve Yıldız Spotlar","Led Corridor Lights &amp; Star Spot Lights"
"4290","205","0","İç Aydınlatma","Indoor Lighting"
"4290","215","1","Ledli Koridor Armatürleri ve Yıldız Spotlar","Led Corridor Lights &amp; Star Spot Lights"
"4291","205","0","İç Aydınlatma","Indoor Lighting"
"4291","215","1","Ledli Koridor Armatürleri ve Yıldız Spotlar","Led Corridor Lights &amp; Star Spot Lights"
"4292","205","0","İç Aydınlatma","Indoor Lighting"
"4292","215","1","Ledli Koridor Armatürleri ve Yıldız Spotlar","Led Corridor Lights &amp; Star Spot Lights"
"4293","205","0","İç Aydınlatma","Indoor Lighting"
"4293","215","1","Ledli Koridor Armatürleri ve Yıldız Spotlar","Led Corridor Lights &amp; Star Spot Lights"
"4294","205","0","İç Aydınlatma","Indoor Lighting"
"4294","215","1","Ledli Koridor Armatürleri ve Yıldız Spotlar","Led Corridor Lights &amp; Star Spot Lights"
"4295","205","0","İç Aydınlatma","Indoor Lighting"
"4295","215","1","Ledli Koridor Armatürleri ve Yıldız Spotlar","Led Corridor Lights &amp; Star Spot Lights"
"4296","205","0","İç Aydınlatma","Indoor Lighting"
"4296","215","1","Ledli Koridor Armatürleri ve Yıldız Spotlar","Led Corridor Lights &amp; Star Spot Lights"
"4297","205","0","İç Aydınlatma","Indoor Lighting"
"4297","215","1","Ledli Koridor Armatürleri ve Yıldız Spotlar","Led Corridor Lights &amp; Star Spot Lights"
"4298","205","0","İç Aydınlatma","Indoor Lighting"
"4298","215","1","Ledli Koridor Armatürleri ve Yıldız Spotlar","Led Corridor Lights &amp; Star Spot Lights"
"4299","205","0","İç Aydınlatma","Indoor Lighting"
"4299","215","1","Ledli Koridor Armatürleri ve Yıldız Spotlar","Led Corridor Lights &amp; Star Spot Lights"
"4300","205","0","İç Aydınlatma","Indoor Lighting"
"4300","215","1","Ledli Koridor Armatürleri ve Yıldız Spotlar","Led Corridor Lights &amp; Star Spot Lights"
"4301","205","0","İç Aydınlatma","Indoor Lighting"
"4301","215","1","Ledli Koridor Armatürleri ve Yıldız Spotlar","Led Corridor Lights &amp; Star Spot Lights"
"4302","205","0","İç Aydınlatma","Indoor Lighting"
"4302","215","1","Ledli Koridor Armatürleri ve Yıldız Spotlar","Led Corridor Lights &amp; Star Spot Lights"
"4303","205","0","İç Aydınlatma","Indoor Lighting"
"4303","215","1","Ledli Koridor Armatürleri ve Yıldız Spotlar","Led Corridor Lights &amp; Star Spot Lights"
"4304","205","0","İç Aydınlatma","Indoor Lighting"
"4304","215","1","Ledli Koridor Armatürleri ve Yıldız Spotlar","Led Corridor Lights &amp; Star Spot Lights"
"4305","205","0","İç Aydınlatma","Indoor Lighting"
"4305","215","1","Ledli Koridor Armatürleri ve Yıldız Spotlar","Led Corridor Lights &amp; Star Spot Lights"
"4306","205","0","İç Aydınlatma","Indoor Lighting"
"4306","215","1","Ledli Koridor Armatürleri ve Yıldız Spotlar","Led Corridor Lights &amp; Star Spot Lights"
"4307","205","0","İç Aydınlatma","Indoor Lighting"
"4307","215","1","Ledli Koridor Armatürleri ve Yıldız Spotlar","Led Corridor Lights &amp; Star Spot Lights"
"4308","205","0","İç Aydınlatma","Indoor Lighting"
"4308","215","1","Ledli Koridor Armatürleri ve Yıldız Spotlar","Led Corridor Lights &amp; Star Spot Lights"
"4309","205","0","İç Aydınlatma","Indoor Lighting"
"4309","215","1","Ledli Koridor Armatürleri ve Yıldız Spotlar","Led Corridor Lights &amp; Star Spot Lights"
"4310","205","0","İç Aydınlatma","Indoor Lighting"
"4310","215","1","Ledli Koridor Armatürleri ve Yıldız Spotlar","Led Corridor Lights &amp; Star Spot Lights"
"4311","205","0","İç Aydınlatma","Indoor Lighting"
"4311","215","1","Ledli Koridor Armatürleri ve Yıldız Spotlar","Led Corridor Lights &amp; Star Spot Lights"
"4312","205","0","İç Aydınlatma","Indoor Lighting"
"4312","215","1","Ledli Koridor Armatürleri ve Yıldız Spotlar","Led Corridor Lights &amp; Star Spot Lights"
"4313","205","0","İç Aydınlatma","Indoor Lighting"
"4313","215","1","Ledli Koridor Armatürleri ve Yıldız Spotlar","Led Corridor Lights &amp; Star Spot Lights"
"4314","205","0","İç Aydınlatma","Indoor Lighting"
"4314","215","1","Ledli Koridor Armatürleri ve Yıldız Spotlar","Led Corridor Lights &amp; Star Spot Lights"
"4315","205","0","İç Aydınlatma","Indoor Lighting"
"4315","215","1","Ledli Koridor Armatürleri ve Yıldız Spotlar","Led Corridor Lights &amp; Star Spot Lights"
"4316","205","0","İç Aydınlatma","Indoor Lighting"
"4316","215","1","Ledli Koridor Armatürleri ve Yıldız Spotlar","Led Corridor Lights &amp; Star Spot Lights"
"4317","205","0","İç Aydınlatma","Indoor Lighting"
"4317","215","1","Ledli Koridor Armatürleri ve Yıldız Spotlar","Led Corridor Lights &amp; Star Spot Lights"
"4318","205","0","İç Aydınlatma","Indoor Lighting"
"4318","215","1","Ledli Koridor Armatürleri ve Yıldız Spotlar","Led Corridor Lights &amp; Star Spot Lights"
"4319","205","0","İç Aydınlatma","Indoor Lighting"
"4319","215","1","Ledli Koridor Armatürleri ve Yıldız Spotlar","Led Corridor Lights &amp; Star Spot Lights"
"4320","205","0","İç Aydınlatma","Indoor Lighting"
"4320","215","1","Ledli Koridor Armatürleri ve Yıldız Spotlar","Led Corridor Lights &amp; Star Spot Lights"
"4321","205","0","İç Aydınlatma","Indoor Lighting"
"4321","215","1","Ledli Koridor Armatürleri ve Yıldız Spotlar","Led Corridor Lights &amp; Star Spot Lights"
"4322","205","0","İç Aydınlatma","Indoor Lighting"
"4322","215","1","Ledli Koridor Armatürleri ve Yıldız Spotlar","Led Corridor Lights &amp; Star Spot Lights"
"4323","205","0","İç Aydınlatma","Indoor Lighting"
"4323","215","1","Ledli Koridor Armatürleri ve Yıldız Spotlar","Led Corridor Lights &amp; Star Spot Lights"
"4324","205","0","İç Aydınlatma","Indoor Lighting"
"4324","215","1","Ledli Koridor Armatürleri ve Yıldız Spotlar","Led Corridor Lights &amp; Star Spot Lights"
"4325","205","0","İç Aydınlatma","Indoor Lighting"
"4325","215","1","Ledli Koridor Armatürleri ve Yıldız Spotlar","Led Corridor Lights &amp; Star Spot Lights"
"4326","205","0","İç Aydınlatma","Indoor Lighting"
"4326","215","1","Ledli Koridor Armatürleri ve Yıldız Spotlar","Led Corridor Lights &amp; Star Spot Lights"
"4327","205","0","İç Aydınlatma","Indoor Lighting"
"4327","215","1","Ledli Koridor Armatürleri ve Yıldız Spotlar","Led Corridor Lights &amp; Star Spot Lights"
"4328","205","0","İç Aydınlatma","Indoor Lighting"
"4328","215","1","Ledli Koridor Armatürleri ve Yıldız Spotlar","Led Corridor Lights &amp; Star Spot Lights"
"4329","205","0","İç Aydınlatma","Indoor Lighting"
"4329","215","1","Ledli Koridor Armatürleri ve Yıldız Spotlar","Led Corridor Lights &amp; Star Spot Lights"
"4330","205","0","İç Aydınlatma","Indoor Lighting"
"4330","215","1","Ledli Koridor Armatürleri ve Yıldız Spotlar","Led Corridor Lights &amp; Star Spot Lights"
"4331","205","0","İç Aydınlatma","Indoor Lighting"
"4331","215","1","Ledli Koridor Armatürleri ve Yıldız Spotlar","Led Corridor Lights &amp; Star Spot Lights"
"4332","205","0","İç Aydınlatma","Indoor Lighting"
"4332","215","1","Ledli Koridor Armatürleri ve Yıldız Spotlar","Led Corridor Lights &amp; Star Spot Lights"
"4333","208","0","Ampuller","Bulbs"
"4333","216","1","Halojen Ampuller","Halogen Bulbs"
"4334","208","0","Ampuller","Bulbs"
"4334","216","1","Halojen Ampuller","Halogen Bulbs"
"4335","208","0","Ampuller","Bulbs"
"4335","216","1","Halojen Ampuller","Halogen Bulbs"
"4336","208","0","Ampuller","Bulbs"
"4336","216","1","Halojen Ampuller","Halogen Bulbs"
"4337","208","0","Ampuller","Bulbs"
"4337","216","1","Halojen Ampuller","Halogen Bulbs"
"4338","208","0","Ampuller","Bulbs"
"4338","216","1","Halojen Ampuller","Halogen Bulbs"
"4340","208","0","Ampuller","Bulbs"
"4340","217","1","Mantar Ampuller","Mushroom Bulbs"
"4341","208","0","Ampuller","Bulbs"
"4341","217","1","Mantar Ampuller","Mushroom Bulbs"
"4342","208","0","Ampuller","Bulbs"
"4342","217","1","Mantar Ampuller","Mushroom Bulbs"
"4343","208","0","Ampuller","Bulbs"
"4343","217","1","Mantar Ampuller","Mushroom Bulbs"
"4344","208","0","Ampuller","Bulbs"
"4344","217","1","Mantar Ampuller","Mushroom Bulbs"
"4345","226","0","Diğer Ürünler","Other Items"
"4345","229","1","Normal Downlight &amp; Vantilatörler","Downlights &amp; Fans"
"4346","226","0","Diğer Ürünler","Other Items"
"4346","229","1","Normal Downlight &amp; Vantilatörler","Downlights &amp; Fans"
"4347","226","0","Diğer Ürünler","Other Items"
"4347","229","1","Normal Downlight &amp; Vantilatörler","Downlights &amp; Fans"
"4348","226","0","Diğer Ürünler","Other Items"
"4348","229","1","Normal Downlight &amp; Vantilatörler","Downlights &amp; Fans"
"4349","226","0","Diğer Ürünler","Other Items"
"4349","229","1","Normal Downlight &amp; Vantilatörler","Downlights &amp; Fans"
"4350","226","0","Diğer Ürünler","Other Items"
"4350","229","1","Normal Downlight &amp; Vantilatörler","Downlights &amp; Fans"
"4351","226","0","Diğer Ürünler","Other Items"
"4351","229","1","Normal Downlight &amp; Vantilatörler","Downlights &amp; Fans"
"4352","226","0","Diğer Ürünler","Other Items"
"4352","229","1","Normal Downlight &amp; Vantilatörler","Downlights &amp; Fans"
"4353","226","0","Diğer Ürünler","Other Items"
"4353","229","1","Normal Downlight &amp; Vantilatörler","Downlights &amp; Fans"
"4354","226","0","Diğer Ürünler","Other Items"
"4354","229","1","Normal Downlight &amp; Vantilatörler","Downlights &amp; Fans"
"4355","226","0","Diğer Ürünler","Other Items"
"4355","229","1","Normal Downlight &amp; Vantilatörler","Downlights &amp; Fans"
"4356","219","0","Şerit Led","Led Strip"
"4356","220","1","İç Mekan Led Şeritler","Led Strip Lights (Inside)"
"4363","219","0","Şerit Led","Led Strip"
"4363","221","1","Dış Mekan Led Şeritler","Led Strip Lights (Outside)"
"4369","219","0","Şerit Led","Led Strip"
"4369","221","1","Dış Mekan Led Şeritler","Led Strip Lights (Outside)"
"4376","219","0","Şerit Led","Led Strip"
"4376","220","1","İç Mekan Led Şeritler","Led Strip Lights (Inside)"
"4382","219","0","Şerit Led","Led Strip"
"4382","220","1","İç Mekan Led Şeritler","Led Strip Lights (Inside)"
"4393","222","0","Dış Mekan Şerit Led, Neon ve Ledli Hortumlar","Led Strips &amp; Led Neon Hoses"
"4393","223","1","220 v Şerit Ledler","220V Led Strips"
"4394","222","0","Dış Mekan Şerit Led, Neon ve Ledli Hortumlar","Led Strips &amp; Led Neon Hoses"
"4394","223","1","220 v Şerit Ledler","220V Led Strips"
"4401","219","0","Şerit Led","Led Strip"
"4401","221","1","Dış Mekan Led Şeritler","Led Strip Lights (Outside)"
"4408","219","0","Şerit Led","Led Strip"
"4408","221","1","Dış Mekan Led Şeritler","Led Strip Lights (Outside)"
"4410","219","0","Şerit Led","Led Strip"
"4410","221","1","Dış Mekan Led Şeritler","Led Strip Lights (Outside)"
"4412","222","0","Dış Mekan Şerit Led, Neon ve Ledli Hortumlar","Led Strips &amp; Led Neon Hoses"
"4412","223","1","220 v Şerit Ledler","220V Led Strips"
"4413","222","0","Dış Mekan Şerit Led, Neon ve Ledli Hortumlar","Led Strips &amp; Led Neon Hoses"
"4413","223","1","220 v Şerit Ledler","220V Led Strips"
"4414","222","0","Dış Mekan Şerit Led, Neon ve Ledli Hortumlar","Led Strips &amp; Led Neon Hoses"
"4414","225","1","Neon Led Hortumlar","Neon Led Hoses"
"4425","219","0","Şerit Led","Led Strip"
"4425","220","1","İç Mekan Led Şeritler","Led Strip Lights (Inside)"
"4428","219","0","Şerit Led","Led Strip"
"4428","221","1","Dış Mekan Led Şeritler","Led Strip Lights (Outside)"
"4434","219","0","Şerit Led","Led Strip"
"4434","220","1","İç Mekan Led Şeritler","Led Strip Lights (Inside)"
"4441","222","0","Dış Mekan Şerit Led, Neon ve Ledli Hortumlar","Led Strips &amp; Led Neon Hoses"
"4441","224","1","Modül Led","Module Leds"
"4447","222","0","Dış Mekan Şerit Led, Neon ve Ledli Hortumlar","Led Strips &amp; Led Neon Hoses"
"4447","223","1","220 v Şerit Ledler","220V Led Strips"
"4449","222","0","Dış Mekan Şerit Led, Neon ve Ledli Hortumlar","Led Strips &amp; Led Neon Hoses"
"4449","223","1","220 v Şerit Ledler","220V Led Strips"
"4450","222","0","Dış Mekan Şerit Led, Neon ve Ledli Hortumlar","Led Strips &amp; Led Neon Hoses"
"4450","223","1","220 v Şerit Ledler","220V Led Strips"
"4451","222","0","Dış Mekan Şerit Led, Neon ve Ledli Hortumlar","Led Strips &amp; Led Neon Hoses"
"4451","223","1","220 v Şerit Ledler","220V Led Strips"
"4452","226","0","Diğer Ürünler","Other Items"
"4452","227","1","Muhtelif Ürünler","Other Items"
"4453","222","0","Dış Mekan Şerit Led, Neon ve Ledli Hortumlar","Led Strips &amp; Led Neon Hoses"
"4453","223","1","220 v Şerit Ledler","220V Led Strips"
"4454","205","0","İç Aydınlatma","Indoor Lighting"
"4454","228","1","Kristal Cam Spotlar","Crystal Glass Spot Lights"
"4455","205","0","İç Aydınlatma","Indoor Lighting"
"4455","228","1","Kristal Cam Spotlar","Crystal Glass Spot Lights"
"4456","205","0","İç Aydınlatma","Indoor Lighting"
"4456","228","1","Kristal Cam Spotlar","Crystal Glass Spot Lights"
"4457","226","0","Diğer Ürünler","Other Items"
"4457","229","1","Normal Downlight &amp; Vantilatörler","Downlights &amp; Fans"
"4458","205","0","İç Aydınlatma","Indoor Lighting"
"4458","230","1","Led Ray Armatürler","Led Rail Lights"
"4459","205","0","İç Aydınlatma","Indoor Lighting"
"4459","230","1","Led Ray Armatürler","Led Rail Lights"
"4460","205","0","İç Aydınlatma","Indoor Lighting"
"4460","230","1","Led Ray Armatürler","Led Rail Lights"
"4461","226","0","Diğer Ürünler","Other Items"
"4461","231","1","Halojen Spotlar","Halogen Spot Lights"
"4462","226","0","Diğer Ürünler","Other Items"
"4462","231","1","Halojen Spotlar","Halogen Spot Lights"
"4463","226","0","Diğer Ürünler","Other Items"
"4463","231","1","Halojen Spotlar","Halogen Spot Lights"
"4464","205","0","İç Aydınlatma","Indoor Lighting"
"4464","228","1","Kristal Cam Spotlar","Crystal Glass Spot Lights"
"4465","205","0","İç Aydınlatma","Indoor Lighting"
"4465","228","1","Kristal Cam Spotlar","Crystal Glass Spot Lights"
"4466","226","0","Diğer Ürünler","Other Items"
"4466","229","1","Normal Downlight &amp; Vantilatörler","Downlights &amp; Fans"
"4467","226","0","Diğer Ürünler","Other Items"
"4467","229","1","Normal Downlight &amp; Vantilatörler","Downlights &amp; Fans"
"4468","226","0","Diğer Ürünler","Other Items"
"4468","229","1","Normal Downlight &amp; Vantilatörler","Downlights &amp; Fans"
"4469","226","0","Diğer Ürünler","Other Items"
"4469","233","1","Uzaktan Kumandalı Zil","Door Bells"
"4470","226","0","Diğer Ürünler","Other Items"
"4470","233","1","Uzaktan Kumandalı Zil","Door Bells"
"4471","226","0","Diğer Ürünler","Other Items"
"4471","233","1","Uzaktan Kumandalı Zil","Door Bells"
"4472","226","0","Diğer Ürünler","Other Items"
"4472","233","1","Uzaktan Kumandalı Zil","Door Bells"
"4474","205","0","İç Aydınlatma","Indoor Lighting"
"4474","232","1","Dekoratif Sarkıt Armatürler ve Aplikler","Decorative Pendant Fixtures &amp; Appliques"
"4475","205","0","İç Aydınlatma","Indoor Lighting"
"4475","232","1","Dekoratif Sarkıt Armatürler ve Aplikler","Decorative Pendant Fixtures &amp; Appliques"
"4476","205","0","İç Aydınlatma","Indoor Lighting"
"4476","232","1","Dekoratif Sarkıt Armatürler ve Aplikler","Decorative Pendant Fixtures &amp; Appliques"
"4477","205","0","İç Aydınlatma","Indoor Lighting"
"4477","232","1","Dekoratif Sarkıt Armatürler ve Aplikler","Decorative Pendant Fixtures &amp; Appliques"
"4478","205","0","İç Aydınlatma","Indoor Lighting"
"4478","232","1","Dekoratif Sarkıt Armatürler ve Aplikler","Decorative Pendant Fixtures &amp; Appliques"
"4479","205","0","İç Aydınlatma","Indoor Lighting"
"4479","212","1","Sıva Üstü Panel Kasaları","Panel Bodies &amp; Accesories"
"4480","205","0","İç Aydınlatma","Indoor Lighting"
"4480","212","1","Sıva Üstü Panel Kasaları","Panel Bodies &amp; Accesories"
"4481","205","0","İç Aydınlatma","Indoor Lighting"
"4481","212","1","Sıva Üstü Panel Kasaları","Panel Bodies &amp; Accesories"
"4482","205","0","İç Aydınlatma","Indoor Lighting"
"4482","234","1","Modern Dekoratif Spot","Modern Decorative Spot Lights"
"4483","205","0","İç Aydınlatma","Indoor Lighting"
"4483","234","1","Modern Dekoratif Spot","Modern Decorative Spot Lights"
"4484","205","0","İç Aydınlatma","Indoor Lighting"
"4484","234","1","Modern Dekoratif Spot","Modern Decorative Spot Lights"
"4485","205","0","İç Aydınlatma","Indoor Lighting"
"4485","234","1","Modern Dekoratif Spot","Modern Decorative Spot Lights"
"4486","205","0","İç Aydınlatma","Indoor Lighting"
"4486","234","1","Modern Dekoratif Spot","Modern Decorative Spot Lights"
"4487","205","0","İç Aydınlatma","Indoor Lighting"
"4487","234","1","Modern Dekoratif Spot","Modern Decorative Spot Lights"
"4488","205","0","İç Aydınlatma","Indoor Lighting"
"4488","234","1","Modern Dekoratif Spot","Modern Decorative Spot Lights"
"4489","205","0","İç Aydınlatma","Indoor Lighting"
"4489","234","1","Modern Dekoratif Spot","Modern Decorative Spot Lights"
"4490","205","0","İç Aydınlatma","Indoor Lighting"
"4490","234","1","Modern Dekoratif Spot","Modern Decorative Spot Lights"
"4491","205","0","İç Aydınlatma","Indoor Lighting"
"4491","234","1","Modern Dekoratif Spot","Modern Decorative Spot Lights"
"4492","205","0","İç Aydınlatma","Indoor Lighting"
"4492","234","1","Modern Dekoratif Spot","Modern Decorative Spot Lights"
"4493","205","0","İç Aydınlatma","Indoor Lighting"
"4493","234","1","Modern Dekoratif Spot","Modern Decorative Spot Lights"
"4494","205","0","İç Aydınlatma","Indoor Lighting"
"4494","234","1","Modern Dekoratif Spot","Modern Decorative Spot Lights"
"4495","205","0","İç Aydınlatma","Indoor Lighting"
"4495","234","1","Modern Dekoratif Spot","Modern Decorative Spot Lights"
"4496","205","0","İç Aydınlatma","Indoor Lighting"
"4496","234","1","Modern Dekoratif Spot","Modern Decorative Spot Lights"
"4497","205","0","İç Aydınlatma","Indoor Lighting"
"4497","234","1","Modern Dekoratif Spot","Modern Decorative Spot Lights"
"4498","205","0","İç Aydınlatma","Indoor Lighting"
"4498","234","1","Modern Dekoratif Spot","Modern Decorative Spot Lights"
"4499","205","0","İç Aydınlatma","Indoor Lighting"
"4499","234","1","Modern Dekoratif Spot","Modern Decorative Spot Lights"
"4500","205","0","İç Aydınlatma","Indoor Lighting"
"4500","234","1","Modern Dekoratif Spot","Modern Decorative Spot Lights"
"4501","205","0","İç Aydınlatma","Indoor Lighting"
"4501","234","1","Modern Dekoratif Spot","Modern Decorative Spot Lights"
"4502","205","0","İç Aydınlatma","Indoor Lighting"
"4502","234","1","Modern Dekoratif Spot","Modern Decorative Spot Lights"
"4503","205","0","İç Aydınlatma","Indoor Lighting"
"4503","234","1","Modern Dekoratif Spot","Modern Decorative Spot Lights"
"4504","205","0","İç Aydınlatma","Indoor Lighting"
"4504","234","1","Modern Dekoratif Spot","Modern Decorative Spot Lights"
"4505","205","0","İç Aydınlatma","Indoor Lighting"
"4505","278","1","Sıva Altı Slim Led Paneller Camlı Paneller/Ayın Ürünleri","Sıva Altı Slim Led Paneller Camlı Paneller/Ayın Ürünleri"
"4506","205","0","İç Aydınlatma","Indoor Lighting"
"4506","278","1","Sıva Altı Slim Led Paneller Camlı Paneller/Ayın Ürünleri","Sıva Altı Slim Led Paneller Camlı Paneller/Ayın Ürünleri"
"4507","205","0","İç Aydınlatma","Indoor Lighting"
"4507","236","1","COB Led Armatürler","COB Led Fixtures"
"4508","205","0","İç Aydınlatma","Indoor Lighting"
"4508","236","1","COB Led Armatürler","COB Led Fixtures"
"4509","205","0","İç Aydınlatma","Indoor Lighting"
"4509","236","1","COB Led Armatürler","COB Led Fixtures"
"4510","205","0","İç Aydınlatma","Indoor Lighting"
"4510","236","1","COB Led Armatürler","COB Led Fixtures"
"4511","205","0","İç Aydınlatma","Indoor Lighting"
"4511","236","1","COB Led Armatürler","COB Led Fixtures"
"4512","205","0","İç Aydınlatma","Indoor Lighting"
"4512","236","1","COB Led Armatürler","COB Led Fixtures"
"4513","205","0","İç Aydınlatma","Indoor Lighting"
"4513","236","1","COB Led Armatürler","COB Led Fixtures"
"4514","205","0","İç Aydınlatma","Indoor Lighting"
"4514","236","1","COB Led Armatürler","COB Led Fixtures"
"4515","205","0","İç Aydınlatma","Indoor Lighting"
"4515","236","1","COB Led Armatürler","COB Led Fixtures"
"4516","205","0","İç Aydınlatma","Indoor Lighting"
"4516","236","1","COB Led Armatürler","COB Led Fixtures"
"4517","205","0","İç Aydınlatma","Indoor Lighting"
"4517","236","1","COB Led Armatürler","COB Led Fixtures"
"4518","205","0","İç Aydınlatma","Indoor Lighting"
"4518","236","1","COB Led Armatürler","COB Led Fixtures"
"4519","208","0","Ampuller","Bulbs"
"4519","253","1","Led Kapsul Ampuller","Led Capsule Bulbs"
"4520","208","0","Ampuller","Bulbs"
"4520","253","1","Led Kapsul Ampuller","Led Capsule Bulbs"
"4521","208","0","Ampuller","Bulbs"
"4521","245","1","Ledli Gece Ampuller","Led Night Bulbs"
"4522","208","0","Ampuller","Bulbs"
"4522","253","1","Led Kapsul Ampuller","Led Capsule Bulbs"
"4523","205","0","İç Aydınlatma","Indoor Lighting"
"4523","236","1","COB Led Armatürler","COB Led Fixtures"
"4524","205","0","İç Aydınlatma","Indoor Lighting"
"4524","236","1","COB Led Armatürler","COB Led Fixtures"
"4525","205","0","İç Aydınlatma","Indoor Lighting"
"4525","236","1","COB Led Armatürler","COB Led Fixtures"
"4526","205","0","İç Aydınlatma","Indoor Lighting"
"4526","236","1","COB Led Armatürler","COB Led Fixtures"
"4527","205","0","İç Aydınlatma","Indoor Lighting"
"4527","236","1","COB Led Armatürler","COB Led Fixtures"
"4528","205","0","İç Aydınlatma","Indoor Lighting"
"4528","236","1","COB Led Armatürler","COB Led Fixtures"
"4529","205","0","İç Aydınlatma","Indoor Lighting"
"4529","236","1","COB Led Armatürler","COB Led Fixtures"
"4530","205","0","İç Aydınlatma","Indoor Lighting"
"4530","236","1","COB Led Armatürler","COB Led Fixtures"
"4531","205","0","İç Aydınlatma","Indoor Lighting"
"4531","236","1","COB Led Armatürler","COB Led Fixtures"
"4532","205","0","İç Aydınlatma","Indoor Lighting"
"4532","236","1","COB Led Armatürler","COB Led Fixtures"
"4533","205","0","İç Aydınlatma","Indoor Lighting"
"4533","236","1","COB Led Armatürler","COB Led Fixtures"
"4534","205","0","İç Aydınlatma","Indoor Lighting"
"4534","236","1","COB Led Armatürler","COB Led Fixtures"
"4535","205","0","İç Aydınlatma","Indoor Lighting"
"4535","206","1","Sıva Altı Slim Led Paneller","Slim Led Panels"
"4536","205","0","İç Aydınlatma","Indoor Lighting"
"4536","206","1","Sıva Altı Slim Led Paneller","Slim Led Panels"
"4537","205","0","İç Aydınlatma","Indoor Lighting"
"4537","206","1","Sıva Altı Slim Led Paneller","Slim Led Panels"
"4538","205","0","İç Aydınlatma","Indoor Lighting"
"4538","206","1","Sıva Altı Slim Led Paneller","Slim Led Panels"
"4539","205","0","İç Aydınlatma","Indoor Lighting"
"4539","206","1","Sıva Altı Slim Led Paneller","Slim Led Panels"
"4540","205","0","İç Aydınlatma","Indoor Lighting"
"4540","206","1","Sıva Altı Slim Led Paneller","Slim Led Panels"
"4541","205","0","İç Aydınlatma","Indoor Lighting"
"4541","206","1","Sıva Altı Slim Led Paneller","Slim Led Panels"
"4542","205","0","İç Aydınlatma","Indoor Lighting"
"4542","206","1","Sıva Altı Slim Led Paneller","Slim Led Panels"
"4543","205","0","İç Aydınlatma","Indoor Lighting"
"4543","206","1","Sıva Altı Slim Led Paneller","Slim Led Panels"
"4544","205","0","İç Aydınlatma","Indoor Lighting"
"4544","206","1","Sıva Altı Slim Led Paneller","Slim Led Panels"
"4545","205","0","İç Aydınlatma","Indoor Lighting"
"4545","206","1","Sıva Altı Slim Led Paneller","Slim Led Panels"
"4546","205","0","İç Aydınlatma","Indoor Lighting"
"4546","206","1","Sıva Altı Slim Led Paneller","Slim Led Panels"
"4547","205","0","İç Aydınlatma","Indoor Lighting"
"4547","206","1","Sıva Altı Slim Led Paneller","Slim Led Panels"
"4548","205","0","İç Aydınlatma","Indoor Lighting"
"4548","206","1","Sıva Altı Slim Led Paneller","Slim Led Panels"
"4549","205","0","İç Aydınlatma","Indoor Lighting"
"4549","206","1","Sıva Altı Slim Led Paneller","Slim Led Panels"
"4550","205","0","İç Aydınlatma","Indoor Lighting"
"4550","206","1","Sıva Altı Slim Led Paneller","Slim Led Panels"
"4551","205","0","İç Aydınlatma","Indoor Lighting"
"4551","206","1","Sıva Altı Slim Led Paneller","Slim Led Panels"
"4552","205","0","İç Aydınlatma","Indoor Lighting"
"4552","206","1","Sıva Altı Slim Led Paneller","Slim Led Panels"
"4553","205","0","İç Aydınlatma","Indoor Lighting"
"4553","206","1","Sıva Altı Slim Led Paneller","Slim Led Panels"
"4554","205","0","İç Aydınlatma","Indoor Lighting"
"4554","206","1","Sıva Altı Slim Led Paneller","Slim Led Panels"
"4555","205","0","İç Aydınlatma","Indoor Lighting"
"4555","206","1","Sıva Altı Slim Led Paneller","Slim Led Panels"
"4556","205","0","İç Aydınlatma","Indoor Lighting"
"4556","206","1","Sıva Altı Slim Led Paneller","Slim Led Panels"
"4557","205","0","İç Aydınlatma","Indoor Lighting"
"4557","206","1","Sıva Altı Slim Led Paneller","Slim Led Panels"
"4558","205","0","İç Aydınlatma","Indoor Lighting"
"4558","206","1","Sıva Altı Slim Led Paneller","Slim Led Panels"
"4559","205","0","İç Aydınlatma","Indoor Lighting"
"4559","206","1","Sıva Altı Slim Led Paneller","Slim Led Panels"
"4560","205","0","İç Aydınlatma","Indoor Lighting"
"4560","206","1","Sıva Altı Slim Led Paneller","Slim Led Panels"
"4561","205","0","İç Aydınlatma","Indoor Lighting"
"4561","206","1","Sıva Altı Slim Led Paneller","Slim Led Panels"
"4562","205","0","İç Aydınlatma","Indoor Lighting"
"4562","206","1","Sıva Altı Slim Led Paneller","Slim Led Panels"
"4563","205","0","İç Aydınlatma","Indoor Lighting"
"4563","206","1","Sıva Altı Slim Led Paneller","Slim Led Panels"
"4564","205","0","İç Aydınlatma","Indoor Lighting"
"4564","206","1","Sıva Altı Slim Led Paneller","Slim Led Panels"
"4565","205","0","İç Aydınlatma","Indoor Lighting"
"4565","206","1","Sıva Altı Slim Led Paneller","Slim Led Panels"
"4566","205","0","İç Aydınlatma","Indoor Lighting"
"4566","206","1","Sıva Altı Slim Led Paneller","Slim Led Panels"
"4567","205","0","İç Aydınlatma","Indoor Lighting"
"4567","206","1","Sıva Altı Slim Led Paneller","Slim Led Panels"
"4568","205","0","İç Aydınlatma","Indoor Lighting"
"4568","206","1","Sıva Altı Slim Led Paneller","Slim Led Panels"
"4569","205","0","İç Aydınlatma","Indoor Lighting"
"4569","206","1","Sıva Altı Slim Led Paneller","Slim Led Panels"
"4570","205","0","İç Aydınlatma","Indoor Lighting"
"4570","206","1","Sıva Altı Slim Led Paneller","Slim Led Panels"
"4571","205","0","İç Aydınlatma","Indoor Lighting"
"4571","206","1","Sıva Altı Slim Led Paneller","Slim Led Panels"
"4572","205","0","İç Aydınlatma","Indoor Lighting"
"4572","206","1","Sıva Altı Slim Led Paneller","Slim Led Panels"
"4573","205","0","İç Aydınlatma","Indoor Lighting"
"4573","206","1","Sıva Altı Slim Led Paneller","Slim Led Panels"
"4574","205","0","İç Aydınlatma","Indoor Lighting"
"4574","206","1","Sıva Altı Slim Led Paneller","Slim Led Panels"
"4575","205","0","İç Aydınlatma","Indoor Lighting"
"4575","206","1","Sıva Altı Slim Led Paneller","Slim Led Panels"
"4576","205","0","İç Aydınlatma","Indoor Lighting"
"4576","206","1","Sıva Altı Slim Led Paneller","Slim Led Panels"
"4577","205","0","İç Aydınlatma","Indoor Lighting"
"4577","206","1","Sıva Altı Slim Led Paneller","Slim Led Panels"
"4578","205","0","İç Aydınlatma","Indoor Lighting"
"4578","206","1","Sıva Altı Slim Led Paneller","Slim Led Panels"
"4579","205","0","İç Aydınlatma","Indoor Lighting"
"4579","206","1","Sıva Altı Slim Led Paneller","Slim Led Panels"
"4580","205","0","İç Aydınlatma","Indoor Lighting"
"4580","206","1","Sıva Altı Slim Led Paneller","Slim Led Panels"
"4581","205","0","İç Aydınlatma","Indoor Lighting"
"4581","206","1","Sıva Altı Slim Led Paneller","Slim Led Panels"
"4582","205","0","İç Aydınlatma","Indoor Lighting"
"4582","206","1","Sıva Altı Slim Led Paneller","Slim Led Panels"
"4583","205","0","İç Aydınlatma","Indoor Lighting"
"4583","206","1","Sıva Altı Slim Led Paneller","Slim Led Panels"
"4584","205","0","İç Aydınlatma","Indoor Lighting"
"4584","206","1","Sıva Altı Slim Led Paneller","Slim Led Panels"
"4585","205","0","İç Aydınlatma","Indoor Lighting"
"4585","206","1","Sıva Altı Slim Led Paneller","Slim Led Panels"
"4586","205","0","İç Aydınlatma","Indoor Lighting"
"4586","206","1","Sıva Altı Slim Led Paneller","Slim Led Panels"
"4587","205","0","İç Aydınlatma","Indoor Lighting"
"4587","206","1","Sıva Altı Slim Led Paneller","Slim Led Panels"
"4588","205","0","İç Aydınlatma","Indoor Lighting"
"4588","206","1","Sıva Altı Slim Led Paneller","Slim Led Panels"
"4589","205","0","İç Aydınlatma","Indoor Lighting"
"4589","206","1","Sıva Altı Slim Led Paneller","Slim Led Panels"
"4590","205","0","İç Aydınlatma","Indoor Lighting"
"4590","206","1","Sıva Altı Slim Led Paneller","Slim Led Panels"
"4591","205","0","İç Aydınlatma","Indoor Lighting"
"4591","206","1","Sıva Altı Slim Led Paneller","Slim Led Panels"
"4592","205","0","İç Aydınlatma","Indoor Lighting"
"4592","206","1","Sıva Altı Slim Led Paneller","Slim Led Panels"
"4593","205","0","İç Aydınlatma","Indoor Lighting"
"4593","206","1","Sıva Altı Slim Led Paneller","Slim Led Panels"
"4594","205","0","İç Aydınlatma","Indoor Lighting"
"4594","206","1","Sıva Altı Slim Led Paneller","Slim Led Panels"
"4595","205","0","İç Aydınlatma","Indoor Lighting"
"4595","206","1","Sıva Altı Slim Led Paneller","Slim Led Panels"
"4596","205","0","İç Aydınlatma","Indoor Lighting"
"4596","238","1","Sıva Üstü Led Paneller","Led Panels"
"4597","205","0","İç Aydınlatma","Indoor Lighting"
"4597","238","1","Sıva Üstü Led Paneller","Led Panels"
"4598","205","0","İç Aydınlatma","Indoor Lighting"
"4598","238","1","Sıva Üstü Led Paneller","Led Panels"
"4600","205","0","İç Aydınlatma","Indoor Lighting"
"4600","206","1","Sıva Altı Slim Led Paneller","Slim Led Panels"
"4602","205","0","İç Aydınlatma","Indoor Lighting"
"4602","206","1","Sıva Altı Slim Led Paneller","Slim Led Panels"
"4603","205","0","İç Aydınlatma","Indoor Lighting"
"4603","206","1","Sıva Altı Slim Led Paneller","Slim Led Panels"
"4604","205","0","İç Aydınlatma","Indoor Lighting"
"4604","206","1","Sıva Altı Slim Led Paneller","Slim Led Panels"
"4605","205","0","İç Aydınlatma","Indoor Lighting"
"4605","206","1","Sıva Altı Slim Led Paneller","Slim Led Panels"
"4606","205","0","İç Aydınlatma","Indoor Lighting"
"4606","238","1","Sıva Üstü Led Paneller","Led Panels"
"4607","205","0","İç Aydınlatma","Indoor Lighting"
"4607","238","1","Sıva Üstü Led Paneller","Led Panels"
"4608","205","0","İç Aydınlatma","Indoor Lighting"
"4608","238","1","Sıva Üstü Led Paneller","Led Panels"
"4609","205","0","İç Aydınlatma","Indoor Lighting"
"4609","206","1","Sıva Altı Slim Led Paneller","Slim Led Panels"
"4610","205","0","İç Aydınlatma","Indoor Lighting"
"4610","206","1","Sıva Altı Slim Led Paneller","Slim Led Panels"
"4611","205","0","İç Aydınlatma","Indoor Lighting"
"4611","206","1","Sıva Altı Slim Led Paneller","Slim Led Panels"
"4612","205","0","İç Aydınlatma","Indoor Lighting"
"4612","238","1","Sıva Üstü Led Paneller","Led Panels"
"4613","205","0","İç Aydınlatma","Indoor Lighting"
"4613","238","1","Sıva Üstü Led Paneller","Led Panels"
"4614","205","0","İç Aydınlatma","Indoor Lighting"
"4614","238","1","Sıva Üstü Led Paneller","Led Panels"
"4615","205","0","İç Aydınlatma","Indoor Lighting"
"4615","238","1","Sıva Üstü Led Paneller","Led Panels"
"4616","205","0","İç Aydınlatma","Indoor Lighting"
"4616","238","1","Sıva Üstü Led Paneller","Led Panels"
"4617","205","0","İç Aydınlatma","Indoor Lighting"
"4617","238","1","Sıva Üstü Led Paneller","Led Panels"
"4618","205","0","İç Aydınlatma","Indoor Lighting"
"4618","238","1","Sıva Üstü Led Paneller","Led Panels"
"4619","205","0","İç Aydınlatma","Indoor Lighting"
"4619","238","1","Sıva Üstü Led Paneller","Led Panels"
"4620","205","0","İç Aydınlatma","Indoor Lighting"
"4620","238","1","Sıva Üstü Led Paneller","Led Panels"
"4621","205","0","İç Aydınlatma","Indoor Lighting"
"4621","238","1","Sıva Üstü Led Paneller","Led Panels"
"4622","205","0","İç Aydınlatma","Indoor Lighting"
"4622","238","1","Sıva Üstü Led Paneller","Led Panels"
"4623","205","0","İç Aydınlatma","Indoor Lighting"
"4623","238","1","Sıva Üstü Led Paneller","Led Panels"
"4624","205","0","İç Aydınlatma","Indoor Lighting"
"4624","238","1","Sıva Üstü Led Paneller","Led Panels"
"4625","205","0","İç Aydınlatma","Indoor Lighting"
"4625","238","1","Sıva Üstü Led Paneller","Led Panels"
"4626","205","0","İç Aydınlatma","Indoor Lighting"
"4626","238","1","Sıva Üstü Led Paneller","Led Panels"
"4627","205","0","İç Aydınlatma","Indoor Lighting"
"4627","238","1","Sıva Üstü Led Paneller","Led Panels"
"4628","205","0","İç Aydınlatma","Indoor Lighting"
"4628","238","1","Sıva Üstü Led Paneller","Led Panels"
"4629","205","0","İç Aydınlatma","Indoor Lighting"
"4629","238","1","Sıva Üstü Led Paneller","Led Panels"
"4630","205","0","İç Aydınlatma","Indoor Lighting"
"4630","206","1","Sıva Altı Slim Led Paneller","Slim Led Panels"
"4631","205","0","İç Aydınlatma","Indoor Lighting"
"4631","206","1","Sıva Altı Slim Led Paneller","Slim Led Panels"
"4634","205","0","İç Aydınlatma","Indoor Lighting"
"4634","206","1","Sıva Altı Slim Led Paneller","Slim Led Panels"
"4635","205","0","İç Aydınlatma","Indoor Lighting"
"4635","206","1","Sıva Altı Slim Led Paneller","Slim Led Panels"
"4637","205","0","İç Aydınlatma","Indoor Lighting"
"4637","206","1","Sıva Altı Slim Led Paneller","Slim Led Panels"
"4638","205","0","İç Aydınlatma","Indoor Lighting"
"4638","206","1","Sıva Altı Slim Led Paneller","Slim Led Panels"
"4639","205","0","İç Aydınlatma","Indoor Lighting"
"4639","206","1","Sıva Altı Slim Led Paneller","Slim Led Panels"
"4640","205","0","İç Aydınlatma","Indoor Lighting"
"4640","206","1","Sıva Altı Slim Led Paneller","Slim Led Panels"
"4642","205","0","İç Aydınlatma","Indoor Lighting"
"4642","206","1","Sıva Altı Slim Led Paneller","Slim Led Panels"
"4643","205","0","İç Aydınlatma","Indoor Lighting"
"4643","206","1","Sıva Altı Slim Led Paneller","Slim Led Panels"
"4646","205","0","İç Aydınlatma","Indoor Lighting"
"4646","238","1","Sıva Üstü Led Paneller","Led Panels"
"4647","205","0","İç Aydınlatma","Indoor Lighting"
"4647","238","1","Sıva Üstü Led Paneller","Led Panels"
"4650","205","0","İç Aydınlatma","Indoor Lighting"
"4650","238","1","Sıva Üstü Led Paneller","Led Panels"
"4651","205","0","İç Aydınlatma","Indoor Lighting"
"4651","238","1","Sıva Üstü Led Paneller","Led Panels"
"4653","205","0","İç Aydınlatma","Indoor Lighting"
"4653","238","1","Sıva Üstü Led Paneller","Led Panels"
"4654","205","0","İç Aydınlatma","Indoor Lighting"
"4654","270","1","Sıva Altı Çerçevesiz Led Paneller","Led Slim Frameless Panel Lights"
"4655","205","0","İç Aydınlatma","Indoor Lighting"
"4655","270","1","Sıva Altı Çerçevesiz Led Paneller","Led Slim Frameless Panel Lights"
"4656","205","0","İç Aydınlatma","Indoor Lighting"
"4656","270","1","Sıva Altı Çerçevesiz Led Paneller","Led Slim Frameless Panel Lights"
"4657","205","0","İç Aydınlatma","Indoor Lighting"
"4657","270","1","Sıva Altı Çerçevesiz Led Paneller","Led Slim Frameless Panel Lights"
"4658","205","0","İç Aydınlatma","Indoor Lighting"
"4658","270","1","Sıva Altı Çerçevesiz Led Paneller","Led Slim Frameless Panel Lights"
"4659","205","0","İç Aydınlatma","Indoor Lighting"
"4659","270","1","Sıva Altı Çerçevesiz Led Paneller","Led Slim Frameless Panel Lights"
"4660","205","0","İç Aydınlatma","Indoor Lighting"
"4660","270","1","Sıva Altı Çerçevesiz Led Paneller","Led Slim Frameless Panel Lights"
"4661","205","0","İç Aydınlatma","Indoor Lighting"
"4661","270","1","Sıva Altı Çerçevesiz Led Paneller","Led Slim Frameless Panel Lights"
"4662","205","0","İç Aydınlatma","Indoor Lighting"
"4662","271","1","Sıva Altı Çerçevesiz Ayarlanabilir Led Paneller","Led Slim Frameless Panel Lights - Rotatable "
"4663","205","0","İç Aydınlatma","Indoor Lighting"
"4663","271","1","Sıva Altı Çerçevesiz Ayarlanabilir Led Paneller","Led Slim Frameless Panel Lights - Rotatable "
"4664","205","0","İç Aydınlatma","Indoor Lighting"
"4664","271","1","Sıva Altı Çerçevesiz Ayarlanabilir Led Paneller","Led Slim Frameless Panel Lights - Rotatable "
"4665","205","0","İç Aydınlatma","Indoor Lighting"
"4665","271","1","Sıva Altı Çerçevesiz Ayarlanabilir Led Paneller","Led Slim Frameless Panel Lights - Rotatable "
"4666","205","0","İç Aydınlatma","Indoor Lighting"
"4666","271","1","Sıva Altı Çerçevesiz Ayarlanabilir Led Paneller","Led Slim Frameless Panel Lights - Rotatable "
"4667","205","0","İç Aydınlatma","Indoor Lighting"
"4667","271","1","Sıva Altı Çerçevesiz Ayarlanabilir Led Paneller","Led Slim Frameless Panel Lights - Rotatable "
"4668","205","0","İç Aydınlatma","Indoor Lighting"
"4668","271","1","Sıva Altı Çerçevesiz Ayarlanabilir Led Paneller","Led Slim Frameless Panel Lights - Rotatable "
"4669","205","0","İç Aydınlatma","Indoor Lighting"
"4669","271","1","Sıva Altı Çerçevesiz Ayarlanabilir Led Paneller","Led Slim Frameless Panel Lights - Rotatable "
"4670","205","0","İç Aydınlatma","Indoor Lighting"
"4670","207","1","Sıva Altı Backlight Led Paneller","Led Backlight Panel Lights"
"4671","205","0","İç Aydınlatma","Indoor Lighting"
"4671","207","1","Sıva Altı Backlight Led Paneller","Led Backlight Panel Lights"
"4672","205","0","İç Aydınlatma","Indoor Lighting"
"4672","207","1","Sıva Altı Backlight Led Paneller","Led Backlight Panel Lights"
"4673","205","0","İç Aydınlatma","Indoor Lighting"
"4673","207","1","Sıva Altı Backlight Led Paneller","Led Backlight Panel Lights"
"4674","205","0","İç Aydınlatma","Indoor Lighting"
"4674","207","1","Sıva Altı Backlight Led Paneller","Led Backlight Panel Lights"
"4675","205","0","İç Aydınlatma","Indoor Lighting"
"4675","207","1","Sıva Altı Backlight Led Paneller","Led Backlight Panel Lights"
"4676","205","0","İç Aydınlatma","Indoor Lighting"
"4676","207","1","Sıva Altı Backlight Led Paneller","Led Backlight Panel Lights"
"4677","205","0","İç Aydınlatma","Indoor Lighting"
"4677","207","1","Sıva Altı Backlight Led Paneller","Led Backlight Panel Lights"
"4678","205","0","İç Aydınlatma","Indoor Lighting"
"4678","207","1","Sıva Altı Backlight Led Paneller","Led Backlight Panel Lights"
"4679","205","0","İç Aydınlatma","Indoor Lighting"
"4679","207","1","Sıva Altı Backlight Led Paneller","Led Backlight Panel Lights"
"4680","205","0","İç Aydınlatma","Indoor Lighting"
"4680","232","1","Dekoratif Sarkıt Armatürler ve Aplikler","Decorative Pendant Fixtures &amp; Appliques"
"4681","205","0","İç Aydınlatma","Indoor Lighting"
"4681","232","1","Dekoratif Sarkıt Armatürler ve Aplikler","Decorative Pendant Fixtures &amp; Appliques"
"4682","205","0","İç Aydınlatma","Indoor Lighting"
"4682","207","1","Sıva Altı Backlight Led Paneller","Led Backlight Panel Lights"
"4683","205","0","İç Aydınlatma","Indoor Lighting"
"4683","207","1","Sıva Altı Backlight Led Paneller","Led Backlight Panel Lights"
"4684","205","0","İç Aydınlatma","Indoor Lighting"
"4684","252","1","Ledli Etanj Armatürler","Led Waterproof Fixtures"
"4685","205","0","İç Aydınlatma","Indoor Lighting"
"4685","252","1","Ledli Etanj Armatürler","Led Waterproof Fixtures"
"4686","205","0","İç Aydınlatma","Indoor Lighting"
"4686","236","1","COB Led Armatürler","COB Led Fixtures"
"4687","205","0","İç Aydınlatma","Indoor Lighting"
"4687","236","1","COB Led Armatürler","COB Led Fixtures"
"4688","205","0","İç Aydınlatma","Indoor Lighting"
"4688","236","1","COB Led Armatürler","COB Led Fixtures"
"4689","205","0","İç Aydınlatma","Indoor Lighting"
"4689","236","1","COB Led Armatürler","COB Led Fixtures"
"4690","205","0","İç Aydınlatma","Indoor Lighting"
"4690","207","1","Sıva Altı Backlight Led Paneller","Led Backlight Panel Lights"
"4691","205","0","İç Aydınlatma","Indoor Lighting"
"4691","207","1","Sıva Altı Backlight Led Paneller","Led Backlight Panel Lights"
"4692","205","0","İç Aydınlatma","Indoor Lighting"
"4692","207","1","Sıva Altı Backlight Led Paneller","Led Backlight Panel Lights"
"4693","205","0","İç Aydınlatma","Indoor Lighting"
"4693","238","1","Sıva Üstü Led Paneller","Led Panels"
"4694","205","0","İç Aydınlatma","Indoor Lighting"
"4694","238","1","Sıva Üstü Led Paneller","Led Panels"
"4695","205","0","İç Aydınlatma","Indoor Lighting"
"4695","238","1","Sıva Üstü Led Paneller","Led Panels"
"4697","205","0","İç Aydınlatma","Indoor Lighting"
"4697","232","1","Dekoratif Sarkıt Armatürler ve Aplikler","Decorative Pendant Fixtures &amp; Appliques"
"4698","205","0","İç Aydınlatma","Indoor Lighting"
"4698","261","1","Sensörlü Tavan Armatürleri","Ceiling Lights with Sensor"
"4699","205","0","İç Aydınlatma","Indoor Lighting"
"4699","261","1","Sensörlü Tavan Armatürleri","Ceiling Lights with Sensor"
"4700","205","0","İç Aydınlatma","Indoor Lighting"
"4700","261","1","Sensörlü Tavan Armatürleri","Ceiling Lights with Sensor"
"4701","205","0","İç Aydınlatma","Indoor Lighting"
"4701","238","1","Sıva Üstü Led Paneller","Led Panels"
"4702","205","0","İç Aydınlatma","Indoor Lighting"
"4702","238","1","Sıva Üstü Led Paneller","Led Panels"
"4703","205","0","İç Aydınlatma","Indoor Lighting"
"4703","238","1","Sıva Üstü Led Paneller","Led Panels"
"4704","205","0","İç Aydınlatma","Indoor Lighting"
"4704","238","1","Sıva Üstü Led Paneller","Led Panels"
"4705","205","0","İç Aydınlatma","Indoor Lighting"
"4705","238","1","Sıva Üstü Led Paneller","Led Panels"
"4706","205","0","İç Aydınlatma","Indoor Lighting"
"4706","238","1","Sıva Üstü Led Paneller","Led Panels"
"4707","205","0","İç Aydınlatma","Indoor Lighting"
"4707","272","1","Led Armatür Driverları","Led Fixture Drivers"
"4708","205","0","İç Aydınlatma","Indoor Lighting"
"4708","272","1","Led Armatür Driverları","Led Fixture Drivers"
"4709","219","0","Şerit Led","Led Strip"
"4709","279","1","Şerid Led Trafoları","Şerid Led Trafoları"
"4710","226","0","Diğer Ürünler","Other Items"
"4710","241","1","Ledli Işıldak &amp; El Fenerleri","Lantern Light &amp; Hand Light"
"4711","226","0","Diğer Ürünler","Other Items"
"4711","241","1","Ledli Işıldak &amp; El Fenerleri","Lantern Light &amp; Hand Light"
"4712","226","0","Diğer Ürünler","Other Items"
"4712","241","1","Ledli Işıldak &amp; El Fenerleri","Lantern Light &amp; Hand Light"
"4713","226","0","Diğer Ürünler","Other Items"
"4713","241","1","Ledli Işıldak &amp; El Fenerleri","Lantern Light &amp; Hand Light"
"4714","226","0","Diğer Ürünler","Other Items"
"4714","241","1","Ledli Işıldak &amp; El Fenerleri","Lantern Light &amp; Hand Light"
"4715","226","0","Diğer Ürünler","Other Items"
"4715","241","1","Ledli Işıldak &amp; El Fenerleri","Lantern Light &amp; Hand Light"
"4716","226","0","Diğer Ürünler","Other Items"
"4716","241","1","Ledli Işıldak &amp; El Fenerleri","Lantern Light &amp; Hand Light"
"4717","226","0","Diğer Ürünler","Other Items"
"4717","241","1","Ledli Işıldak &amp; El Fenerleri","Lantern Light &amp; Hand Light"
"4721","208","0","Ampuller","Bulbs"
"4721","209","1","Tasarruflu Ampuller","Energy Saving Bulbs"
"4725","208","0","Ampuller","Bulbs"
"4725","209","1","Tasarruflu Ampuller","Energy Saving Bulbs"
"4729","208","0","Ampuller","Bulbs"
"4729","209","1","Tasarruflu Ampuller","Energy Saving Bulbs"
"4737","208","0","Ampuller","Bulbs"
"4737","209","1","Tasarruflu Ampuller","Energy Saving Bulbs"
"4743","208","0","Ampuller","Bulbs"
"4743","209","1","Tasarruflu Ampuller","Energy Saving Bulbs"
"4747","208","0","Ampuller","Bulbs"
"4747","209","1","Tasarruflu Ampuller","Energy Saving Bulbs"
"4752","208","0","Ampuller","Bulbs"
"4752","209","1","Tasarruflu Ampuller","Energy Saving Bulbs"
"4753","208","0","Ampuller","Bulbs"
"4753","209","1","Tasarruflu Ampuller","Energy Saving Bulbs"
"4756","208","0","Ampuller","Bulbs"
"4756","209","1","Tasarruflu Ampuller","Energy Saving Bulbs"
"4757","208","0","Ampuller","Bulbs"
"4757","209","1","Tasarruflu Ampuller","Energy Saving Bulbs"
"4758","208","0","Ampuller","Bulbs"
"4758","209","1","Tasarruflu Ampuller","Energy Saving Bulbs"
"4759","208","0","Ampuller","Bulbs"
"4759","209","1","Tasarruflu Ampuller","Energy Saving Bulbs"
"4762","208","0","Ampuller","Bulbs"
"4762","209","1","Tasarruflu Ampuller","Energy Saving Bulbs"
"4763","208","0","Ampuller","Bulbs"
"4763","209","1","Tasarruflu Ampuller","Energy Saving Bulbs"
"4765","208","0","Ampuller","Bulbs"
"4765","209","1","Tasarruflu Ampuller","Energy Saving Bulbs"
"4767","208","0","Ampuller","Bulbs"
"4767","209","1","Tasarruflu Ampuller","Energy Saving Bulbs"
"4768","208","0","Ampuller","Bulbs"
"4768","209","1","Tasarruflu Ampuller","Energy Saving Bulbs"
"4769","208","0","Ampuller","Bulbs"
"4769","209","1","Tasarruflu Ampuller","Energy Saving Bulbs"
"4770","208","0","Ampuller","Bulbs"
"4770","243","1","Ledli Spot Ampuller","Led Spot Bulbs"
"4771","208","0","Ampuller","Bulbs"
"4771","243","1","Ledli Spot Ampuller","Led Spot Bulbs"
"4772","208","0","Ampuller","Bulbs"
"4772","243","1","Ledli Spot Ampuller","Led Spot Bulbs"
"4773","208","0","Ampuller","Bulbs"
"4773","243","1","Ledli Spot Ampuller","Led Spot Bulbs"
"4774","208","0","Ampuller","Bulbs"
"4774","243","1","Ledli Spot Ampuller","Led Spot Bulbs"
"4775","208","0","Ampuller","Bulbs"
"4775","243","1","Ledli Spot Ampuller","Led Spot Bulbs"
"4776","208","0","Ampuller","Bulbs"
"4776","243","1","Ledli Spot Ampuller","Led Spot Bulbs"
"4777","208","0","Ampuller","Bulbs"
"4777","243","1","Ledli Spot Ampuller","Led Spot Bulbs"
"4778","208","0","Ampuller","Bulbs"
"4778","243","1","Ledli Spot Ampuller","Led Spot Bulbs"
"4779","208","0","Ampuller","Bulbs"
"4779","243","1","Ledli Spot Ampuller","Led Spot Bulbs"
"4780","208","0","Ampuller","Bulbs"
"4780","243","1","Ledli Spot Ampuller","Led Spot Bulbs"
"4781","208","0","Ampuller","Bulbs"
"4781","243","1","Ledli Spot Ampuller","Led Spot Bulbs"
"4782","208","0","Ampuller","Bulbs"
"4782","243","1","Ledli Spot Ampuller","Led Spot Bulbs"
"4783","208","0","Ampuller","Bulbs"
"4783","243","1","Ledli Spot Ampuller","Led Spot Bulbs"
"4784","208","0","Ampuller","Bulbs"
"4784","243","1","Ledli Spot Ampuller","Led Spot Bulbs"
"4785","208","0","Ampuller","Bulbs"
"4785","243","1","Ledli Spot Ampuller","Led Spot Bulbs"
"4786","208","0","Ampuller","Bulbs"
"4786","243","1","Ledli Spot Ampuller","Led Spot Bulbs"
"4787","208","0","Ampuller","Bulbs"
"4787","243","1","Ledli Spot Ampuller","Led Spot Bulbs"
"4788","208","0","Ampuller","Bulbs"
"4788","243","1","Ledli Spot Ampuller","Led Spot Bulbs"
"4789","208","0","Ampuller","Bulbs"
"4789","243","1","Ledli Spot Ampuller","Led Spot Bulbs"
"4790","208","0","Ampuller","Bulbs"
"4790","209","1","Tasarruflu Ampuller","Energy Saving Bulbs"
"4791","208","0","Ampuller","Bulbs"
"4791","209","1","Tasarruflu Ampuller","Energy Saving Bulbs"
"4792","208","0","Ampuller","Bulbs"
"4792","209","1","Tasarruflu Ampuller","Energy Saving Bulbs"
"4793","208","0","Ampuller","Bulbs"
"4793","209","1","Tasarruflu Ampuller","Energy Saving Bulbs"
"4794","208","0","Ampuller","Bulbs"
"4794","244","1","Şarjlı Led Ampuller","Rechargable Led Bulbs"
"4795","208","0","Ampuller","Bulbs"
"4795","244","1","Şarjlı Led Ampuller","Rechargable Led Bulbs"
"4796","208","0","Ampuller","Bulbs"
"4796","244","1","Şarjlı Led Ampuller","Rechargable Led Bulbs"
"4797","208","0","Ampuller","Bulbs"
"4797","244","1","Şarjlı Led Ampuller","Rechargable Led Bulbs"
"4798","208","0","Ampuller","Bulbs"
"4798","244","1","Şarjlı Led Ampuller","Rechargable Led Bulbs"
"4799","208","0","Ampuller","Bulbs"
"4799","244","1","Şarjlı Led Ampuller","Rechargable Led Bulbs"
"4800","208","0","Ampuller","Bulbs"
"4800","244","1","Şarjlı Led Ampuller","Rechargable Led Bulbs"
"4801","208","0","Ampuller","Bulbs"
"4801","244","1","Şarjlı Led Ampuller","Rechargable Led Bulbs"
"4802","208","0","Ampuller","Bulbs"
"4802","245","1","Ledli Gece Ampuller","Led Night Bulbs"
"4803","208","0","Ampuller","Bulbs"
"4803","245","1","Ledli Gece Ampuller","Led Night Bulbs"
"4804","208","0","Ampuller","Bulbs"
"4804","245","1","Ledli Gece Ampuller","Led Night Bulbs"
"4805","208","0","Ampuller","Bulbs"
"4805","245","1","Ledli Gece Ampuller","Led Night Bulbs"
"4806","208","0","Ampuller","Bulbs"
"4806","245","1","Ledli Gece Ampuller","Led Night Bulbs"
"4807","208","0","Ampuller","Bulbs"
"4807","245","1","Ledli Gece Ampuller","Led Night Bulbs"
"4808","208","0","Ampuller","Bulbs"
"4808","245","1","Ledli Gece Ampuller","Led Night Bulbs"
"4809","208","0","Ampuller","Bulbs"
"4809","245","1","Ledli Gece Ampuller","Led Night Bulbs"
"4810","208","0","Ampuller","Bulbs"
"4810","237","1","Led Ampuller","Led Bulbs"
"4811","208","0","Ampuller","Bulbs"
"4811","237","1","Led Ampuller","Led Bulbs"
"4812","208","0","Ampuller","Bulbs"
"4812","237","1","Led Ampuller","Led Bulbs"
"4813","208","0","Ampuller","Bulbs"
"4813","237","1","Led Ampuller","Led Bulbs"
"4814","208","0","Ampuller","Bulbs"
"4814","237","1","Led Ampuller","Led Bulbs"
"4815","208","0","Ampuller","Bulbs"
"4815","237","1","Led Ampuller","Led Bulbs"
"4816","208","0","Ampuller","Bulbs"
"4816","237","1","Led Ampuller","Led Bulbs"
"4817","208","0","Ampuller","Bulbs"
"4817","237","1","Led Ampuller","Led Bulbs"
"4818","208","0","Ampuller","Bulbs"
"4818","237","1","Led Ampuller","Led Bulbs"
"4819","208","0","Ampuller","Bulbs"
"4819","237","1","Led Ampuller","Led Bulbs"
"4820","208","0","Ampuller","Bulbs"
"4820","237","1","Led Ampuller","Led Bulbs"
"4821","208","0","Ampuller","Bulbs"
"4821","237","1","Led Ampuller","Led Bulbs"
"4822","208","0","Ampuller","Bulbs"
"4822","237","1","Led Ampuller","Led Bulbs"
"4823","208","0","Ampuller","Bulbs"
"4823","237","1","Led Ampuller","Led Bulbs"
"4824","208","0","Ampuller","Bulbs"
"4824","237","1","Led Ampuller","Led Bulbs"
"4825","208","0","Ampuller","Bulbs"
"4825","237","1","Led Ampuller","Led Bulbs"
"4826","208","0","Ampuller","Bulbs"
"4826","237","1","Led Ampuller","Led Bulbs"
"4827","208","0","Ampuller","Bulbs"
"4827","237","1","Led Ampuller","Led Bulbs"
"4828","208","0","Ampuller","Bulbs"
"4828","246","1","Led Torch Ampuller","Led Torch Bulbs"
"4829","208","0","Ampuller","Bulbs"
"4829","246","1","Led Torch Ampuller","Led Torch Bulbs"
"4830","208","0","Ampuller","Bulbs"
"4830","246","1","Led Torch Ampuller","Led Torch Bulbs"
"4831","208","0","Ampuller","Bulbs"
"4831","246","1","Led Torch Ampuller","Led Torch Bulbs"
"4832","208","0","Ampuller","Bulbs"
"4832","246","1","Led Torch Ampuller","Led Torch Bulbs"
"4833","208","0","Ampuller","Bulbs"
"4833","246","1","Led Torch Ampuller","Led Torch Bulbs"
"4834","208","0","Ampuller","Bulbs"
"4834","246","1","Led Torch Ampuller","Led Torch Bulbs"
"4835","208","0","Ampuller","Bulbs"
"4835","246","1","Led Torch Ampuller","Led Torch Bulbs"
"4836","208","0","Ampuller","Bulbs"
"4836","246","1","Led Torch Ampuller","Led Torch Bulbs"
"4837","208","0","Ampuller","Bulbs"
"4837","246","1","Led Torch Ampuller","Led Torch Bulbs"
"4838","205","0","İç Aydınlatma","Indoor Lighting"
"4838","247","1","Yüksek Tavan Armatürleri","High-Bay Ceiling Fixtures"
"4839","205","0","İç Aydınlatma","Indoor Lighting"
"4839","247","1","Yüksek Tavan Armatürleri","High-Bay Ceiling Fixtures"
"4840","205","0","İç Aydınlatma","Indoor Lighting"
"4840","247","1","Yüksek Tavan Armatürleri","High-Bay Ceiling Fixtures"
"4841","205","0","İç Aydınlatma","Indoor Lighting"
"4841","247","1","Yüksek Tavan Armatürleri","High-Bay Ceiling Fixtures"
"4842","205","0","İç Aydınlatma","Indoor Lighting"
"4842","247","1","Yüksek Tavan Armatürleri","High-Bay Ceiling Fixtures"
"4843","205","0","İç Aydınlatma","Indoor Lighting"
"4843","247","1","Yüksek Tavan Armatürleri","High-Bay Ceiling Fixtures"
"4844","205","0","İç Aydınlatma","Indoor Lighting"
"4844","247","1","Yüksek Tavan Armatürleri","High-Bay Ceiling Fixtures"
"4845","205","0","İç Aydınlatma","Indoor Lighting"
"4845","247","1","Yüksek Tavan Armatürleri","High-Bay Ceiling Fixtures"
"4846","205","0","İç Aydınlatma","Indoor Lighting"
"4846","247","1","Yüksek Tavan Armatürleri","High-Bay Ceiling Fixtures"
"4847","205","0","İç Aydınlatma","Indoor Lighting"
"4847","247","1","Yüksek Tavan Armatürleri","High-Bay Ceiling Fixtures"
"4848","205","0","İç Aydınlatma","Indoor Lighting"
"4848","247","1","Yüksek Tavan Armatürleri","High-Bay Ceiling Fixtures"
"4849","205","0","İç Aydınlatma","Indoor Lighting"
"4849","247","1","Yüksek Tavan Armatürleri","High-Bay Ceiling Fixtures"
"4850","208","0","Ampuller","Bulbs"
"4850","237","1","Led Ampuller","Led Bulbs"
"4851","208","0","Ampuller","Bulbs"
"4851","237","1","Led Ampuller","Led Bulbs"
"4852","208","0","Ampuller","Bulbs"
"4852","237","1","Led Ampuller","Led Bulbs"
"4853","208","0","Ampuller","Bulbs"
"4853","237","1","Led Ampuller","Led Bulbs"
"4854","208","0","Ampuller","Bulbs"
"4854","237","1","Led Ampuller","Led Bulbs"
"4855","208","0","Ampuller","Bulbs"
"4855","237","1","Led Ampuller","Led Bulbs"
"4856","208","0","Ampuller","Bulbs"
"4856","237","1","Led Ampuller","Led Bulbs"
"4857","208","0","Ampuller","Bulbs"
"4857","237","1","Led Ampuller","Led Bulbs"
"4858","208","0","Ampuller","Bulbs"
"4858","237","1","Led Ampuller","Led Bulbs"
"4859","208","0","Ampuller","Bulbs"
"4859","210","1","Led Buji Ampuller","Led Candle Bulbs"
"4860","208","0","Ampuller","Bulbs"
"4860","210","1","Led Buji Ampuller","Led Candle Bulbs"
"4861","208","0","Ampuller","Bulbs"
"4861","210","1","Led Buji Ampuller","Led Candle Bulbs"
"4862","208","0","Ampuller","Bulbs"
"4862","210","1","Led Buji Ampuller","Led Candle Bulbs"
"4863","208","0","Ampuller","Bulbs"
"4863","210","1","Led Buji Ampuller","Led Candle Bulbs"
"4864","208","0","Ampuller","Bulbs"
"4864","210","1","Led Buji Ampuller","Led Candle Bulbs"
"4865","208","0","Ampuller","Bulbs"
"4865","210","1","Led Buji Ampuller","Led Candle Bulbs"
"4866","208","0","Ampuller","Bulbs"
"4866","210","1","Led Buji Ampuller","Led Candle Bulbs"
"4867","208","0","Ampuller","Bulbs"
"4867","210","1","Led Buji Ampuller","Led Candle Bulbs"
"4868","208","0","Ampuller","Bulbs"
"4868","210","1","Led Buji Ampuller","Led Candle Bulbs"
"4869","208","0","Ampuller","Bulbs"
"4869","237","1","Led Ampuller","Led Bulbs"
"4870","208","0","Ampuller","Bulbs"
"4870","237","1","Led Ampuller","Led Bulbs"
"4871","208","0","Ampuller","Bulbs"
"4871","237","1","Led Ampuller","Led Bulbs"
"4872","208","0","Ampuller","Bulbs"
"4872","237","1","Led Ampuller","Led Bulbs"
"4873","208","0","Ampuller","Bulbs"
"4873","210","1","Led Buji Ampuller","Led Candle Bulbs"
"4874","208","0","Ampuller","Bulbs"
"4874","210","1","Led Buji Ampuller","Led Candle Bulbs"
"4875","208","0","Ampuller","Bulbs"
"4875","237","1","Led Ampuller","Led Bulbs"
"4876","208","0","Ampuller","Bulbs"
"4876","237","1","Led Ampuller","Led Bulbs"
"4877","208","0","Ampuller","Bulbs"
"4877","237","1","Led Ampuller","Led Bulbs"
"4878","208","0","Ampuller","Bulbs"
"4878","248","1","Led Ufo Ampuller","Led Ufo Bulbs"
"4879","208","0","Ampuller","Bulbs"
"4879","248","1","Led Ufo Ampuller","Led Ufo Bulbs"
"4880","208","0","Ampuller","Bulbs"
"4880","248","1","Led Ufo Ampuller","Led Ufo Bulbs"
"4881","208","0","Ampuller","Bulbs"
"4881","248","1","Led Ufo Ampuller","Led Ufo Bulbs"
"4882","208","0","Ampuller","Bulbs"
"4882","248","1","Led Ufo Ampuller","Led Ufo Bulbs"
"4883","208","0","Ampuller","Bulbs"
"4883","248","1","Led Ufo Ampuller","Led Ufo Bulbs"
"4884","208","0","Ampuller","Bulbs"
"4884","248","1","Led Ufo Ampuller","Led Ufo Bulbs"
"4885","208","0","Ampuller","Bulbs"
"4885","248","1","Led Ufo Ampuller","Led Ufo Bulbs"
"4886","208","0","Ampuller","Bulbs"
"4886","244","1","Şarjlı Led Ampuller","Rechargable Led Bulbs"
"4887","208","0","Ampuller","Bulbs"
"4887","244","1","Şarjlı Led Ampuller","Rechargable Led Bulbs"
"4888","208","0","Ampuller","Bulbs"
"4888","244","1","Şarjlı Led Ampuller","Rechargable Led Bulbs"
"4889","208","0","Ampuller","Bulbs"
"4889","244","1","Şarjlı Led Ampuller","Rechargable Led Bulbs"
"4890","208","0","Ampuller","Bulbs"
"4890","244","1","Şarjlı Led Ampuller","Rechargable Led Bulbs"
"4891","208","0","Ampuller","Bulbs"
"4891","244","1","Şarjlı Led Ampuller","Rechargable Led Bulbs"
"4892","208","0","Ampuller","Bulbs"
"4892","248","1","Led Ufo Ampuller","Led Ufo Bulbs"
"4893","208","0","Ampuller","Bulbs"
"4893","248","1","Led Ufo Ampuller","Led Ufo Bulbs"
"4901","208","0","Ampuller","Bulbs"
"4901","248","1","Led Ufo Ampuller","Led Ufo Bulbs"
"4902","208","0","Ampuller","Bulbs"
"4902","248","1","Led Ufo Ampuller","Led Ufo Bulbs"
"4903","208","0","Ampuller","Bulbs"
"4903","248","1","Led Ufo Ampuller","Led Ufo Bulbs"
"4904","208","0","Ampuller","Bulbs"
"4904","248","1","Led Ufo Ampuller","Led Ufo Bulbs"
"4905","208","0","Ampuller","Bulbs"
"4905","248","1","Led Ufo Ampuller","Led Ufo Bulbs"
"4906","208","0","Ampuller","Bulbs"
"4906","248","1","Led Ufo Ampuller","Led Ufo Bulbs"
"4907","208","0","Ampuller","Bulbs"
"4907","248","1","Led Ufo Ampuller","Led Ufo Bulbs"
"4908","208","0","Ampuller","Bulbs"
"4908","248","1","Led Ufo Ampuller","Led Ufo Bulbs"
"4909","208","0","Ampuller","Bulbs"
"4909","248","1","Led Ufo Ampuller","Led Ufo Bulbs"
"4910","208","0","Ampuller","Bulbs"
"4910","248","1","Led Ufo Ampuller","Led Ufo Bulbs"
"4911","208","0","Ampuller","Bulbs"
"4911","248","1","Led Ufo Ampuller","Led Ufo Bulbs"
"4919","208","0","Ampuller","Bulbs"
"4919","237","1","Led Ampuller","Led Bulbs"
"4920","208","0","Ampuller","Bulbs"
"4920","237","1","Led Ampuller","Led Bulbs"
"4921","208","0","Ampuller","Bulbs"
"4921","237","1","Led Ampuller","Led Bulbs"
"4922","208","0","Ampuller","Bulbs"
"4922","237","1","Led Ampuller","Led Bulbs"
"4923","208","0","Ampuller","Bulbs"
"4923","237","1","Led Ampuller","Led Bulbs"
"4924","208","0","Ampuller","Bulbs"
"4924","249","1","Led Flamanlı Ampuller","Led Filament Bulbs"
"4925","208","0","Ampuller","Bulbs"
"4925","249","1","Led Flamanlı Ampuller","Led Filament Bulbs"
"4926","208","0","Ampuller","Bulbs"
"4926","249","1","Led Flamanlı Ampuller","Led Filament Bulbs"
"4927","208","0","Ampuller","Bulbs"
"4927","249","1","Led Flamanlı Ampuller","Led Filament Bulbs"
"4928","208","0","Ampuller","Bulbs"
"4928","249","1","Led Flamanlı Ampuller","Led Filament Bulbs"
"4929","208","0","Ampuller","Bulbs"
"4929","249","1","Led Flamanlı Ampuller","Led Filament Bulbs"
"4930","208","0","Ampuller","Bulbs"
"4930","249","1","Led Flamanlı Ampuller","Led Filament Bulbs"
"4931","208","0","Ampuller","Bulbs"
"4931","249","1","Led Flamanlı Ampuller","Led Filament Bulbs"
"4932","208","0","Ampuller","Bulbs"
"4932","249","1","Led Flamanlı Ampuller","Led Filament Bulbs"
"4933","208","0","Ampuller","Bulbs"
"4933","249","1","Led Flamanlı Ampuller","Led Filament Bulbs"
"4934","208","0","Ampuller","Bulbs"
"4934","249","1","Led Flamanlı Ampuller","Led Filament Bulbs"
"4935","208","0","Ampuller","Bulbs"
"4935","249","1","Led Flamanlı Ampuller","Led Filament Bulbs"
"4936","208","0","Ampuller","Bulbs"
"4936","249","1","Led Flamanlı Ampuller","Led Filament Bulbs"
"4937","208","0","Ampuller","Bulbs"
"4937","249","1","Led Flamanlı Ampuller","Led Filament Bulbs"
"4938","208","0","Ampuller","Bulbs"
"4938","249","1","Led Flamanlı Ampuller","Led Filament Bulbs"
"4939","208","0","Ampuller","Bulbs"
"4939","249","1","Led Flamanlı Ampuller","Led Filament Bulbs"
"4940","208","0","Ampuller","Bulbs"
"4940","249","1","Led Flamanlı Ampuller","Led Filament Bulbs"
"4941","208","0","Ampuller","Bulbs"
"4941","249","1","Led Flamanlı Ampuller","Led Filament Bulbs"
"4942","208","0","Ampuller","Bulbs"
"4942","249","1","Led Flamanlı Ampuller","Led Filament Bulbs"
"4943","208","0","Ampuller","Bulbs"
"4943","249","1","Led Flamanlı Ampuller","Led Filament Bulbs"
"4944","208","0","Ampuller","Bulbs"
"4944","249","1","Led Flamanlı Ampuller","Led Filament Bulbs"
"4945","208","0","Ampuller","Bulbs"
"4945","249","1","Led Flamanlı Ampuller","Led Filament Bulbs"
"4946","208","0","Ampuller","Bulbs"
"4946","249","1","Led Flamanlı Ampuller","Led Filament Bulbs"
"4947","208","0","Ampuller","Bulbs"
"4947","249","1","Led Flamanlı Ampuller","Led Filament Bulbs"
"4948","208","0","Ampuller","Bulbs"
"4948","249","1","Led Flamanlı Ampuller","Led Filament Bulbs"
"4949","208","0","Ampuller","Bulbs"
"4949","249","1","Led Flamanlı Ampuller","Led Filament Bulbs"
"4950","208","0","Ampuller","Bulbs"
"4950","249","1","Led Flamanlı Ampuller","Led Filament Bulbs"
"4951","208","0","Ampuller","Bulbs"
"4951","249","1","Led Flamanlı Ampuller","Led Filament Bulbs"
"4952","208","0","Ampuller","Bulbs"
"4952","249","1","Led Flamanlı Ampuller","Led Filament Bulbs"
"4953","208","0","Ampuller","Bulbs"
"4953","249","1","Led Flamanlı Ampuller","Led Filament Bulbs"
"4954","208","0","Ampuller","Bulbs"
"4954","249","1","Led Flamanlı Ampuller","Led Filament Bulbs"
"4955","208","0","Ampuller","Bulbs"
"4955","249","1","Led Flamanlı Ampuller","Led Filament Bulbs"
"4956","208","0","Ampuller","Bulbs"
"4956","275","1","Dimlenebilir Led Flamanlı Ampuller","Led Dimmable Filament Bulbs"
"4957","208","0","Ampuller","Bulbs"
"4957","275","1","Dimlenebilir Led Flamanlı Ampuller","Led Dimmable Filament Bulbs"
"4958","208","0","Ampuller","Bulbs"
"4958","275","1","Dimlenebilir Led Flamanlı Ampuller","Led Dimmable Filament Bulbs"
"4959","208","0","Ampuller","Bulbs"
"4959","275","1","Dimlenebilir Led Flamanlı Ampuller","Led Dimmable Filament Bulbs"
"4960","208","0","Ampuller","Bulbs"
"4960","275","1","Dimlenebilir Led Flamanlı Ampuller","Led Dimmable Filament Bulbs"
"4961","208","0","Ampuller","Bulbs"
"4961","275","1","Dimlenebilir Led Flamanlı Ampuller","Led Dimmable Filament Bulbs"
"4962","208","0","Ampuller","Bulbs"
"4962","275","1","Dimlenebilir Led Flamanlı Ampuller","Led Dimmable Filament Bulbs"
"4963","208","0","Ampuller","Bulbs"
"4963","275","1","Dimlenebilir Led Flamanlı Ampuller","Led Dimmable Filament Bulbs"
"4964","208","0","Ampuller","Bulbs"
"4964","275","1","Dimlenebilir Led Flamanlı Ampuller","Led Dimmable Filament Bulbs"
"4965","208","0","Ampuller","Bulbs"
"4965","275","1","Dimlenebilir Led Flamanlı Ampuller","Led Dimmable Filament Bulbs"
"4966","226","0","Diğer Ürünler","Other Items"
"4966","250","1","Exit Armatürler","Exit Fixtures"
"4967","226","0","Diğer Ürünler","Other Items"
"4967","250","1","Exit Armatürler","Exit Fixtures"
"4968","208","0","Ampuller","Bulbs"
"4968","242","1","Led Florasan Ampuller","Led Fluorescent Bulbs"
"4969","208","0","Ampuller","Bulbs"
"4969","242","1","Led Florasan Ampuller","Led Fluorescent Bulbs"
"4970","208","0","Ampuller","Bulbs"
"4970","242","1","Led Florasan Ampuller","Led Fluorescent Bulbs"
"4971","208","0","Ampuller","Bulbs"
"4971","242","1","Led Florasan Ampuller","Led Fluorescent Bulbs"
"4972","208","0","Ampuller","Bulbs"
"4972","242","1","Led Florasan Ampuller","Led Fluorescent Bulbs"
"4973","208","0","Ampuller","Bulbs"
"4973","242","1","Led Florasan Ampuller","Led Fluorescent Bulbs"
"4974","205","0","İç Aydınlatma","Indoor Lighting"
"4974","273","1","T5,T8 Ledli Bant Armatürler","T5&amp;T8 Led Fixtures"
"4975","205","0","İç Aydınlatma","Indoor Lighting"
"4975","273","1","T5,T8 Ledli Bant Armatürler","T5&amp;T8 Led Fixtures"
"4976","205","0","İç Aydınlatma","Indoor Lighting"
"4976","273","1","T5,T8 Ledli Bant Armatürler","T5&amp;T8 Led Fixtures"
"4977","205","0","İç Aydınlatma","Indoor Lighting"
"4977","273","1","T5,T8 Ledli Bant Armatürler","T5&amp;T8 Led Fixtures"
"4978","205","0","İç Aydınlatma","Indoor Lighting"
"4978","273","1","T5,T8 Ledli Bant Armatürler","T5&amp;T8 Led Fixtures"
"4979","205","0","İç Aydınlatma","Indoor Lighting"
"4979","273","1","T5,T8 Ledli Bant Armatürler","T5&amp;T8 Led Fixtures"
"4980","205","0","İç Aydınlatma","Indoor Lighting"
"4980","273","1","T5,T8 Ledli Bant Armatürler","T5&amp;T8 Led Fixtures"
"4981","205","0","İç Aydınlatma","Indoor Lighting"
"4981","273","1","T5,T8 Ledli Bant Armatürler","T5&amp;T8 Led Fixtures"
"4982","205","0","İç Aydınlatma","Indoor Lighting"
"4982","273","1","T5,T8 Ledli Bant Armatürler","T5&amp;T8 Led Fixtures"
"4983","205","0","İç Aydınlatma","Indoor Lighting"
"4983","273","1","T5,T8 Ledli Bant Armatürler","T5&amp;T8 Led Fixtures"
"4984","205","0","İç Aydınlatma","Indoor Lighting"
"4984","273","1","T5,T8 Ledli Bant Armatürler","T5&amp;T8 Led Fixtures"
"4985","205","0","İç Aydınlatma","Indoor Lighting"
"4985","273","1","T5,T8 Ledli Bant Armatürler","T5&amp;T8 Led Fixtures"
"4986","208","0","Ampuller","Bulbs"
"4986","242","1","Led Florasan Ampuller","Led Fluorescent Bulbs"
"4987","208","0","Ampuller","Bulbs"
"4987","242","1","Led Florasan Ampuller","Led Fluorescent Bulbs"
"4988","208","0","Ampuller","Bulbs"
"4988","242","1","Led Florasan Ampuller","Led Fluorescent Bulbs"
"4989","208","0","Ampuller","Bulbs"
"4989","242","1","Led Florasan Ampuller","Led Fluorescent Bulbs"
"4990","208","0","Ampuller","Bulbs"
"4990","242","1","Led Florasan Ampuller","Led Fluorescent Bulbs"
"4991","208","0","Ampuller","Bulbs"
"4991","242","1","Led Florasan Ampuller","Led Fluorescent Bulbs"
"4992","208","0","Ampuller","Bulbs"
"4992","242","1","Led Florasan Ampuller","Led Fluorescent Bulbs"
"4993","205","0","İç Aydınlatma","Indoor Lighting"
"4993","273","1","T5,T8 Ledli Bant Armatürler","T5&amp;T8 Led Fixtures"
"4994","205","0","İç Aydınlatma","Indoor Lighting"
"4994","273","1","T5,T8 Ledli Bant Armatürler","T5&amp;T8 Led Fixtures"
"4995","205","0","İç Aydınlatma","Indoor Lighting"
"4995","273","1","T5,T8 Ledli Bant Armatürler","T5&amp;T8 Led Fixtures"
"4996","205","0","İç Aydınlatma","Indoor Lighting"
"4996","273","1","T5,T8 Ledli Bant Armatürler","T5&amp;T8 Led Fixtures"
"4997","205","0","İç Aydınlatma","Indoor Lighting"
"4997","273","1","T5,T8 Ledli Bant Armatürler","T5&amp;T8 Led Fixtures"
"4998","205","0","İç Aydınlatma","Indoor Lighting"
"4998","273","1","T5,T8 Ledli Bant Armatürler","T5&amp;T8 Led Fixtures"
"4999","205","0","İç Aydınlatma","Indoor Lighting"
"4999","273","1","T5,T8 Ledli Bant Armatürler","T5&amp;T8 Led Fixtures"
"5000","205","0","İç Aydınlatma","Indoor Lighting"
"5000","273","1","T5,T8 Ledli Bant Armatürler","T5&amp;T8 Led Fixtures"
"5001","205","0","İç Aydınlatma","Indoor Lighting"
"5001","211","1","Ledli Yatay Bant Armatürler","Led Wall Pictures"
"5002","205","0","İç Aydınlatma","Indoor Lighting"
"5002","211","1","Ledli Yatay Bant Armatürler","Led Wall Pictures"
"5003","205","0","İç Aydınlatma","Indoor Lighting"
"5003","211","1","Ledli Yatay Bant Armatürler","Led Wall Pictures"
"5004","205","0","İç Aydınlatma","Indoor Lighting"
"5004","211","1","Ledli Yatay Bant Armatürler","Led Wall Pictures"
"5005","205","0","İç Aydınlatma","Indoor Lighting"
"5005","211","1","Ledli Yatay Bant Armatürler","Led Wall Pictures"
"5006","205","0","İç Aydınlatma","Indoor Lighting"
"5006","211","1","Ledli Yatay Bant Armatürler","Led Wall Pictures"
"5007","205","0","İç Aydınlatma","Indoor Lighting"
"5007","211","1","Ledli Yatay Bant Armatürler","Led Wall Pictures"
"5008","205","0","İç Aydınlatma","Indoor Lighting"
"5008","211","1","Ledli Yatay Bant Armatürler","Led Wall Pictures"
"5009","205","0","İç Aydınlatma","Indoor Lighting"
"5009","211","1","Ledli Yatay Bant Armatürler","Led Wall Pictures"
"5010","205","0","İç Aydınlatma","Indoor Lighting"
"5010","211","1","Ledli Yatay Bant Armatürler","Led Wall Pictures"
"5011","208","0","Ampuller","Bulbs"
"5011","252","1","Ledli Etanj Armatürler","Led Waterproof Fixtures"
"5012","208","0","Ampuller","Bulbs"
"5012","252","1","Ledli Etanj Armatürler","Led Waterproof Fixtures"
"5013","208","0","Ampuller","Bulbs"
"5013","252","1","Ledli Etanj Armatürler","Led Waterproof Fixtures"
"5014","208","0","Ampuller","Bulbs"
"5014","252","1","Ledli Etanj Armatürler","Led Waterproof Fixtures"
"5015","208","0","Ampuller","Bulbs"
"5015","252","1","Ledli Etanj Armatürler","Led Waterproof Fixtures"
"5016","208","0","Ampuller","Bulbs"
"5016","252","1","Ledli Etanj Armatürler","Led Waterproof Fixtures"
"5017","208","0","Ampuller","Bulbs"
"5017","252","1","Ledli Etanj Armatürler","Led Waterproof Fixtures"
"5018","208","0","Ampuller","Bulbs"
"5018","252","1","Ledli Etanj Armatürler","Led Waterproof Fixtures"
"5019","208","0","Ampuller","Bulbs"
"5019","252","1","Ledli Etanj Armatürler","Led Waterproof Fixtures"
"5020","208","0","Ampuller","Bulbs"
"5020","252","1","Ledli Etanj Armatürler","Led Waterproof Fixtures"
"5021","208","0","Ampuller","Bulbs"
"5021","252","1","Ledli Etanj Armatürler","Led Waterproof Fixtures"
"5022","208","0","Ampuller","Bulbs"
"5022","252","1","Ledli Etanj Armatürler","Led Waterproof Fixtures"
"5023","205","0","İç Aydınlatma","Indoor Lighting"
"5023","252","1","Ledli Etanj Armatürler","Led Waterproof Fixtures"
"5024","205","0","İç Aydınlatma","Indoor Lighting"
"5024","252","1","Ledli Etanj Armatürler","Led Waterproof Fixtures"
"5025","205","0","İç Aydınlatma","Indoor Lighting"
"5025","252","1","Ledli Etanj Armatürler","Led Waterproof Fixtures"
"5026","205","0","İç Aydınlatma","Indoor Lighting"
"5026","252","1","Ledli Etanj Armatürler","Led Waterproof Fixtures"
"5027","208","0","Ampuller","Bulbs"
"5027","252","1","Ledli Etanj Armatürler","Led Waterproof Fixtures"
"5028","208","0","Ampuller","Bulbs"
"5028","252","1","Ledli Etanj Armatürler","Led Waterproof Fixtures"
"5029","208","0","Ampuller","Bulbs"
"5029","252","1","Ledli Etanj Armatürler","Led Waterproof Fixtures"
"5030","208","0","Ampuller","Bulbs"
"5030","252","1","Ledli Etanj Armatürler","Led Waterproof Fixtures"
"5031","208","0","Ampuller","Bulbs"
"5031","252","1","Ledli Etanj Armatürler","Led Waterproof Fixtures"
"5032","205","0","İç Aydınlatma","Indoor Lighting"
"5032","211","1","Ledli Yatay Bant Armatürler","Led Wall Pictures"
"5033","205","0","İç Aydınlatma","Indoor Lighting"
"5033","211","1","Ledli Yatay Bant Armatürler","Led Wall Pictures"
"5034","205","0","İç Aydınlatma","Indoor Lighting"
"5034","211","1","Ledli Yatay Bant Armatürler","Led Wall Pictures"
"5035","205","0","İç Aydınlatma","Indoor Lighting"
"5035","211","1","Ledli Yatay Bant Armatürler","Led Wall Pictures"
"5036","205","0","İç Aydınlatma","Indoor Lighting"
"5036","211","1","Ledli Yatay Bant Armatürler","Led Wall Pictures"
"5037","205","0","İç Aydınlatma","Indoor Lighting"
"5037","211","1","Ledli Yatay Bant Armatürler","Led Wall Pictures"
"5038","226","0","Diğer Ürünler","Other Items"
"5038","265","1","Zaman Saatleri ve Sensörler","Magnetic Timer &amp; Sensors"
"5039","226","0","Diğer Ürünler","Other Items"
"5039","265","1","Zaman Saatleri ve Sensörler","Magnetic Timer &amp; Sensors"
"5040","226","0","Diğer Ürünler","Other Items"
"5040","265","1","Zaman Saatleri ve Sensörler","Magnetic Timer &amp; Sensors"
"5041","205","0","İç Aydınlatma","Indoor Lighting"
"5041","236","1","COB Led Armatürler","COB Led Fixtures"
"5042","205","0","İç Aydınlatma","Indoor Lighting"
"5042","236","1","COB Led Armatürler","COB Led Fixtures"
"5043","205","0","İç Aydınlatma","Indoor Lighting"
"5043","236","1","COB Led Armatürler","COB Led Fixtures"
"5044","208","0","Ampuller","Bulbs"
"5044","216","1","Halojen Ampuller","Halogen Bulbs"
"5045","208","0","Ampuller","Bulbs"
"5045","216","1","Halojen Ampuller","Halogen Bulbs"
"5046","208","0","Ampuller","Bulbs"
"5046","216","1","Halojen Ampuller","Halogen Bulbs"
"5047","208","0","Ampuller","Bulbs"
"5047","216","1","Halojen Ampuller","Halogen Bulbs"
"5048","208","0","Ampuller","Bulbs"
"5048","216","1","Halojen Ampuller","Halogen Bulbs"
"5049","226","0","Diğer Ürünler","Other Items"
"5049","227","1","Muhtelif Ürünler","Other Items"
"5050","226","0","Diğer Ürünler","Other Items"
"5050","227","1","Muhtelif Ürünler","Other Items"
"5051","205","0","İç Aydınlatma","Indoor Lighting"
"5051","247","1","Yüksek Tavan Armatürleri","High-Bay Ceiling Fixtures"
"5052","205","0","İç Aydınlatma","Indoor Lighting"
"5052","247","1","Yüksek Tavan Armatürleri","High-Bay Ceiling Fixtures"
"5053","205","0","İç Aydınlatma","Indoor Lighting"
"5053","247","1","Yüksek Tavan Armatürleri","High-Bay Ceiling Fixtures"
"5054","205","0","İç Aydınlatma","Indoor Lighting"
"5054","247","1","Yüksek Tavan Armatürleri","High-Bay Ceiling Fixtures"
"5055","205","0","İç Aydınlatma","Indoor Lighting"
"5055","247","1","Yüksek Tavan Armatürleri","High-Bay Ceiling Fixtures"
"5056","205","0","İç Aydınlatma","Indoor Lighting"
"5056","247","1","Yüksek Tavan Armatürleri","High-Bay Ceiling Fixtures"
"5057","205","0","İç Aydınlatma","Indoor Lighting"
"5057","247","1","Yüksek Tavan Armatürleri","High-Bay Ceiling Fixtures"
"5058","205","0","İç Aydınlatma","Indoor Lighting"
"5058","247","1","Yüksek Tavan Armatürleri","High-Bay Ceiling Fixtures"
"5059","205","0","İç Aydınlatma","Indoor Lighting"
"5059","247","1","Yüksek Tavan Armatürleri","High-Bay Ceiling Fixtures"
"5060","205","0","İç Aydınlatma","Indoor Lighting"
"5060","247","1","Yüksek Tavan Armatürleri","High-Bay Ceiling Fixtures"
"5061","205","0","İç Aydınlatma","Indoor Lighting"
"5061","247","1","Yüksek Tavan Armatürleri","High-Bay Ceiling Fixtures"
"5062","205","0","İç Aydınlatma","Indoor Lighting"
"5062","247","1","Yüksek Tavan Armatürleri","High-Bay Ceiling Fixtures"
"5063","205","0","İç Aydınlatma","Indoor Lighting"
"5063","228","1","Kristal Cam Spotlar","Crystal Glass Spot Lights"
"5064","205","0","İç Aydınlatma","Indoor Lighting"
"5064","228","1","Kristal Cam Spotlar","Crystal Glass Spot Lights"
"5065","205","0","İç Aydınlatma","Indoor Lighting"
"5065","228","1","Kristal Cam Spotlar","Crystal Glass Spot Lights"
"5066","205","0","İç Aydınlatma","Indoor Lighting"
"5066","228","1","Kristal Cam Spotlar","Crystal Glass Spot Lights"
"5067","205","0","İç Aydınlatma","Indoor Lighting"
"5067","228","1","Kristal Cam Spotlar","Crystal Glass Spot Lights"
"5068","205","0","İç Aydınlatma","Indoor Lighting"
"5068","228","1","Kristal Cam Spotlar","Crystal Glass Spot Lights"
"5069","205","0","İç Aydınlatma","Indoor Lighting"
"5069","228","1","Kristal Cam Spotlar","Crystal Glass Spot Lights"
"5070","205","0","İç Aydınlatma","Indoor Lighting"
"5070","228","1","Kristal Cam Spotlar","Crystal Glass Spot Lights"
"5071","205","0","İç Aydınlatma","Indoor Lighting"
"5071","228","1","Kristal Cam Spotlar","Crystal Glass Spot Lights"
"5072","205","0","İç Aydınlatma","Indoor Lighting"
"5072","228","1","Kristal Cam Spotlar","Crystal Glass Spot Lights"
"5073","205","0","İç Aydınlatma","Indoor Lighting"
"5073","228","1","Kristal Cam Spotlar","Crystal Glass Spot Lights"
"5074","205","0","İç Aydınlatma","Indoor Lighting"
"5074","228","1","Kristal Cam Spotlar","Crystal Glass Spot Lights"
"5075","205","0","İç Aydınlatma","Indoor Lighting"
"5075","228","1","Kristal Cam Spotlar","Crystal Glass Spot Lights"
"5076","205","0","İç Aydınlatma","Indoor Lighting"
"5076","228","1","Kristal Cam Spotlar","Crystal Glass Spot Lights"
"5077","205","0","İç Aydınlatma","Indoor Lighting"
"5077","228","1","Kristal Cam Spotlar","Crystal Glass Spot Lights"
"5078","205","0","İç Aydınlatma","Indoor Lighting"
"5078","228","1","Kristal Cam Spotlar","Crystal Glass Spot Lights"
"5079","205","0","İç Aydınlatma","Indoor Lighting"
"5079","228","1","Kristal Cam Spotlar","Crystal Glass Spot Lights"
"5080","205","0","İç Aydınlatma","Indoor Lighting"
"5080","228","1","Kristal Cam Spotlar","Crystal Glass Spot Lights"
"5081","205","0","İç Aydınlatma","Indoor Lighting"
"5081","228","1","Kristal Cam Spotlar","Crystal Glass Spot Lights"
"5082","226","0","Diğer Ürünler","Other Items"
"5082","254","1","Aydınlatma Kumandaları","Lighting Remote Controls"
"5083","226","0","Diğer Ürünler","Other Items"
"5083","254","1","Aydınlatma Kumandaları","Lighting Remote Controls"
"5084","226","0","Diğer Ürünler","Other Items"
"5084","254","1","Aydınlatma Kumandaları","Lighting Remote Controls"
"5085","226","0","Diğer Ürünler","Other Items"
"5085","254","1","Aydınlatma Kumandaları","Lighting Remote Controls"
"5086","226","0","Diğer Ürünler","Other Items"
"5086","254","1","Aydınlatma Kumandaları","Lighting Remote Controls"
"5087","226","0","Diğer Ürünler","Other Items"
"5087","254","1","Aydınlatma Kumandaları","Lighting Remote Controls"
"5088","226","0","Diğer Ürünler","Other Items"
"5088","254","1","Aydınlatma Kumandaları","Lighting Remote Controls"
"5089","219","0","Şerit Led","Led Strip"
"5089","255","1","Şerit Led Trafoları","Led Strip Drivers"
"5090","219","0","Şerit Led","Led Strip"
"5090","255","1","Şerit Led Trafoları","Led Strip Drivers"
"5091","219","0","Şerit Led","Led Strip"
"5091","255","1","Şerit Led Trafoları","Led Strip Drivers"
"5092","219","0","Şerit Led","Led Strip"
"5092","255","1","Şerit Led Trafoları","Led Strip Drivers"
"5093","219","0","Şerit Led","Led Strip"
"5093","255","1","Şerit Led Trafoları","Led Strip Drivers"
"5094","219","0","Şerit Led","Led Strip"
"5094","255","1","Şerit Led Trafoları","Led Strip Drivers"
"5095","219","0","Şerit Led","Led Strip"
"5095","255","1","Şerit Led Trafoları","Led Strip Drivers"
"5096","219","0","Şerit Led","Led Strip"
"5096","255","1","Şerit Led Trafoları","Led Strip Drivers"
"5097","219","0","Şerit Led","Led Strip"
"5097","255","1","Şerit Led Trafoları","Led Strip Drivers"
"5098","219","0","Şerit Led","Led Strip"
"5098","255","1","Şerit Led Trafoları","Led Strip Drivers"
"5099","219","0","Şerit Led","Led Strip"
"5099","255","1","Şerit Led Trafoları","Led Strip Drivers"
"5100","213","0","Dış Aydınlatma","Outdoor Lighting"
"5100","256","1","Ledli Projektörler","Led Flood Lights"
"5101","213","0","Dış Aydınlatma","Outdoor Lighting"
"5101","256","1","Ledli Projektörler","Led Flood Lights"
"5102","213","0","Dış Aydınlatma","Outdoor Lighting"
"5102","256","1","Ledli Projektörler","Led Flood Lights"
"5103","213","0","Dış Aydınlatma","Outdoor Lighting"
"5103","256","1","Ledli Projektörler","Led Flood Lights"
"5104","213","0","Dış Aydınlatma","Outdoor Lighting"
"5104","256","1","Ledli Projektörler","Led Flood Lights"
"5105","213","0","Dış Aydınlatma","Outdoor Lighting"
"5105","256","1","Ledli Projektörler","Led Flood Lights"
"5106","213","0","Dış Aydınlatma","Outdoor Lighting"
"5106","256","1","Ledli Projektörler","Led Flood Lights"
"5107","213","0","Dış Aydınlatma","Outdoor Lighting"
"5107","256","1","Ledli Projektörler","Led Flood Lights"
"5108","213","0","Dış Aydınlatma","Outdoor Lighting"
"5108","256","1","Ledli Projektörler","Led Flood Lights"
"5109","213","0","Dış Aydınlatma","Outdoor Lighting"
"5109","256","1","Ledli Projektörler","Led Flood Lights"
"5110","213","0","Dış Aydınlatma","Outdoor Lighting"
"5110","256","1","Ledli Projektörler","Led Flood Lights"
"5111","213","0","Dış Aydınlatma","Outdoor Lighting"
"5111","256","1","Ledli Projektörler","Led Flood Lights"
"5112","213","0","Dış Aydınlatma","Outdoor Lighting"
"5112","256","1","Ledli Projektörler","Led Flood Lights"
"5113","213","0","Dış Aydınlatma","Outdoor Lighting"
"5113","256","1","Ledli Projektörler","Led Flood Lights"
"5114","213","0","Dış Aydınlatma","Outdoor Lighting"
"5114","256","1","Ledli Projektörler","Led Flood Lights"
"5115","213","0","Dış Aydınlatma","Outdoor Lighting"
"5115","256","1","Ledli Projektörler","Led Flood Lights"
"5116","213","0","Dış Aydınlatma","Outdoor Lighting"
"5116","256","1","Ledli Projektörler","Led Flood Lights"
"5117","213","0","Dış Aydınlatma","Outdoor Lighting"
"5117","256","1","Ledli Projektörler","Led Flood Lights"
"5118","213","0","Dış Aydınlatma","Outdoor Lighting"
"5118","256","1","Ledli Projektörler","Led Flood Lights"
"5119","213","0","Dış Aydınlatma","Outdoor Lighting"
"5119","256","1","Ledli Projektörler","Led Flood Lights"
"5120","213","0","Dış Aydınlatma","Outdoor Lighting"
"5120","256","1","Ledli Projektörler","Led Flood Lights"
"5121","213","0","Dış Aydınlatma","Outdoor Lighting"
"5121","256","1","Ledli Projektörler","Led Flood Lights"
"5122","213","0","Dış Aydınlatma","Outdoor Lighting"
"5122","256","1","Ledli Projektörler","Led Flood Lights"
"5123","213","0","Dış Aydınlatma","Outdoor Lighting"
"5123","256","1","Ledli Projektörler","Led Flood Lights"
"5124","213","0","Dış Aydınlatma","Outdoor Lighting"
"5124","256","1","Ledli Projektörler","Led Flood Lights"
"5125","213","0","Dış Aydınlatma","Outdoor Lighting"
"5125","256","1","Ledli Projektörler","Led Flood Lights"
"5126","213","0","Dış Aydınlatma","Outdoor Lighting"
"5126","256","1","Ledli Projektörler","Led Flood Lights"
"5127","213","0","Dış Aydınlatma","Outdoor Lighting"
"5127","256","1","Ledli Projektörler","Led Flood Lights"
"5128","213","0","Dış Aydınlatma","Outdoor Lighting"
"5128","256","1","Ledli Projektörler","Led Flood Lights"
"5129","213","0","Dış Aydınlatma","Outdoor Lighting"
"5129","256","1","Ledli Projektörler","Led Flood Lights"
"5130","213","0","Dış Aydınlatma","Outdoor Lighting"
"5130","256","1","Ledli Projektörler","Led Flood Lights"
"5131","213","0","Dış Aydınlatma","Outdoor Lighting"
"5131","256","1","Ledli Projektörler","Led Flood Lights"
"5132","213","0","Dış Aydınlatma","Outdoor Lighting"
"5132","256","1","Ledli Projektörler","Led Flood Lights"
"5133","213","0","Dış Aydınlatma","Outdoor Lighting"
"5133","256","1","Ledli Projektörler","Led Flood Lights"
"5134","213","0","Dış Aydınlatma","Outdoor Lighting"
"5134","256","1","Ledli Projektörler","Led Flood Lights"
"5135","213","0","Dış Aydınlatma","Outdoor Lighting"
"5135","256","1","Ledli Projektörler","Led Flood Lights"
"5136","213","0","Dış Aydınlatma","Outdoor Lighting"
"5136","256","1","Ledli Projektörler","Led Flood Lights"
"5137","213","0","Dış Aydınlatma","Outdoor Lighting"
"5137","256","1","Ledli Projektörler","Led Flood Lights"
"5138","213","0","Dış Aydınlatma","Outdoor Lighting"
"5138","256","1","Ledli Projektörler","Led Flood Lights"
"5139","213","0","Dış Aydınlatma","Outdoor Lighting"
"5139","256","1","Ledli Projektörler","Led Flood Lights"
"5140","213","0","Dış Aydınlatma","Outdoor Lighting"
"5140","256","1","Ledli Projektörler","Led Flood Lights"
"5141","213","0","Dış Aydınlatma","Outdoor Lighting"
"5141","256","1","Ledli Projektörler","Led Flood Lights"
"5142","213","0","Dış Aydınlatma","Outdoor Lighting"
"5142","256","1","Ledli Projektörler","Led Flood Lights"
"5143","213","0","Dış Aydınlatma","Outdoor Lighting"
"5143","256","1","Ledli Projektörler","Led Flood Lights"
"5144","213","0","Dış Aydınlatma","Outdoor Lighting"
"5144","256","1","Ledli Projektörler","Led Flood Lights"
"5145","213","0","Dış Aydınlatma","Outdoor Lighting"
"5145","256","1","Ledli Projektörler","Led Flood Lights"
"5146","213","0","Dış Aydınlatma","Outdoor Lighting"
"5146","256","1","Ledli Projektörler","Led Flood Lights"
"5147","213","0","Dış Aydınlatma","Outdoor Lighting"
"5147","256","1","Ledli Projektörler","Led Flood Lights"
"5148","213","0","Dış Aydınlatma","Outdoor Lighting"
"5148","256","1","Ledli Projektörler","Led Flood Lights"
"5149","213","0","Dış Aydınlatma","Outdoor Lighting"
"5149","256","1","Ledli Projektörler","Led Flood Lights"
"5150","213","0","Dış Aydınlatma","Outdoor Lighting"
"5150","269","1","Slim Ledli Projektörler","Slim Led Flood Lights"
"5151","213","0","Dış Aydınlatma","Outdoor Lighting"
"5151","269","1","Slim Ledli Projektörler","Slim Led Flood Lights"
"5152","213","0","Dış Aydınlatma","Outdoor Lighting"
"5152","269","1","Slim Ledli Projektörler","Slim Led Flood Lights"
"5153","213","0","Dış Aydınlatma","Outdoor Lighting"
"5153","269","1","Slim Ledli Projektörler","Slim Led Flood Lights"
"5154","213","0","Dış Aydınlatma","Outdoor Lighting"
"5154","269","1","Slim Ledli Projektörler","Slim Led Flood Lights"
"5155","213","0","Dış Aydınlatma","Outdoor Lighting"
"5155","269","1","Slim Ledli Projektörler","Slim Led Flood Lights"
"5156","213","0","Dış Aydınlatma","Outdoor Lighting"
"5156","269","1","Slim Ledli Projektörler","Slim Led Flood Lights"
"5157","213","0","Dış Aydınlatma","Outdoor Lighting"
"5157","269","1","Slim Ledli Projektörler","Slim Led Flood Lights"
"5158","213","0","Dış Aydınlatma","Outdoor Lighting"
"5158","269","1","Slim Ledli Projektörler","Slim Led Flood Lights"
"5159","213","0","Dış Aydınlatma","Outdoor Lighting"
"5159","269","1","Slim Ledli Projektörler","Slim Led Flood Lights"
"5160","213","0","Dış Aydınlatma","Outdoor Lighting"
"5160","269","1","Slim Ledli Projektörler","Slim Led Flood Lights"
"5161","213","0","Dış Aydınlatma","Outdoor Lighting"
"5161","269","1","Slim Ledli Projektörler","Slim Led Flood Lights"
"5162","213","0","Dış Aydınlatma","Outdoor Lighting"
"5162","269","1","Slim Ledli Projektörler","Slim Led Flood Lights"
"5163","213","0","Dış Aydınlatma","Outdoor Lighting"
"5163","269","1","Slim Ledli Projektörler","Slim Led Flood Lights"
"5164","213","0","Dış Aydınlatma","Outdoor Lighting"
"5164","269","1","Slim Ledli Projektörler","Slim Led Flood Lights"
"5165","213","0","Dış Aydınlatma","Outdoor Lighting"
"5165","269","1","Slim Ledli Projektörler","Slim Led Flood Lights"
"5166","213","0","Dış Aydınlatma","Outdoor Lighting"
"5166","269","1","Slim Ledli Projektörler","Slim Led Flood Lights"
"5167","213","0","Dış Aydınlatma","Outdoor Lighting"
"5167","269","1","Slim Ledli Projektörler","Slim Led Flood Lights"
"5168","213","0","Dış Aydınlatma","Outdoor Lighting"
"5168","269","1","Slim Ledli Projektörler","Slim Led Flood Lights"
"5169","213","0","Dış Aydınlatma","Outdoor Lighting"
"5169","269","1","Slim Ledli Projektörler","Slim Led Flood Lights"
"5170","213","0","Dış Aydınlatma","Outdoor Lighting"
"5170","269","1","Slim Ledli Projektörler","Slim Led Flood Lights"
"5171","213","0","Dış Aydınlatma","Outdoor Lighting"
"5171","256","1","Ledli Projektörler","Led Flood Lights"
"5172","213","0","Dış Aydınlatma","Outdoor Lighting"
"5172","256","1","Ledli Projektörler","Led Flood Lights"
"5173","213","0","Dış Aydınlatma","Outdoor Lighting"
"5173","256","1","Ledli Projektörler","Led Flood Lights"
"5174","213","0","Dış Aydınlatma","Outdoor Lighting"
"5174","256","1","Ledli Projektörler","Led Flood Lights"
"5175","213","0","Dış Aydınlatma","Outdoor Lighting"
"5175","256","1","Ledli Projektörler","Led Flood Lights"
"5176","213","0","Dış Aydınlatma","Outdoor Lighting"
"5176","256","1","Ledli Projektörler","Led Flood Lights"
"5177","213","0","Dış Aydınlatma","Outdoor Lighting"
"5177","256","1","Ledli Projektörler","Led Flood Lights"
"5178","213","0","Dış Aydınlatma","Outdoor Lighting"
"5178","256","1","Ledli Projektörler","Led Flood Lights"
"5179","213","0","Dış Aydınlatma","Outdoor Lighting"
"5179","256","1","Ledli Projektörler","Led Flood Lights"
"5180","213","0","Dış Aydınlatma","Outdoor Lighting"
"5180","256","1","Ledli Projektörler","Led Flood Lights"
"5181","213","0","Dış Aydınlatma","Outdoor Lighting"
"5181","256","1","Ledli Projektörler","Led Flood Lights"
"5182","213","0","Dış Aydınlatma","Outdoor Lighting"
"5182","256","1","Ledli Projektörler","Led Flood Lights"
"5183","213","0","Dış Aydınlatma","Outdoor Lighting"
"5183","256","1","Ledli Projektörler","Led Flood Lights"
"5184","226","0","Diğer Ürünler","Other Items"
"5184","227","1","Muhtelif Ürünler","Other Items"
"5185","226","0","Diğer Ürünler","Other Items"
"5185","227","1","Muhtelif Ürünler","Other Items"
"5186","205","0","İç Aydınlatma","Indoor Lighting"
"5186","232","1","Dekoratif Sarkıt Armatürler ve Aplikler","Decorative Pendant Fixtures &amp; Appliques"
"5187","205","0","İç Aydınlatma","Indoor Lighting"
"5187","232","1","Dekoratif Sarkıt Armatürler ve Aplikler","Decorative Pendant Fixtures &amp; Appliques"
"5188","226","0","Diğer Ürünler","Other Items"
"5188","254","1","Aydınlatma Kumandaları","Lighting Remote Controls"
"5189","205","0","İç Aydınlatma","Indoor Lighting"
"5189","215","1","Ledli Koridor Armatürleri ve Yıldız Spotlar","Led Corridor Lights &amp; Star Spot Lights"
"5190","205","0","İç Aydınlatma","Indoor Lighting"
"5190","215","1","Ledli Koridor Armatürleri ve Yıldız Spotlar","Led Corridor Lights &amp; Star Spot Lights"
"5191","205","0","İç Aydınlatma","Indoor Lighting"
"5191","215","1","Ledli Koridor Armatürleri ve Yıldız Spotlar","Led Corridor Lights &amp; Star Spot Lights"
"5192","205","0","İç Aydınlatma","Indoor Lighting"
"5192","215","1","Ledli Koridor Armatürleri ve Yıldız Spotlar","Led Corridor Lights &amp; Star Spot Lights"
"5193","205","0","İç Aydınlatma","Indoor Lighting"
"5193","215","1","Ledli Koridor Armatürleri ve Yıldız Spotlar","Led Corridor Lights &amp; Star Spot Lights"
"5194","205","0","İç Aydınlatma","Indoor Lighting"
"5194","215","1","Ledli Koridor Armatürleri ve Yıldız Spotlar","Led Corridor Lights &amp; Star Spot Lights"
"5195","205","0","İç Aydınlatma","Indoor Lighting"
"5195","215","1","Ledli Koridor Armatürleri ve Yıldız Spotlar","Led Corridor Lights &amp; Star Spot Lights"
"5196","205","0","İç Aydınlatma","Indoor Lighting"
"5196","215","1","Ledli Koridor Armatürleri ve Yıldız Spotlar","Led Corridor Lights &amp; Star Spot Lights"
"5197","205","0","İç Aydınlatma","Indoor Lighting"
"5197","215","1","Ledli Koridor Armatürleri ve Yıldız Spotlar","Led Corridor Lights &amp; Star Spot Lights"
"5198","205","0","İç Aydınlatma","Indoor Lighting"
"5198","215","1","Ledli Koridor Armatürleri ve Yıldız Spotlar","Led Corridor Lights &amp; Star Spot Lights"
"5199","205","0","İç Aydınlatma","Indoor Lighting"
"5199","215","1","Ledli Koridor Armatürleri ve Yıldız Spotlar","Led Corridor Lights &amp; Star Spot Lights"
"5200","205","0","İç Aydınlatma","Indoor Lighting"
"5200","215","1","Ledli Koridor Armatürleri ve Yıldız Spotlar","Led Corridor Lights &amp; Star Spot Lights"
"5201","205","0","İç Aydınlatma","Indoor Lighting"
"5201","215","1","Ledli Koridor Armatürleri ve Yıldız Spotlar","Led Corridor Lights &amp; Star Spot Lights"
"5202","205","0","İç Aydınlatma","Indoor Lighting"
"5202","215","1","Ledli Koridor Armatürleri ve Yıldız Spotlar","Led Corridor Lights &amp; Star Spot Lights"
"5203","205","0","İç Aydınlatma","Indoor Lighting"
"5203","215","1","Ledli Koridor Armatürleri ve Yıldız Spotlar","Led Corridor Lights &amp; Star Spot Lights"
"5204","205","0","İç Aydınlatma","Indoor Lighting"
"5204","215","1","Ledli Koridor Armatürleri ve Yıldız Spotlar","Led Corridor Lights &amp; Star Spot Lights"
"5205","205","0","İç Aydınlatma","Indoor Lighting"
"5205","215","1","Ledli Koridor Armatürleri ve Yıldız Spotlar","Led Corridor Lights &amp; Star Spot Lights"
"5206","205","0","İç Aydınlatma","Indoor Lighting"
"5206","215","1","Ledli Koridor Armatürleri ve Yıldız Spotlar","Led Corridor Lights &amp; Star Spot Lights"
"5207","205","0","İç Aydınlatma","Indoor Lighting"
"5207","215","1","Ledli Koridor Armatürleri ve Yıldız Spotlar","Led Corridor Lights &amp; Star Spot Lights"
"5208","205","0","İç Aydınlatma","Indoor Lighting"
"5208","215","1","Ledli Koridor Armatürleri ve Yıldız Spotlar","Led Corridor Lights &amp; Star Spot Lights"
"5209","205","0","İç Aydınlatma","Indoor Lighting"
"5209","215","1","Ledli Koridor Armatürleri ve Yıldız Spotlar","Led Corridor Lights &amp; Star Spot Lights"
"5210","205","0","İç Aydınlatma","Indoor Lighting"
"5210","215","1","Ledli Koridor Armatürleri ve Yıldız Spotlar","Led Corridor Lights &amp; Star Spot Lights"
"5211","205","0","İç Aydınlatma","Indoor Lighting"
"5211","215","1","Ledli Koridor Armatürleri ve Yıldız Spotlar","Led Corridor Lights &amp; Star Spot Lights"
"5212","205","0","İç Aydınlatma","Indoor Lighting"
"5212","215","1","Ledli Koridor Armatürleri ve Yıldız Spotlar","Led Corridor Lights &amp; Star Spot Lights"
"5213","205","0","İç Aydınlatma","Indoor Lighting"
"5213","215","1","Ledli Koridor Armatürleri ve Yıldız Spotlar","Led Corridor Lights &amp; Star Spot Lights"
"5214","205","0","İç Aydınlatma","Indoor Lighting"
"5214","215","1","Ledli Koridor Armatürleri ve Yıldız Spotlar","Led Corridor Lights &amp; Star Spot Lights"
"5215","205","0","İç Aydınlatma","Indoor Lighting"
"5215","215","1","Ledli Koridor Armatürleri ve Yıldız Spotlar","Led Corridor Lights &amp; Star Spot Lights"
"5216","205","0","İç Aydınlatma","Indoor Lighting"
"5216","215","1","Ledli Koridor Armatürleri ve Yıldız Spotlar","Led Corridor Lights &amp; Star Spot Lights"
"5217","205","0","İç Aydınlatma","Indoor Lighting"
"5217","215","1","Ledli Koridor Armatürleri ve Yıldız Spotlar","Led Corridor Lights &amp; Star Spot Lights"
"5218","205","0","İç Aydınlatma","Indoor Lighting"
"5218","215","1","Ledli Koridor Armatürleri ve Yıldız Spotlar","Led Corridor Lights &amp; Star Spot Lights"
"5219","205","0","İç Aydınlatma","Indoor Lighting"
"5219","215","1","Ledli Koridor Armatürleri ve Yıldız Spotlar","Led Corridor Lights &amp; Star Spot Lights"
"5220","205","0","İç Aydınlatma","Indoor Lighting"
"5220","215","1","Ledli Koridor Armatürleri ve Yıldız Spotlar","Led Corridor Lights &amp; Star Spot Lights"
"5221","205","0","İç Aydınlatma","Indoor Lighting"
"5221","215","1","Ledli Koridor Armatürleri ve Yıldız Spotlar","Led Corridor Lights &amp; Star Spot Lights"
"5222","205","0","İç Aydınlatma","Indoor Lighting"
"5222","215","1","Ledli Koridor Armatürleri ve Yıldız Spotlar","Led Corridor Lights &amp; Star Spot Lights"
"5223","205","0","İç Aydınlatma","Indoor Lighting"
"5223","215","1","Ledli Koridor Armatürleri ve Yıldız Spotlar","Led Corridor Lights &amp; Star Spot Lights"
"5224","205","0","İç Aydınlatma","Indoor Lighting"
"5224","215","1","Ledli Koridor Armatürleri ve Yıldız Spotlar","Led Corridor Lights &amp; Star Spot Lights"
"5225","205","0","İç Aydınlatma","Indoor Lighting"
"5225","215","1","Ledli Koridor Armatürleri ve Yıldız Spotlar","Led Corridor Lights &amp; Star Spot Lights"
"5226","205","0","İç Aydınlatma","Indoor Lighting"
"5226","215","1","Ledli Koridor Armatürleri ve Yıldız Spotlar","Led Corridor Lights &amp; Star Spot Lights"
"5227","205","0","İç Aydınlatma","Indoor Lighting"
"5227","215","1","Ledli Koridor Armatürleri ve Yıldız Spotlar","Led Corridor Lights &amp; Star Spot Lights"
"5228","205","0","İç Aydınlatma","Indoor Lighting"
"5228","215","1","Ledli Koridor Armatürleri ve Yıldız Spotlar","Led Corridor Lights &amp; Star Spot Lights"
"5229","205","0","İç Aydınlatma","Indoor Lighting"
"5229","215","1","Ledli Koridor Armatürleri ve Yıldız Spotlar","Led Corridor Lights &amp; Star Spot Lights"
"5232","205","0","İç Aydınlatma","Indoor Lighting"
"5232","234","1","Modern Dekoratif Spot","Modern Decorative Spot Lights"
"5233","205","0","İç Aydınlatma","Indoor Lighting"
"5233","234","1","Modern Dekoratif Spot","Modern Decorative Spot Lights"
"5234","205","0","İç Aydınlatma","Indoor Lighting"
"5234","234","1","Modern Dekoratif Spot","Modern Decorative Spot Lights"
"5235","205","0","İç Aydınlatma","Indoor Lighting"
"5235","234","1","Modern Dekoratif Spot","Modern Decorative Spot Lights"
"5236","205","0","İç Aydınlatma","Indoor Lighting"
"5236","234","1","Modern Dekoratif Spot","Modern Decorative Spot Lights"
"5237","205","0","İç Aydınlatma","Indoor Lighting"
"5237","234","1","Modern Dekoratif Spot","Modern Decorative Spot Lights"
"5258","226","0","Diğer Ürünler","Other Items"
"5258","227","1","Muhtelif Ürünler","Other Items"
"5259","213","0","Dış Aydınlatma","Outdoor Lighting"
"5259","257","1","Makaralı Uzatma Kablosu","Extension Cable Roller"
"5260","213","0","Dış Aydınlatma","Outdoor Lighting"
"5260","257","1","Makaralı Uzatma Kablosu","Extension Cable Roller"
"5261","213","0","Dış Aydınlatma","Outdoor Lighting"
"5261","257","1","Makaralı Uzatma Kablosu","Extension Cable Roller"
"5262","213","0","Dış Aydınlatma","Outdoor Lighting"
"5262","257","1","Makaralı Uzatma Kablosu","Extension Cable Roller"
"5263","213","0","Dış Aydınlatma","Outdoor Lighting"
"5263","257","1","Makaralı Uzatma Kablosu","Extension Cable Roller"
"5264","213","0","Dış Aydınlatma","Outdoor Lighting"
"5264","257","1","Makaralı Uzatma Kablosu","Extension Cable Roller"
"5265","213","0","Dış Aydınlatma","Outdoor Lighting"
"5265","257","1","Makaralı Uzatma Kablosu","Extension Cable Roller"
"5266","205","0","İç Aydınlatma","Indoor Lighting"
"5266","258","1","Hareket Sensörleri","Motion Sensors"
"5267","226","0","Diğer Ürünler","Other Items"
"5267","259","1","Gece Lambaları","Night Bulbs"
"5268","226","0","Diğer Ürünler","Other Items"
"5268","259","1","Gece Lambaları","Night Bulbs"
"5269","226","0","Diğer Ürünler","Other Items"
"5269","259","1","Gece Lambaları","Night Bulbs"
"5270","226","0","Diğer Ürünler","Other Items"
"5270","259","1","Gece Lambaları","Night Bulbs"
"5271","226","0","Diğer Ürünler","Other Items"
"5271","259","1","Gece Lambaları","Night Bulbs"
"5272","208","0","Ampuller","Bulbs"
"5272","245","1","Ledli Gece Ampuller","Led Night Bulbs"
"5273","208","0","Ampuller","Bulbs"
"5273","245","1","Ledli Gece Ampuller","Led Night Bulbs"
"5274","208","0","Ampuller","Bulbs"
"5274","245","1","Ledli Gece Ampuller","Led Night Bulbs"
"5275","208","0","Ampuller","Bulbs"
"5275","245","1","Ledli Gece Ampuller","Led Night Bulbs"
"5276","208","0","Ampuller","Bulbs"
"5276","245","1","Ledli Gece Ampuller","Led Night Bulbs"
"5277","226","0","Diğer Ürünler","Other Items"
"5277","259","1","Gece Lambaları","Night Bulbs"
"5278","226","0","Diğer Ürünler","Other Items"
"5278","259","1","Gece Lambaları","Night Bulbs"
"5279","226","0","Diğer Ürünler","Other Items"
"5279","259","1","Gece Lambaları","Night Bulbs"
"5280","226","0","Diğer Ürünler","Other Items"
"5280","259","1","Gece Lambaları","Night Bulbs"
"5281","226","0","Diğer Ürünler","Other Items"
"5281","259","1","Gece Lambaları","Night Bulbs"
"5282","205","0","İç Aydınlatma","Indoor Lighting"
"5282","236","1","COB Led Armatürler","COB Led Fixtures"
"5283","205","0","İç Aydınlatma","Indoor Lighting"
"5283","236","1","COB Led Armatürler","COB Led Fixtures"
"5284","208","0","Ampuller","Bulbs"
"5284","237","1","Led Ampuller","Led Bulbs"
"5285","205","0","İç Aydınlatma","Indoor Lighting"
"5285","230","1","Led Ray Armatürler","Led Rail Lights"
"5286","205","0","İç Aydınlatma","Indoor Lighting"
"5286","230","1","Led Ray Armatürler","Led Rail Lights"
"5287","205","0","İç Aydınlatma","Indoor Lighting"
"5287","230","1","Led Ray Armatürler","Led Rail Lights"
"5288","205","0","İç Aydınlatma","Indoor Lighting"
"5288","230","1","Led Ray Armatürler","Led Rail Lights"
"5289","205","0","İç Aydınlatma","Indoor Lighting"
"5289","230","1","Led Ray Armatürler","Led Rail Lights"
"5290","205","0","İç Aydınlatma","Indoor Lighting"
"5290","230","1","Led Ray Armatürler","Led Rail Lights"
"5291","205","0","İç Aydınlatma","Indoor Lighting"
"5291","230","1","Led Ray Armatürler","Led Rail Lights"
"5292","205","0","İç Aydınlatma","Indoor Lighting"
"5292","230","1","Led Ray Armatürler","Led Rail Lights"
"5293","205","0","İç Aydınlatma","Indoor Lighting"
"5293","230","1","Led Ray Armatürler","Led Rail Lights"
"5294","205","0","İç Aydınlatma","Indoor Lighting"
"5294","230","1","Led Ray Armatürler","Led Rail Lights"
"5295","205","0","İç Aydınlatma","Indoor Lighting"
"5295","230","1","Led Ray Armatürler","Led Rail Lights"
"5296","205","0","İç Aydınlatma","Indoor Lighting"
"5296","230","1","Led Ray Armatürler","Led Rail Lights"
"5297","205","0","İç Aydınlatma","Indoor Lighting"
"5297","230","1","Led Ray Armatürler","Led Rail Lights"
"5298","205","0","İç Aydınlatma","Indoor Lighting"
"5298","230","1","Led Ray Armatürler","Led Rail Lights"
"5299","205","0","İç Aydınlatma","Indoor Lighting"
"5299","230","1","Led Ray Armatürler","Led Rail Lights"
"5300","205","0","İç Aydınlatma","Indoor Lighting"
"5300","230","1","Led Ray Armatürler","Led Rail Lights"
"5301","205","0","İç Aydınlatma","Indoor Lighting"
"5301","230","1","Led Ray Armatürler","Led Rail Lights"
"5302","205","0","İç Aydınlatma","Indoor Lighting"
"5302","230","1","Led Ray Armatürler","Led Rail Lights"
"5303","205","0","İç Aydınlatma","Indoor Lighting"
"5303","230","1","Led Ray Armatürler","Led Rail Lights"
"5304","205","0","İç Aydınlatma","Indoor Lighting"
"5304","230","1","Led Ray Armatürler","Led Rail Lights"
"5305","205","0","İç Aydınlatma","Indoor Lighting"
"5305","230","1","Led Ray Armatürler","Led Rail Lights"
"5306","205","0","İç Aydınlatma","Indoor Lighting"
"5306","230","1","Led Ray Armatürler","Led Rail Lights"
"5307","205","0","İç Aydınlatma","Indoor Lighting"
"5307","260","1","Starter","Starter"
"5308","205","0","İç Aydınlatma","Indoor Lighting"
"5308","260","1","Starter","Starter"
"5309","205","0","İç Aydınlatma","Indoor Lighting"
"5309","258","1","Hareket Sensörleri","Motion Sensors"
"5310","205","0","İç Aydınlatma","Indoor Lighting"
"5310","258","1","Hareket Sensörleri","Motion Sensors"
"5311","205","0","İç Aydınlatma","Indoor Lighting"
"5311","258","1","Hareket Sensörleri","Motion Sensors"
"5312","205","0","İç Aydınlatma","Indoor Lighting"
"5312","258","1","Hareket Sensörleri","Motion Sensors"
"5313","205","0","İç Aydınlatma","Indoor Lighting"
"5313","258","1","Hareket Sensörleri","Motion Sensors"
"5315","205","0","İç Aydınlatma","Indoor Lighting"
"5315","261","1","Sensörlü Tavan Armatürleri","Ceiling Lights with Sensor"
"5319","205","0","İç Aydınlatma","Indoor Lighting"
"5319","262","1","Sıva Üstü Dekoratif Armatürler ve Aplikler","Decorative Led Fixtures &amp; Appliques"
"5320","205","0","İç Aydınlatma","Indoor Lighting"
"5320","262","1","Sıva Üstü Dekoratif Armatürler ve Aplikler","Decorative Led Fixtures &amp; Appliques"
"5321","205","0","İç Aydınlatma","Indoor Lighting"
"5321","262","1","Sıva Üstü Dekoratif Armatürler ve Aplikler","Decorative Led Fixtures &amp; Appliques"
"5322","205","0","İç Aydınlatma","Indoor Lighting"
"5322","262","1","Sıva Üstü Dekoratif Armatürler ve Aplikler","Decorative Led Fixtures &amp; Appliques"
"5323","205","0","İç Aydınlatma","Indoor Lighting"
"5323","262","1","Sıva Üstü Dekoratif Armatürler ve Aplikler","Decorative Led Fixtures &amp; Appliques"
"5324","205","0","İç Aydınlatma","Indoor Lighting"
"5324","262","1","Sıva Üstü Dekoratif Armatürler ve Aplikler","Decorative Led Fixtures &amp; Appliques"
"5325","205","0","İç Aydınlatma","Indoor Lighting"
"5325","262","1","Sıva Üstü Dekoratif Armatürler ve Aplikler","Decorative Led Fixtures &amp; Appliques"
"5326","205","0","İç Aydınlatma","Indoor Lighting"
"5326","262","1","Sıva Üstü Dekoratif Armatürler ve Aplikler","Decorative Led Fixtures &amp; Appliques"
"5327","205","0","İç Aydınlatma","Indoor Lighting"
"5327","262","1","Sıva Üstü Dekoratif Armatürler ve Aplikler","Decorative Led Fixtures &amp; Appliques"
"5328","205","0","İç Aydınlatma","Indoor Lighting"
"5328","262","1","Sıva Üstü Dekoratif Armatürler ve Aplikler","Decorative Led Fixtures &amp; Appliques"
"5329","205","0","İç Aydınlatma","Indoor Lighting"
"5329","262","1","Sıva Üstü Dekoratif Armatürler ve Aplikler","Decorative Led Fixtures &amp; Appliques"
"5330","205","0","İç Aydınlatma","Indoor Lighting"
"5330","262","1","Sıva Üstü Dekoratif Armatürler ve Aplikler","Decorative Led Fixtures &amp; Appliques"
"5331","205","0","İç Aydınlatma","Indoor Lighting"
"5331","262","1","Sıva Üstü Dekoratif Armatürler ve Aplikler","Decorative Led Fixtures &amp; Appliques"
"5332","205","0","İç Aydınlatma","Indoor Lighting"
"5332","262","1","Sıva Üstü Dekoratif Armatürler ve Aplikler","Decorative Led Fixtures &amp; Appliques"
"5333","205","0","İç Aydınlatma","Indoor Lighting"
"5333","262","1","Sıva Üstü Dekoratif Armatürler ve Aplikler","Decorative Led Fixtures &amp; Appliques"
"5334","205","0","İç Aydınlatma","Indoor Lighting"
"5334","262","1","Sıva Üstü Dekoratif Armatürler ve Aplikler","Decorative Led Fixtures &amp; Appliques"
"5335","205","0","İç Aydınlatma","Indoor Lighting"
"5335","262","1","Sıva Üstü Dekoratif Armatürler ve Aplikler","Decorative Led Fixtures &amp; Appliques"
"5336","205","0","İç Aydınlatma","Indoor Lighting"
"5336","262","1","Sıva Üstü Dekoratif Armatürler ve Aplikler","Decorative Led Fixtures &amp; Appliques"
"5337","205","0","İç Aydınlatma","Indoor Lighting"
"5337","262","1","Sıva Üstü Dekoratif Armatürler ve Aplikler","Decorative Led Fixtures &amp; Appliques"
"5338","205","0","İç Aydınlatma","Indoor Lighting"
"5338","262","1","Sıva Üstü Dekoratif Armatürler ve Aplikler","Decorative Led Fixtures &amp; Appliques"
"5339","205","0","İç Aydınlatma","Indoor Lighting"
"5339","262","1","Sıva Üstü Dekoratif Armatürler ve Aplikler","Decorative Led Fixtures &amp; Appliques"
"5340","205","0","İç Aydınlatma","Indoor Lighting"
"5340","262","1","Sıva Üstü Dekoratif Armatürler ve Aplikler","Decorative Led Fixtures &amp; Appliques"
"5341","205","0","İç Aydınlatma","Indoor Lighting"
"5341","262","1","Sıva Üstü Dekoratif Armatürler ve Aplikler","Decorative Led Fixtures &amp; Appliques"
"5342","205","0","İç Aydınlatma","Indoor Lighting"
"5342","262","1","Sıva Üstü Dekoratif Armatürler ve Aplikler","Decorative Led Fixtures &amp; Appliques"
"5343","205","0","İç Aydınlatma","Indoor Lighting"
"5343","262","1","Sıva Üstü Dekoratif Armatürler ve Aplikler","Decorative Led Fixtures &amp; Appliques"
"5344","205","0","İç Aydınlatma","Indoor Lighting"
"5344","262","1","Sıva Üstü Dekoratif Armatürler ve Aplikler","Decorative Led Fixtures &amp; Appliques"
"5345","205","0","İç Aydınlatma","Indoor Lighting"
"5345","262","1","Sıva Üstü Dekoratif Armatürler ve Aplikler","Decorative Led Fixtures &amp; Appliques"
"5346","205","0","İç Aydınlatma","Indoor Lighting"
"5346","262","1","Sıva Üstü Dekoratif Armatürler ve Aplikler","Decorative Led Fixtures &amp; Appliques"
"5347","205","0","İç Aydınlatma","Indoor Lighting"
"5347","262","1","Sıva Üstü Dekoratif Armatürler ve Aplikler","Decorative Led Fixtures &amp; Appliques"
"5348","205","0","İç Aydınlatma","Indoor Lighting"
"5348","262","1","Sıva Üstü Dekoratif Armatürler ve Aplikler","Decorative Led Fixtures &amp; Appliques"
"5349","205","0","İç Aydınlatma","Indoor Lighting"
"5349","262","1","Sıva Üstü Dekoratif Armatürler ve Aplikler","Decorative Led Fixtures &amp; Appliques"
"5350","205","0","İç Aydınlatma","Indoor Lighting"
"5350","262","1","Sıva Üstü Dekoratif Armatürler ve Aplikler","Decorative Led Fixtures &amp; Appliques"
"5351","205","0","İç Aydınlatma","Indoor Lighting"
"5351","239","1","Led Armatürler","Led Fixtures"
"5352","205","0","İç Aydınlatma","Indoor Lighting"
"5352","239","1","Led Armatürler","Led Fixtures"
"5353","205","0","İç Aydınlatma","Indoor Lighting"
"5353","239","1","Led Armatürler","Led Fixtures"
"5354","205","0","İç Aydınlatma","Indoor Lighting"
"5354","239","1","Led Armatürler","Led Fixtures"
"5355","205","0","İç Aydınlatma","Indoor Lighting"
"5355","232","1","Dekoratif Sarkıt Armatürler ve Aplikler","Decorative Pendant Fixtures &amp; Appliques"
"5356","205","0","İç Aydınlatma","Indoor Lighting"
"5356","232","1","Dekoratif Sarkıt Armatürler ve Aplikler","Decorative Pendant Fixtures &amp; Appliques"
"5357","205","0","İç Aydınlatma","Indoor Lighting"
"5357","232","1","Dekoratif Sarkıt Armatürler ve Aplikler","Decorative Pendant Fixtures &amp; Appliques"
"5358","205","0","İç Aydınlatma","Indoor Lighting"
"5358","232","1","Dekoratif Sarkıt Armatürler ve Aplikler","Decorative Pendant Fixtures &amp; Appliques"
"5359","205","0","İç Aydınlatma","Indoor Lighting"
"5359","232","1","Dekoratif Sarkıt Armatürler ve Aplikler","Decorative Pendant Fixtures &amp; Appliques"
"5360","205","0","İç Aydınlatma","Indoor Lighting"
"5360","232","1","Dekoratif Sarkıt Armatürler ve Aplikler","Decorative Pendant Fixtures &amp; Appliques"
"5361","205","0","İç Aydınlatma","Indoor Lighting"
"5361","232","1","Dekoratif Sarkıt Armatürler ve Aplikler","Decorative Pendant Fixtures &amp; Appliques"
"5362","205","0","İç Aydınlatma","Indoor Lighting"
"5362","232","1","Dekoratif Sarkıt Armatürler ve Aplikler","Decorative Pendant Fixtures &amp; Appliques"
"5363","205","0","İç Aydınlatma","Indoor Lighting"
"5363","232","1","Dekoratif Sarkıt Armatürler ve Aplikler","Decorative Pendant Fixtures &amp; Appliques"
"5365","205","0","İç Aydınlatma","Indoor Lighting"
"5365","232","1","Dekoratif Sarkıt Armatürler ve Aplikler","Decorative Pendant Fixtures &amp; Appliques"
"5366","205","0","İç Aydınlatma","Indoor Lighting"
"5366","232","1","Dekoratif Sarkıt Armatürler ve Aplikler","Decorative Pendant Fixtures &amp; Appliques"
"5367","205","0","İç Aydınlatma","Indoor Lighting"
"5367","232","1","Dekoratif Sarkıt Armatürler ve Aplikler","Decorative Pendant Fixtures &amp; Appliques"
"5368","205","0","İç Aydınlatma","Indoor Lighting"
"5368","232","1","Dekoratif Sarkıt Armatürler ve Aplikler","Decorative Pendant Fixtures &amp; Appliques"
"5369","205","0","İç Aydınlatma","Indoor Lighting"
"5369","232","1","Dekoratif Sarkıt Armatürler ve Aplikler","Decorative Pendant Fixtures &amp; Appliques"
"5370","205","0","İç Aydınlatma","Indoor Lighting"
"5370","232","1","Dekoratif Sarkıt Armatürler ve Aplikler","Decorative Pendant Fixtures &amp; Appliques"
"5371","205","0","İç Aydınlatma","Indoor Lighting"
"5371","274","1","Aspiratör","Aspirators"
"5372","205","0","İç Aydınlatma","Indoor Lighting"
"5372","274","1","Aspiratör","Aspirators"
"5373","205","0","İç Aydınlatma","Indoor Lighting"
"5373","274","1","Aspiratör","Aspirators"
"5374","213","0","Dış Aydınlatma","Outdoor Lighting"
"5374","264","1","Led Sokak Armatürleri ve Solar Ledli Sokak Armatürleri","Led Street Lights &amp; Solar Led Street Lights"
"5375","213","0","Dış Aydınlatma","Outdoor Lighting"
"5375","264","1","Led Sokak Armatürleri ve Solar Ledli Sokak Armatürleri","Led Street Lights &amp; Solar Led Street Lights"
"5376","213","0","Dış Aydınlatma","Outdoor Lighting"
"5376","264","1","Led Sokak Armatürleri ve Solar Ledli Sokak Armatürleri","Led Street Lights &amp; Solar Led Street Lights"
"5377","213","0","Dış Aydınlatma","Outdoor Lighting"
"5377","264","1","Led Sokak Armatürleri ve Solar Ledli Sokak Armatürleri","Led Street Lights &amp; Solar Led Street Lights"
"5378","213","0","Dış Aydınlatma","Outdoor Lighting"
"5378","264","1","Led Sokak Armatürleri ve Solar Ledli Sokak Armatürleri","Led Street Lights &amp; Solar Led Street Lights"
"5379","213","0","Dış Aydınlatma","Outdoor Lighting"
"5379","264","1","Led Sokak Armatürleri ve Solar Ledli Sokak Armatürleri","Led Street Lights &amp; Solar Led Street Lights"
"5380","213","0","Dış Aydınlatma","Outdoor Lighting"
"5380","264","1","Led Sokak Armatürleri ve Solar Ledli Sokak Armatürleri","Led Street Lights &amp; Solar Led Street Lights"
"5381","213","0","Dış Aydınlatma","Outdoor Lighting"
"5381","264","1","Led Sokak Armatürleri ve Solar Ledli Sokak Armatürleri","Led Street Lights &amp; Solar Led Street Lights"
"5382","213","0","Dış Aydınlatma","Outdoor Lighting"
"5382","264","1","Led Sokak Armatürleri ve Solar Ledli Sokak Armatürleri","Led Street Lights &amp; Solar Led Street Lights"
"5383","213","0","Dış Aydınlatma","Outdoor Lighting"
"5383","264","1","Led Sokak Armatürleri ve Solar Ledli Sokak Armatürleri","Led Street Lights &amp; Solar Led Street Lights"
"5384","213","0","Dış Aydınlatma","Outdoor Lighting"
"5384","280","1","Ledli Projektör","Ledli Projektör"
"5385","213","0","Dış Aydınlatma","Outdoor Lighting"
"5385","264","1","Led Sokak Armatürleri ve Solar Ledli Sokak Armatürleri","Led Street Lights &amp; Solar Led Street Lights"
"5386","213","0","Dış Aydınlatma","Outdoor Lighting"
"5386","264","1","Led Sokak Armatürleri ve Solar Ledli Sokak Armatürleri","Led Street Lights &amp; Solar Led Street Lights"
"5387","213","0","Dış Aydınlatma","Outdoor Lighting"
"5387","264","1","Led Sokak Armatürleri ve Solar Ledli Sokak Armatürleri","Led Street Lights &amp; Solar Led Street Lights"
"5388","213","0","Dış Aydınlatma","Outdoor Lighting"
"5388","264","1","Led Sokak Armatürleri ve Solar Ledli Sokak Armatürleri","Led Street Lights &amp; Solar Led Street Lights"
"5389","213","0","Dış Aydınlatma","Outdoor Lighting"
"5389","264","1","Led Sokak Armatürleri ve Solar Ledli Sokak Armatürleri","Led Street Lights &amp; Solar Led Street Lights"
"5390","213","0","Dış Aydınlatma","Outdoor Lighting"
"5390","264","1","Led Sokak Armatürleri ve Solar Ledli Sokak Armatürleri","Led Street Lights &amp; Solar Led Street Lights"
"5391","213","0","Dış Aydınlatma","Outdoor Lighting"
"5391","264","1","Led Sokak Armatürleri ve Solar Ledli Sokak Armatürleri","Led Street Lights &amp; Solar Led Street Lights"
"5392","213","0","Dış Aydınlatma","Outdoor Lighting"
"5392","264","1","Led Sokak Armatürleri ve Solar Ledli Sokak Armatürleri","Led Street Lights &amp; Solar Led Street Lights"
"5393","213","0","Dış Aydınlatma","Outdoor Lighting"
"5393","264","1","Led Sokak Armatürleri ve Solar Ledli Sokak Armatürleri","Led Street Lights &amp; Solar Led Street Lights"
"5394","213","0","Dış Aydınlatma","Outdoor Lighting"
"5394","264","1","Led Sokak Armatürleri ve Solar Ledli Sokak Armatürleri","Led Street Lights &amp; Solar Led Street Lights"
"5395","205","0","İç Aydınlatma","Indoor Lighting"
"5395","247","1","Yüksek Tavan Armatürleri","High-Bay Ceiling Fixtures"
"5396","205","0","İç Aydınlatma","Indoor Lighting"
"5396","247","1","Yüksek Tavan Armatürleri","High-Bay Ceiling Fixtures"
"5397","205","0","İç Aydınlatma","Indoor Lighting"
"5397","247","1","Yüksek Tavan Armatürleri","High-Bay Ceiling Fixtures"
"5398","205","0","İç Aydınlatma","Indoor Lighting"
"5398","247","1","Yüksek Tavan Armatürleri","High-Bay Ceiling Fixtures"
"5399","205","0","İç Aydınlatma","Indoor Lighting"
"5399","247","1","Yüksek Tavan Armatürleri","High-Bay Ceiling Fixtures"
"5400","226","0","Diğer Ürünler","Other Items"
"5400","265","1","Zaman Saatleri ve Sensörler","Magnetic Timer &amp; Sensors"
"5401","226","0","Diğer Ürünler","Other Items"
"5401","265","1","Zaman Saatleri ve Sensörler","Magnetic Timer &amp; Sensors"
"5402","205","0","İç Aydınlatma","Indoor Lighting"
"5402","266","1","Mağaza Aydınlatma Armatürleri","Store Lighting Fixtures"
"5403","205","0","İç Aydınlatma","Indoor Lighting"
"5403","266","1","Mağaza Aydınlatma Armatürleri","Store Lighting Fixtures"
"5404","205","0","İç Aydınlatma","Indoor Lighting"
"5404","266","1","Mağaza Aydınlatma Armatürleri","Store Lighting Fixtures"
"5405","205","0","İç Aydınlatma","Indoor Lighting"
"5405","266","1","Mağaza Aydınlatma Armatürleri","Store Lighting Fixtures"
"5406","205","0","İç Aydınlatma","Indoor Lighting"
"5406","266","1","Mağaza Aydınlatma Armatürleri","Store Lighting Fixtures"
"5407","205","0","İç Aydınlatma","Indoor Lighting"
"5407","266","1","Mağaza Aydınlatma Armatürleri","Store Lighting Fixtures"
"5408","205","0","İç Aydınlatma","Indoor Lighting"
"5408","266","1","Mağaza Aydınlatma Armatürleri","Store Lighting Fixtures"
"5425","205","0","İç Aydınlatma","Indoor Lighting"
"5425","267","1","Kuyumcu Armatürleri","Jeweller Fixtures"
"5426","205","0","İç Aydınlatma","Indoor Lighting"
"5426","267","1","Kuyumcu Armatürleri","Jeweller Fixtures"
"5427","205","0","İç Aydınlatma","Indoor Lighting"
"5427","267","1","Kuyumcu Armatürleri","Jeweller Fixtures"
"5429","213","0","Dış Aydınlatma","Outdoor Lighting"
"5429","268","1","Wall Washer","Wall Washers"
"5430","213","0","Dış Aydınlatma","Outdoor Lighting"
"5430","268","1","Wall Washer","Wall Washers"
"5431","213","0","Dış Aydınlatma","Outdoor Lighting"
"5431","268","1","Wall Washer","Wall Washers"
"5432","213","0","Dış Aydınlatma","Outdoor Lighting"
"5432","268","1","Wall Washer","Wall Washers"
"5434","213","0","Dış Aydınlatma","Outdoor Lighting"
"5434","268","1","Wall Washer","Wall Washers"
"5435","213","0","Dış Aydınlatma","Outdoor Lighting"
"5435","268","1","Wall Washer","Wall Washers"
"5436","213","0","Dış Aydınlatma","Outdoor Lighting"
"5436","268","1","Wall Washer","Wall Washers"
"5437","213","0","Dış Aydınlatma","Outdoor Lighting"
"5437","268","1","Wall Washer","Wall Washers"
"5438","213","0","Dış Aydınlatma","Outdoor Lighting"
"5438","268","1","Wall Washer","Wall Washers"
"5439","213","0","Dış Aydınlatma","Outdoor Lighting"
"5439","268","1","Wall Washer","Wall Washers"
"5440","213","0","Dış Aydınlatma","Outdoor Lighting"
"5440","268","1","Wall Washer","Wall Washers"
"5441","213","0","Dış Aydınlatma","Outdoor Lighting"
"5441","268","1","Wall Washer","Wall Washers"
"5443","213","0","Dış Aydınlatma","Outdoor Lighting"
"5443","268","1","Wall Washer","Wall Washers"
"5444","213","0","Dış Aydınlatma","Outdoor Lighting"
"5444","268","1","Wall Washer","Wall Washers"
"5446","213","0","Dış Aydınlatma","Outdoor Lighting"
"5446","268","1","Wall Washer","Wall Washers"
"5447","213","0","Dış Aydınlatma","Outdoor Lighting"
"5447","268","1","Wall Washer","Wall Washers"
"5449","213","0","Dış Aydınlatma","Outdoor Lighting"
"5449","268","1","Wall Washer","Wall Washers"
"5450","213","0","Dış Aydınlatma","Outdoor Lighting"
"5450","268","1","Wall Washer","Wall Washers"
"5451","213","0","Dış Aydınlatma","Outdoor Lighting"
"5451","268","1","Wall Washer","Wall Washers"
"5452","213","0","Dış Aydınlatma","Outdoor Lighting"
"5452","268","1","Wall Washer","Wall Washers"
"5453","213","0","Dış Aydınlatma","Outdoor Lighting"
"5453","268","1","Wall Washer","Wall Washers"
"5454","213","0","Dış Aydınlatma","Outdoor Lighting"
"5454","268","1","Wall Washer","Wall Washers"
"5455","213","0","Dış Aydınlatma","Outdoor Lighting"
"5455","268","1","Wall Washer","Wall Washers"
"5456","213","0","Dış Aydınlatma","Outdoor Lighting"
"5456","268","1","Wall Washer","Wall Washers"
"5457","213","0","Dış Aydınlatma","Outdoor Lighting"
"5457","268","1","Wall Washer","Wall Washers"
"5458","213","0","Dış Aydınlatma","Outdoor Lighting"
"5458","268","1","Wall Washer","Wall Washers"
"5459","213","0","Dış Aydınlatma","Outdoor Lighting"
"5459","268","1","Wall Washer","Wall Washers"
"5460","213","0","Dış Aydınlatma","Outdoor Lighting"
"5460","268","1","Wall Washer","Wall Washers"
"5462","213","0","Dış Aydınlatma","Outdoor Lighting"
"5462","268","1","Wall Washer","Wall Washers"
"5463","213","0","Dış Aydınlatma","Outdoor Lighting"
"5463","268","1","Wall Washer","Wall Washers"
"5464","213","0","Dış Aydınlatma","Outdoor Lighting"
"5464","268","1","Wall Washer","Wall Washers"
"5465","213","0","Dış Aydınlatma","Outdoor Lighting"
"5465","268","1","Wall Washer","Wall Washers"
"5466","213","0","Dış Aydınlatma","Outdoor Lighting"
"5466","268","1","Wall Washer","Wall Washers"
"5467","213","0","Dış Aydınlatma","Outdoor Lighting"
"5467","268","1","Wall Washer","Wall Washers"
"5468","213","0","Dış Aydınlatma","Outdoor Lighting"
"5468","268","1","Wall Washer","Wall Washers"
"5469","213","0","Dış Aydınlatma","Outdoor Lighting"
"5469","268","1","Wall Washer","Wall Washers"
"5470","213","0","Dış Aydınlatma","Outdoor Lighting"
"5470","268","1","Wall Washer","Wall Washers"
"5471","213","0","Dış Aydınlatma","Outdoor Lighting"
"5471","268","1","Wall Washer","Wall Washers"
"5472","213","0","Dış Aydınlatma","Outdoor Lighting"
"5472","268","1","Wall Washer","Wall Washers"
"5473","213","0","Dış Aydınlatma","Outdoor Lighting"
"5473","268","1","Wall Washer","Wall Washers"
"5474","213","0","Dış Aydınlatma","Outdoor Lighting"
"5474","268","1","Wall Washer","Wall Washers"
"5475","213","0","Dış Aydınlatma","Outdoor Lighting"
"5475","268","1","Wall Washer","Wall Washers"
"5476","213","0","Dış Aydınlatma","Outdoor Lighting"
"5476","268","1","Wall Washer","Wall Washers"
"5477","213","0","Dış Aydınlatma","Outdoor Lighting"
"5477","268","1","Wall Washer","Wall Washers"
"5478","213","0","Dış Aydınlatma","Outdoor Lighting"
"5478","268","1","Wall Washer","Wall Washers"
"5479","213","0","Dış Aydınlatma","Outdoor Lighting"
"5479","268","1","Wall Washer","Wall Washers"
"5480","213","0","Dış Aydınlatma","Outdoor Lighting"
"5480","268","1","Wall Washer","Wall Washers"
"5481","213","0","Dış Aydınlatma","Outdoor Lighting"
"5481","268","1","Wall Washer","Wall Washers"
"5482","213","0","Dış Aydınlatma","Outdoor Lighting"
"5482","268","1","Wall Washer","Wall Washers"
"5483","213","0","Dış Aydınlatma","Outdoor Lighting"
"5483","268","1","Wall Washer","Wall Washers"
"5484","213","0","Dış Aydınlatma","Outdoor Lighting"
"5484","268","1","Wall Washer","Wall Washers"
"5485","213","0","Dış Aydınlatma","Outdoor Lighting"
"5485","268","1","Wall Washer","Wall Washers"
"5486","213","0","Dış Aydınlatma","Outdoor Lighting"
"5486","268","1","Wall Washer","Wall Washers"
"5487","213","0","Dış Aydınlatma","Outdoor Lighting"
"5487","268","1","Wall Washer","Wall Washers"
"5488","213","0","Dış Aydınlatma","Outdoor Lighting"
"5488","268","1","Wall Washer","Wall Washers"
"5489","213","0","Dış Aydınlatma","Outdoor Lighting"
"5489","268","1","Wall Washer","Wall Washers"
"5490","213","0","Dış Aydınlatma","Outdoor Lighting"
"5490","268","1","Wall Washer","Wall Washers"
"5491","213","0","Dış Aydınlatma","Outdoor Lighting"
"5491","268","1","Wall Washer","Wall Washers"
"5492","213","0","Dış Aydınlatma","Outdoor Lighting"
"5492","268","1","Wall Washer","Wall Washers"
"5493","213","0","Dış Aydınlatma","Outdoor Lighting"
"5493","268","1","Wall Washer","Wall Washers"
"5494","213","0","Dış Aydınlatma","Outdoor Lighting"
"5494","268","1","Wall Washer","Wall Washers"
"5495","213","0","Dış Aydınlatma","Outdoor Lighting"
"5495","268","1","Wall Washer","Wall Washers"
"5496","213","0","Dış Aydınlatma","Outdoor Lighting"
"5496","268","1","Wall Washer","Wall Washers"
"5497","213","0","Dış Aydınlatma","Outdoor Lighting"
"5497","268","1","Wall Washer","Wall Washers"
"5498","213","0","Dış Aydınlatma","Outdoor Lighting"
"5498","268","1","Wall Washer","Wall Washers"
"5499","213","0","Dış Aydınlatma","Outdoor Lighting"
"5499","268","1","Wall Washer","Wall Washers"
"5500","213","0","Dış Aydınlatma","Outdoor Lighting"
"5500","268","1","Wall Washer","Wall Washers"
"5501","213","0","Dış Aydınlatma","Outdoor Lighting"
"5501","268","1","Wall Washer","Wall Washers"
"5502","205","0","İç Aydınlatma","Indoor Lighting"
"5502","267","1","Kuyumcu Armatürleri","Jeweller Fixtures"
"5503","205","0","İç Aydınlatma","Indoor Lighting"
"5503","267","1","Kuyumcu Armatürleri","Jeweller Fixtures"
"5504","205","0","İç Aydınlatma","Indoor Lighting"
"5504","267","1","Kuyumcu Armatürleri","Jeweller Fixtures"
"5505","205","0","İç Aydınlatma","Indoor Lighting"
"5505","267","1","Kuyumcu Armatürleri","Jeweller Fixtures"
"5506","205","0","İç Aydınlatma","Indoor Lighting"
"5506","267","1","Kuyumcu Armatürleri","Jeweller Fixtures"
"5507","205","0","İç Aydınlatma","Indoor Lighting"
"5507","267","1","Kuyumcu Armatürleri","Jeweller Fixtures"
"5508","205","0","İç Aydınlatma","Indoor Lighting"
"5508","267","1","Kuyumcu Armatürleri","Jeweller Fixtures"
"5509","205","0","İç Aydınlatma","Indoor Lighting"
"5509","267","1","Kuyumcu Armatürleri","Jeweller Fixtures"
"5510","205","0","İç Aydınlatma","Indoor Lighting"
"5510","267","1","Kuyumcu Armatürleri","Jeweller Fixtures"
"5511","213","0","Dış Aydınlatma","Outdoor Lighting"
"5511","268","1","Wall Washer","Wall Washers"
"5512","213","0","Dış Aydınlatma","Outdoor Lighting"
"5512","268","1","Wall Washer","Wall Washers"
"5513","213","0","Dış Aydınlatma","Outdoor Lighting"
"5513","268","1","Wall Washer","Wall Washers"
"5514","213","0","Dış Aydınlatma","Outdoor Lighting"
"5514","268","1","Wall Washer","Wall Washers"
"5515","213","0","Dış Aydınlatma","Outdoor Lighting"
"5515","268","1","Wall Washer","Wall Washers"
"5516","213","0","Dış Aydınlatma","Outdoor Lighting"
"5516","268","1","Wall Washer","Wall Washers"
"5517","219","0","Şerit Led","Led Strip"
"5517","255","1","Şerit Led Trafoları","Led Strip Drivers"
"5518","219","0","Şerit Led","Led Strip"
"5518","255","1","Şerit Led Trafoları","Led Strip Drivers"
"5519","219","0","Şerit Led","Led Strip"
"5519","255","1","Şerit Led Trafoları","Led Strip Drivers"
"5520","219","0","Şerit Led","Led Strip"
"5520","255","1","Şerit Led Trafoları","Led Strip Drivers"
"5521","219","0","Şerit Led","Led Strip"
"5521","255","1","Şerit Led Trafoları","Led Strip Drivers"
"5522","219","0","Şerit Led","Led Strip"
"5522","255","1","Şerit Led Trafoları","Led Strip Drivers"
"5523","205","0","İç Aydınlatma","Indoor Lighting"
"5523","272","1","Led Armatür Driverları","Led Fixture Drivers"
"5524","205","0","İç Aydınlatma","Indoor Lighting"
"5524","272","1","Led Armatür Driverları","Led Fixture Drivers"
"5525","205","0","İç Aydınlatma","Indoor Lighting"
"5525","272","1","Led Armatür Driverları","Led Fixture Drivers"
"5526","205","0","İç Aydınlatma","Indoor Lighting"
"5526","272","1","Led Armatür Driverları","Led Fixture Drivers"
"5527","205","0","İç Aydınlatma","Indoor Lighting"
"5527","272","1","Led Armatür Driverları","Led Fixture Drivers"
"5528","205","0","İç Aydınlatma","Indoor Lighting"
"5528","272","1","Led Armatür Driverları","Led Fixture Drivers"
"5529","205","0","İç Aydınlatma","Indoor Lighting"
"5529","247","1","Yüksek Tavan Armatürleri","High-Bay Ceiling Fixtures"
"5530","205","0","İç Aydınlatma","Indoor Lighting"
"5530","247","1","Yüksek Tavan Armatürleri","High-Bay Ceiling Fixtures"
"5531","205","0","İç Aydınlatma","Indoor Lighting"
"5531","247","1","Yüksek Tavan Armatürleri","High-Bay Ceiling Fixtures"
"5532","205","0","İç Aydınlatma","Indoor Lighting"
"5532","215","1","Ledli Koridor Armatürleri ve Yıldız Spotlar","Led Corridor Lights &amp; Star Spot Lights"
"5915","205","0","İç Aydınlatma","Indoor Lighting"
"5915","212","1","Sıva Üstü Panel Kasaları","Panel Bodies &amp; Accesories"
"5916","205","0","İç Aydınlatma","Indoor Lighting"
"5916","212","1","Sıva Üstü Panel Kasaları","Panel Bodies &amp; Accesories"
"5917","205","0","İç Aydınlatma","Indoor Lighting"
"5917","212","1","Sıva Üstü Panel Kasaları","Panel Bodies &amp; Accesories"
"5918","213","0","Dış Aydınlatma","Outdoor Lighting"
"5918","214","1","Bahçe Armatürleri","Garden Fixtures"
"5919","213","0","Dış Aydınlatma","Outdoor Lighting"
"5919","214","1","Bahçe Armatürleri","Garden Fixtures"
"5920","213","0","Dış Aydınlatma","Outdoor Lighting"
"5920","214","1","Bahçe Armatürleri","Garden Fixtures"
"5921","213","0","Dış Aydınlatma","Outdoor Lighting"
"5921","214","1","Bahçe Armatürleri","Garden Fixtures"
"5922","213","0","Dış Aydınlatma","Outdoor Lighting"
"5922","264","1","Led Sokak Armatürleri ve Solar Ledli Sokak Armatürleri","Led Street Lights &amp; Solar Led Street Lights"
"5923","213","0","Dış Aydınlatma","Outdoor Lighting"
"5923","264","1","Led Sokak Armatürleri ve Solar Ledli Sokak Armatürleri","Led Street Lights &amp; Solar Led Street Lights"
"5924","213","0","Dış Aydınlatma","Outdoor Lighting"
"5924","264","1","Led Sokak Armatürleri ve Solar Ledli Sokak Armatürleri","Led Street Lights &amp; Solar Led Street Lights"
"5925","213","0","Dış Aydınlatma","Outdoor Lighting"
"5925","264","1","Led Sokak Armatürleri ve Solar Ledli Sokak Armatürleri","Led Street Lights &amp; Solar Led Street Lights"
"5927","219","0","Şerit Led","Led Strip"
"5927","220","1","İç Mekan Led Şeritler","Led Strip Lights (Inside)"
"5932","219","0","Şerit Led","Led Strip"
"5932","221","1","Dış Mekan Led Şeritler","Led Strip Lights (Outside)"
"5936","205","0","İç Aydınlatma","Indoor Lighting"
"5936","262","1","Sıva Üstü Dekoratif Armatürler ve Aplikler","Decorative Led Fixtures &amp; Appliques"
"5937","205","0","İç Aydınlatma","Indoor Lighting"
"5937","262","1","Sıva Üstü Dekoratif Armatürler ve Aplikler","Decorative Led Fixtures &amp; Appliques"
"5938","205","0","İç Aydınlatma","Indoor Lighting"
"5938","262","1","Sıva Üstü Dekoratif Armatürler ve Aplikler","Decorative Led Fixtures &amp; Appliques"
"5939","205","0","İç Aydınlatma","Indoor Lighting"
"5939","262","1","Sıva Üstü Dekoratif Armatürler ve Aplikler","Decorative Led Fixtures &amp; Appliques"
"5940","205","0","İç Aydınlatma","Indoor Lighting"
"5940","262","1","Sıva Üstü Dekoratif Armatürler ve Aplikler","Decorative Led Fixtures &amp; Appliques"
"5941","205","0","İç Aydınlatma","Indoor Lighting"
"5941","262","1","Sıva Üstü Dekoratif Armatürler ve Aplikler","Decorative Led Fixtures &amp; Appliques"
"5942","205","0","İç Aydınlatma","Indoor Lighting"
"5942","262","1","Sıva Üstü Dekoratif Armatürler ve Aplikler","Decorative Led Fixtures &amp; Appliques"
"5943","205","0","İç Aydınlatma","Indoor Lighting"
"5943","262","1","Sıva Üstü Dekoratif Armatürler ve Aplikler","Decorative Led Fixtures &amp; Appliques"
"5944","205","0","İç Aydınlatma","Indoor Lighting"
"5944","262","1","Sıva Üstü Dekoratif Armatürler ve Aplikler","Decorative Led Fixtures &amp; Appliques"
"5945","205","0","İç Aydınlatma","Indoor Lighting"
"5945","262","1","Sıva Üstü Dekoratif Armatürler ve Aplikler","Decorative Led Fixtures &amp; Appliques"
"5946","205","0","İç Aydınlatma","Indoor Lighting"
"5946","262","1","Sıva Üstü Dekoratif Armatürler ve Aplikler","Decorative Led Fixtures &amp; Appliques"
"5947","205","0","İç Aydınlatma","Indoor Lighting"
"5947","262","1","Sıva Üstü Dekoratif Armatürler ve Aplikler","Decorative Led Fixtures &amp; Appliques"
"5948","205","0","İç Aydınlatma","Indoor Lighting"
"5948","262","1","Sıva Üstü Dekoratif Armatürler ve Aplikler","Decorative Led Fixtures &amp; Appliques"
"5949","205","0","İç Aydınlatma","Indoor Lighting"
"5949","262","1","Sıva Üstü Dekoratif Armatürler ve Aplikler","Decorative Led Fixtures &amp; Appliques"
"5950","205","0","İç Aydınlatma","Indoor Lighting"
"5950","262","1","Sıva Üstü Dekoratif Armatürler ve Aplikler","Decorative Led Fixtures &amp; Appliques"
"5951","205","0","İç Aydınlatma","Indoor Lighting"
"5951","262","1","Sıva Üstü Dekoratif Armatürler ve Aplikler","Decorative Led Fixtures &amp; Appliques"
"5952","205","0","İç Aydınlatma","Indoor Lighting"
"5952","230","1","Led Ray Armatürler","Led Rail Lights"
"5953","213","0","Dış Aydınlatma","Outdoor Lighting"
"5953","277","1","Duvar Aplikleri","Duvar Aplikleri"
"5954","213","0","Dış Aydınlatma","Outdoor Lighting"
"5954","277","1","Duvar Aplikleri","Duvar Aplikleri"
"5955","213","0","Dış Aydınlatma","Outdoor Lighting"
"5955","277","1","Duvar Aplikleri","Duvar Aplikleri"
"5956","213","0","Dış Aydınlatma","Outdoor Lighting"
"5956","277","1","Duvar Aplikleri","Duvar Aplikleri"
"5957","213","0","Dış Aydınlatma","Outdoor Lighting"
"5957","277","1","Duvar Aplikleri","Duvar Aplikleri"
"5958","213","0","Dış Aydınlatma","Outdoor Lighting"
"5958","277","1","Duvar Aplikleri","Duvar Aplikleri"
"5959","213","0","Dış Aydınlatma","Outdoor Lighting"
"5959","277","1","Duvar Aplikleri","Duvar Aplikleri"
"5960","213","0","Dış Aydınlatma","Outdoor Lighting"
"5960","277","1","Duvar Aplikleri","Duvar Aplikleri"
"5961","213","0","Dış Aydınlatma","Outdoor Lighting"
"5961","277","1","Duvar Aplikleri","Duvar Aplikleri"
"5962","213","0","Dış Aydınlatma","Outdoor Lighting"
"5962","277","1","Duvar Aplikleri","Duvar Aplikleri"
"5963","205","0","İç Aydınlatma","Indoor Lighting"
"5963","262","1","Sıva Üstü Dekoratif Armatürler ve Aplikler","Decorative Led Fixtures &amp; Appliques"
"5964","205","0","İç Aydınlatma","Indoor Lighting"
"5964","262","1","Sıva Üstü Dekoratif Armatürler ve Aplikler","Decorative Led Fixtures &amp; Appliques"
"5965","205","0","İç Aydınlatma","Indoor Lighting"
"5965","234","1","Modern Dekoratif Spot","Modern Decorative Spot Lights"
"5966","205","0","İç Aydınlatma","Indoor Lighting"
"5966","234","1","Modern Dekoratif Spot","Modern Decorative Spot Lights"
"5967","205","0","İç Aydınlatma","Indoor Lighting"
"5967","234","1","Modern Dekoratif Spot","Modern Decorative Spot Lights"
"5968","205","0","İç Aydınlatma","Indoor Lighting"
"5968","234","1","Modern Dekoratif Spot","Modern Decorative Spot Lights"
"5969","205","0","İç Aydınlatma","Indoor Lighting"
"5969","234","1","Modern Dekoratif Spot","Modern Decorative Spot Lights"
"5970","205","0","İç Aydınlatma","Indoor Lighting"
"5970","234","1","Modern Dekoratif Spot","Modern Decorative Spot Lights"
"5971","205","0","İç Aydınlatma","Indoor Lighting"
"5971","234","1","Modern Dekoratif Spot","Modern Decorative Spot Lights"
"5972","205","0","İç Aydınlatma","Indoor Lighting"
"5972","234","1","Modern Dekoratif Spot","Modern Decorative Spot Lights"
"5973","205","0","İç Aydınlatma","Indoor Lighting"
"5973","234","1","Modern Dekoratif Spot","Modern Decorative Spot Lights"
"5974","205","0","İç Aydınlatma","Indoor Lighting"
"5974","234","1","Modern Dekoratif Spot","Modern Decorative Spot Lights"
"5975","205","0","İç Aydınlatma","Indoor Lighting"
"5975","234","1","Modern Dekoratif Spot","Modern Decorative Spot Lights"
"5976","205","0","İç Aydınlatma","Indoor Lighting"
"5976","234","1","Modern Dekoratif Spot","Modern Decorative Spot Lights"
"5977","205","0","İç Aydınlatma","Indoor Lighting"
"5977","234","1","Modern Dekoratif Spot","Modern Decorative Spot Lights"
"5978","205","0","İç Aydınlatma","Indoor Lighting"
"5978","234","1","Modern Dekoratif Spot","Modern Decorative Spot Lights"
"5979","205","0","İç Aydınlatma","Indoor Lighting"
"5979","234","1","Modern Dekoratif Spot","Modern Decorative Spot Lights"
"5980","205","0","İç Aydınlatma","Indoor Lighting"
"5980","234","1","Modern Dekoratif Spot","Modern Decorative Spot Lights"
"5981","205","0","İç Aydınlatma","Indoor Lighting"
"5981","234","1","Modern Dekoratif Spot","Modern Decorative Spot Lights"
"5982","205","0","İç Aydınlatma","Indoor Lighting"
"5982","234","1","Modern Dekoratif Spot","Modern Decorative Spot Lights"
"5983","205","0","İç Aydınlatma","Indoor Lighting"
"5983","234","1","Modern Dekoratif Spot","Modern Decorative Spot Lights"
"5984","205","0","İç Aydınlatma","Indoor Lighting"
"5984","234","1","Modern Dekoratif Spot","Modern Decorative Spot Lights"
"5985","205","0","İç Aydınlatma","Indoor Lighting"
"5985","234","1","Modern Dekoratif Spot","Modern Decorative Spot Lights"
"5986","205","0","İç Aydınlatma","Indoor Lighting"
"5986","234","1","Modern Dekoratif Spot","Modern Decorative Spot Lights"
"5987","205","0","İç Aydınlatma","Indoor Lighting"
"5987","234","1","Modern Dekoratif Spot","Modern Decorative Spot Lights"
"5988","205","0","İç Aydınlatma","Indoor Lighting"
"5988","234","1","Modern Dekoratif Spot","Modern Decorative Spot Lights"
"5989","205","0","İç Aydınlatma","Indoor Lighting"
"5989","234","1","Modern Dekoratif Spot","Modern Decorative Spot Lights"
"5990","205","0","İç Aydınlatma","Indoor Lighting"
"5990","234","1","Modern Dekoratif Spot","Modern Decorative Spot Lights"
"5991","205","0","İç Aydınlatma","Indoor Lighting"
"5991","234","1","Modern Dekoratif Spot","Modern Decorative Spot Lights"
"5992","205","0","İç Aydınlatma","Indoor Lighting"
"5992","232","1","Dekoratif Sarkıt Armatürler ve Aplikler","Decorative Pendant Fixtures &amp; Appliques"
"5993","205","0","İç Aydınlatma","Indoor Lighting"
"5993","234","1","Modern Dekoratif Spot","Modern Decorative Spot Lights"
"5994","205","0","İç Aydınlatma","Indoor Lighting"
"5994","234","1","Modern Dekoratif Spot","Modern Decorative Spot Lights"
"5995","205","0","İç Aydınlatma","Indoor Lighting"
"5995","234","1","Modern Dekoratif Spot","Modern Decorative Spot Lights"
"5996","205","0","İç Aydınlatma","Indoor Lighting"
"5996","234","1","Modern Dekoratif Spot","Modern Decorative Spot Lights"
"5997","205","0","İç Aydınlatma","Indoor Lighting"
"5997","234","1","Modern Dekoratif Spot","Modern Decorative Spot Lights"
"5998","205","0","İç Aydınlatma","Indoor Lighting"
"5998","234","1","Modern Dekoratif Spot","Modern Decorative Spot Lights"
"5999","205","0","İç Aydınlatma","Indoor Lighting"
"5999","206","1","Sıva Altı Slim Led Paneller","Slim Led Panels"
"6000","205","0","İç Aydınlatma","Indoor Lighting"
"6000","206","1","Sıva Altı Slim Led Paneller","Slim Led Panels"
"6001","205","0","İç Aydınlatma","Indoor Lighting"
"6001","206","1","Sıva Altı Slim Led Paneller","Slim Led Panels"
"6002","205","0","İç Aydınlatma","Indoor Lighting"
"6002","206","1","Sıva Altı Slim Led Paneller","Slim Led Panels"
"6003","205","0","İç Aydınlatma","Indoor Lighting"
"6003","206","1","Sıva Altı Slim Led Paneller","Slim Led Panels"
"6004","205","0","İç Aydınlatma","Indoor Lighting"
"6004","206","1","Sıva Altı Slim Led Paneller","Slim Led Panels"
"6005","205","0","İç Aydınlatma","Indoor Lighting"
"6005","206","1","Sıva Altı Slim Led Paneller","Slim Led Panels"
"6006","205","0","İç Aydınlatma","Indoor Lighting"
"6006","206","1","Sıva Altı Slim Led Paneller","Slim Led Panels"
"6007","205","0","İç Aydınlatma","Indoor Lighting"
"6007","206","1","Sıva Altı Slim Led Paneller","Slim Led Panels"
"6008","205","0","İç Aydınlatma","Indoor Lighting"
"6008","206","1","Sıva Altı Slim Led Paneller","Slim Led Panels"
"6009","205","0","İç Aydınlatma","Indoor Lighting"
"6009","206","1","Sıva Altı Slim Led Paneller","Slim Led Panels"
"6010","205","0","İç Aydınlatma","Indoor Lighting"
"6010","206","1","Sıva Altı Slim Led Paneller","Slim Led Panels"
"6011","205","0","İç Aydınlatma","Indoor Lighting"
"6011","206","1","Sıva Altı Slim Led Paneller","Slim Led Panels"
"6012","205","0","İç Aydınlatma","Indoor Lighting"
"6012","206","1","Sıva Altı Slim Led Paneller","Slim Led Panels"
"6013","205","0","İç Aydınlatma","Indoor Lighting"
"6013","206","1","Sıva Altı Slim Led Paneller","Slim Led Panels"
"6014","205","0","İç Aydınlatma","Indoor Lighting"
"6014","206","1","Sıva Altı Slim Led Paneller","Slim Led Panels"
"6015","205","0","İç Aydınlatma","Indoor Lighting"
"6015","206","1","Sıva Altı Slim Led Paneller","Slim Led Panels"
"6016","205","0","İç Aydınlatma","Indoor Lighting"
"6016","206","1","Sıva Altı Slim Led Paneller","Slim Led Panels"
"6017","205","0","İç Aydınlatma","Indoor Lighting"
"6017","206","1","Sıva Altı Slim Led Paneller","Slim Led Panels"
"6018","205","0","İç Aydınlatma","Indoor Lighting"
"6018","206","1","Sıva Altı Slim Led Paneller","Slim Led Panels"
"6019","205","0","İç Aydınlatma","Indoor Lighting"
"6019","206","1","Sıva Altı Slim Led Paneller","Slim Led Panels"
"6021","205","0","İç Aydınlatma","Indoor Lighting"
"6021","238","1","Sıva Üstü Led Paneller","Led Panels"
"6022","205","0","İç Aydınlatma","Indoor Lighting"
"6022","238","1","Sıva Üstü Led Paneller","Led Panels"
"6023","205","0","İç Aydınlatma","Indoor Lighting"
"6023","238","1","Sıva Üstü Led Paneller","Led Panels"
"6024","205","0","İç Aydınlatma","Indoor Lighting"
"6024","238","1","Sıva Üstü Led Paneller","Led Panels"
"6025","205","0","İç Aydınlatma","Indoor Lighting"
"6025","238","1","Sıva Üstü Led Paneller","Led Panels"
"6026","205","0","İç Aydınlatma","Indoor Lighting"
"6026","238","1","Sıva Üstü Led Paneller","Led Panels"
"6027","205","0","İç Aydınlatma","Indoor Lighting"
"6027","238","1","Sıva Üstü Led Paneller","Led Panels"
"6028","205","0","İç Aydınlatma","Indoor Lighting"
"6028","238","1","Sıva Üstü Led Paneller","Led Panels"
"6029","205","0","İç Aydınlatma","Indoor Lighting"
"6029","238","1","Sıva Üstü Led Paneller","Led Panels"
"6030","205","0","İç Aydınlatma","Indoor Lighting"
"6030","238","1","Sıva Üstü Led Paneller","Led Panels"
"6031","205","0","İç Aydınlatma","Indoor Lighting"
"6031","238","1","Sıva Üstü Led Paneller","Led Panels"
"6032","205","0","İç Aydınlatma","Indoor Lighting"
"6032","238","1","Sıva Üstü Led Paneller","Led Panels"
"6033","205","0","İç Aydınlatma","Indoor Lighting"
"6033","238","1","Sıva Üstü Led Paneller","Led Panels"
"6034","205","0","İç Aydınlatma","Indoor Lighting"
"6034","238","1","Sıva Üstü Led Paneller","Led Panels"
"6035","205","0","İç Aydınlatma","Indoor Lighting"
"6035","238","1","Sıva Üstü Led Paneller","Led Panels"
"6036","205","0","İç Aydınlatma","Indoor Lighting"
"6036","238","1","Sıva Üstü Led Paneller","Led Panels"
"6037","205","0","İç Aydınlatma","Indoor Lighting"
"6037","238","1","Sıva Üstü Led Paneller","Led Panels"
"6038","205","0","İç Aydınlatma","Indoor Lighting"
"6038","238","1","Sıva Üstü Led Paneller","Led Panels"
"6039","205","0","İç Aydınlatma","Indoor Lighting"
"6039","238","1","Sıva Üstü Led Paneller","Led Panels"
"6040","205","0","İç Aydınlatma","Indoor Lighting"
"6040","238","1","Sıva Üstü Led Paneller","Led Panels"
"6041","205","0","İç Aydınlatma","Indoor Lighting"
"6041","238","1","Sıva Üstü Led Paneller","Led Panels"
"6042","205","0","İç Aydınlatma","Indoor Lighting"
"6042","238","1","Sıva Üstü Led Paneller","Led Panels"
"6043","205","0","İç Aydınlatma","Indoor Lighting"
"6043","238","1","Sıva Üstü Led Paneller","Led Panels"
"6044","205","0","İç Aydınlatma","Indoor Lighting"
"6044","238","1","Sıva Üstü Led Paneller","Led Panels"
"6045","205","0","İç Aydınlatma","Indoor Lighting"
"6045","206","1","Sıva Altı Slim Led Paneller","Slim Led Panels"
"6046","205","0","İç Aydınlatma","Indoor Lighting"
"6046","206","1","Sıva Altı Slim Led Paneller","Slim Led Panels"
"6047","205","0","İç Aydınlatma","Indoor Lighting"
"6047","206","1","Sıva Altı Slim Led Paneller","Slim Led Panels"
"6048","205","0","İç Aydınlatma","Indoor Lighting"
"6048","206","1","Sıva Altı Slim Led Paneller","Slim Led Panels"
"6049","205","0","İç Aydınlatma","Indoor Lighting"
"6049","206","1","Sıva Altı Slim Led Paneller","Slim Led Panels"
"6050","205","0","İç Aydınlatma","Indoor Lighting"
"6050","206","1","Sıva Altı Slim Led Paneller","Slim Led Panels"
"6051","205","0","İç Aydınlatma","Indoor Lighting"
"6051","206","1","Sıva Altı Slim Led Paneller","Slim Led Panels"
"6052","205","0","İç Aydınlatma","Indoor Lighting"
"6052","206","1","Sıva Altı Slim Led Paneller","Slim Led Panels"
"6053","205","0","İç Aydınlatma","Indoor Lighting"
"6053","238","1","Sıva Üstü Led Paneller","Led Panels"
"6054","205","0","İç Aydınlatma","Indoor Lighting"
"6054","238","1","Sıva Üstü Led Paneller","Led Panels"
"6055","205","0","İç Aydınlatma","Indoor Lighting"
"6055","238","1","Sıva Üstü Led Paneller","Led Panels"
"6056","205","0","İç Aydınlatma","Indoor Lighting"
"6056","238","1","Sıva Üstü Led Paneller","Led Panels"
"6057","205","0","İç Aydınlatma","Indoor Lighting"
"6057","271","1","Sıva Altı Çerçevesiz Ayarlanabilir Led Paneller","Led Slim Frameless Panel Lights - Rotatable "
"6058","205","0","İç Aydınlatma","Indoor Lighting"
"6058","271","1","Sıva Altı Çerçevesiz Ayarlanabilir Led Paneller","Led Slim Frameless Panel Lights - Rotatable "
"6059","205","0","İç Aydınlatma","Indoor Lighting"
"6059","271","1","Sıva Altı Çerçevesiz Ayarlanabilir Led Paneller","Led Slim Frameless Panel Lights - Rotatable "
"6060","205","0","İç Aydınlatma","Indoor Lighting"
"6060","271","1","Sıva Altı Çerçevesiz Ayarlanabilir Led Paneller","Led Slim Frameless Panel Lights - Rotatable "
"6061","205","0","İç Aydınlatma","Indoor Lighting"
"6061","252","1","Ledli Etanj Armatürler","Led Waterproof Fixtures"
"6062","205","0","İç Aydınlatma","Indoor Lighting"
"6062","252","1","Ledli Etanj Armatürler","Led Waterproof Fixtures"
"6063","205","0","İç Aydınlatma","Indoor Lighting"
"6063","252","1","Ledli Etanj Armatürler","Led Waterproof Fixtures"
"6064","205","0","İç Aydınlatma","Indoor Lighting"
"6064","252","1","Ledli Etanj Armatürler","Led Waterproof Fixtures"
"6065","205","0","İç Aydınlatma","Indoor Lighting"
"6065","252","1","Ledli Etanj Armatürler","Led Waterproof Fixtures"
"6066","205","0","İç Aydınlatma","Indoor Lighting"
"6066","252","1","Ledli Etanj Armatürler","Led Waterproof Fixtures"
"6067","205","0","İç Aydınlatma","Indoor Lighting"
"6067","252","1","Ledli Etanj Armatürler","Led Waterproof Fixtures"
"6068","205","0","İç Aydınlatma","Indoor Lighting"
"6068","252","1","Ledli Etanj Armatürler","Led Waterproof Fixtures"
"6069","205","0","İç Aydınlatma","Indoor Lighting"
"6069","252","1","Ledli Etanj Armatürler","Led Waterproof Fixtures"
"6070","205","0","İç Aydınlatma","Indoor Lighting"
"6070","252","1","Ledli Etanj Armatürler","Led Waterproof Fixtures"
"6071","205","0","İç Aydınlatma","Indoor Lighting"
"6071","252","1","Ledli Etanj Armatürler","Led Waterproof Fixtures"
"6072","205","0","İç Aydınlatma","Indoor Lighting"
"6072","252","1","Ledli Etanj Armatürler","Led Waterproof Fixtures"
"6073","205","0","İç Aydınlatma","Indoor Lighting"
"6073","252","1","Ledli Etanj Armatürler","Led Waterproof Fixtures"
"6074","205","0","İç Aydınlatma","Indoor Lighting"
"6074","252","1","Ledli Etanj Armatürler","Led Waterproof Fixtures"
"6075","205","0","İç Aydınlatma","Indoor Lighting"
"6075","252","1","Ledli Etanj Armatürler","Led Waterproof Fixtures"
"6076","205","0","İç Aydınlatma","Indoor Lighting"
"6076","252","1","Ledli Etanj Armatürler","Led Waterproof Fixtures"
"6077","205","0","İç Aydınlatma","Indoor Lighting"
"6077","252","1","Ledli Etanj Armatürler","Led Waterproof Fixtures"
"6078","205","0","İç Aydınlatma","Indoor Lighting"
"6078","252","1","Ledli Etanj Armatürler","Led Waterproof Fixtures"
"6079","205","0","İç Aydınlatma","Indoor Lighting"
"6079","252","1","Ledli Etanj Armatürler","Led Waterproof Fixtures"
"6080","205","0","İç Aydınlatma","Indoor Lighting"
"6080","252","1","Ledli Etanj Armatürler","Led Waterproof Fixtures"
"6081","205","0","İç Aydınlatma","Indoor Lighting"
"6081","252","1","Ledli Etanj Armatürler","Led Waterproof Fixtures"
"6082","205","0","İç Aydınlatma","Indoor Lighting"
"6082","252","1","Ledli Etanj Armatürler","Led Waterproof Fixtures"
"6083","205","0","İç Aydınlatma","Indoor Lighting"
"6083","252","1","Ledli Etanj Armatürler","Led Waterproof Fixtures"
"6084","205","0","İç Aydınlatma","Indoor Lighting"
"6084","252","1","Ledli Etanj Armatürler","Led Waterproof Fixtures"
"6085","205","0","İç Aydınlatma","Indoor Lighting"
"6085","252","1","Ledli Etanj Armatürler","Led Waterproof Fixtures"
"6086","205","0","İç Aydınlatma","Indoor Lighting"
"6086","252","1","Ledli Etanj Armatürler","Led Waterproof Fixtures"
"6087","205","0","İç Aydınlatma","Indoor Lighting"
"6087","252","1","Ledli Etanj Armatürler","Led Waterproof Fixtures"
"6088","205","0","İç Aydınlatma","Indoor Lighting"
"6088","252","1","Ledli Etanj Armatürler","Led Waterproof Fixtures"
"6089","205","0","İç Aydınlatma","Indoor Lighting"
"6089","238","1","Sıva Üstü Led Paneller","Led Panels"
"6090","205","0","İç Aydınlatma","Indoor Lighting"
"6090","238","1","Sıva Üstü Led Paneller","Led Panels"
"6091","205","0","İç Aydınlatma","Indoor Lighting"
"6091","238","1","Sıva Üstü Led Paneller","Led Panels"
"6092","205","0","İç Aydınlatma","Indoor Lighting"
"6092","238","1","Sıva Üstü Led Paneller","Led Panels"
"6093","205","0","İç Aydınlatma","Indoor Lighting"
"6093","238","1","Sıva Üstü Led Paneller","Led Panels"
"6094","205","0","İç Aydınlatma","Indoor Lighting"
"6094","238","1","Sıva Üstü Led Paneller","Led Panels"
"6095","205","0","İç Aydınlatma","Indoor Lighting"
"6095","238","1","Sıva Üstü Led Paneller","Led Panels"
"6096","276","0","Ayın Ürünleri","Products of the Month"
"6096","205","0","İç Aydınlatma","Indoor Lighting"
"6096","238","1","Sıva Üstü Led Paneller","Led Panels"
"6097","276","0","Ayın Ürünleri","Products of the Month"
"6097","205","0","İç Aydınlatma","Indoor Lighting"
"6097","238","1","Sıva Üstü Led Paneller","Led Panels"
"6098","276","0","Ayın Ürünleri","Products of the Month"
"6098","205","0","İç Aydınlatma","Indoor Lighting"
"6098","238","1","Sıva Üstü Led Paneller","Led Panels"
"6099","276","0","Ayın Ürünleri","Products of the Month"
"6099","205","0","İç Aydınlatma","Indoor Lighting"
"6099","238","1","Sıva Üstü Led Paneller","Led Panels"
"6100","205","0","İç Aydınlatma","Indoor Lighting"
"6100","238","1","Sıva Üstü Led Paneller","Led Panels"
"6101","205","0","İç Aydınlatma","Indoor Lighting"
"6101","238","1","Sıva Üstü Led Paneller","Led Panels"
"6102","205","0","İç Aydınlatma","Indoor Lighting"
"6102","238","1","Sıva Üstü Led Paneller","Led Panels"
"6103","205","0","İç Aydınlatma","Indoor Lighting"
"6103","238","1","Sıva Üstü Led Paneller","Led Panels"
"6104","276","0","Ayın Ürünleri","Products of the Month"
"6104","205","0","İç Aydınlatma","Indoor Lighting"
"6104","238","1","Sıva Üstü Led Paneller","Led Panels"
"6105","276","0","Ayın Ürünleri","Products of the Month"
"6105","205","0","İç Aydınlatma","Indoor Lighting"
"6105","238","1","Sıva Üstü Led Paneller","Led Panels"
"6106","213","0","Dış Aydınlatma","Outdoor Lighting"
"6106","277","1","Duvar Aplikleri","Duvar Aplikleri"
"6107","213","0","Dış Aydınlatma","Outdoor Lighting"
"6107","277","1","Duvar Aplikleri","Duvar Aplikleri"
"6108","213","0","Dış Aydınlatma","Outdoor Lighting"
"6108","277","1","Duvar Aplikleri","Duvar Aplikleri"
"6109","213","0","Dış Aydınlatma","Outdoor Lighting"
"6109","277","1","Duvar Aplikleri","Duvar Aplikleri"
"6110","213","0","Dış Aydınlatma","Outdoor Lighting"
"6110","277","1","Duvar Aplikleri","Duvar Aplikleri"
"6111","213","0","Dış Aydınlatma","Outdoor Lighting"
"6111","277","1","Duvar Aplikleri","Duvar Aplikleri"
"6112","213","0","Dış Aydınlatma","Outdoor Lighting"
"6112","277","1","Duvar Aplikleri","Duvar Aplikleri"
"6113","213","0","Dış Aydınlatma","Outdoor Lighting"
"6113","277","1","Duvar Aplikleri","Duvar Aplikleri"
"6114","213","0","Dış Aydınlatma","Outdoor Lighting"
"6114","277","1","Duvar Aplikleri","Duvar Aplikleri"
"6115","213","0","Dış Aydınlatma","Outdoor Lighting"
"6115","277","1","Duvar Aplikleri","Duvar Aplikleri"
"6116","213","0","Dış Aydınlatma","Outdoor Lighting"
"6116","277","1","Duvar Aplikleri","Duvar Aplikleri"
"6117","213","0","Dış Aydınlatma","Outdoor Lighting"
"6117","277","1","Duvar Aplikleri","Duvar Aplikleri"
"6118","208","0","Ampuller","Bulbs"
"6118","243","1","Ledli Spot Ampuller","Led Spot Bulbs"
"6119","208","0","Ampuller","Bulbs"
"6119","243","1","Ledli Spot Ampuller","Led Spot Bulbs"
"6120","208","0","Ampuller","Bulbs"
"6120","243","1","Ledli Spot Ampuller","Led Spot Bulbs"
"6121","208","0","Ampuller","Bulbs"
"6121","243","1","Ledli Spot Ampuller","Led Spot Bulbs"
"6122","208","0","Ampuller","Bulbs"
"6122","243","1","Ledli Spot Ampuller","Led Spot Bulbs"
"6127","208","0","Ampuller","Bulbs"
"6127","253","1","Led Kapsul Ampuller","Led Capsule Bulbs"
"6128","208","0","Ampuller","Bulbs"
"6128","253","1","Led Kapsul Ampuller","Led Capsule Bulbs"
"6131","208","0","Ampuller","Bulbs"
"6131","210","1","Led Buji Ampuller","Led Candle Bulbs"
"6132","208","0","Ampuller","Bulbs"
"6132","210","1","Led Buji Ampuller","Led Candle Bulbs"
"6133","208","0","Ampuller","Bulbs"
"6133","248","1","Led Ufo Ampuller","Led Ufo Bulbs"
"6134","208","0","Ampuller","Bulbs"
"6134","248","1","Led Ufo Ampuller","Led Ufo Bulbs"
"6135","208","0","Ampuller","Bulbs"
"6135","248","1","Led Ufo Ampuller","Led Ufo Bulbs"
"6136","208","0","Ampuller","Bulbs"
"6136","248","1","Led Ufo Ampuller","Led Ufo Bulbs"
"6137","208","0","Ampuller","Bulbs"
"6137","248","1","Led Ufo Ampuller","Led Ufo Bulbs"
"6138","208","0","Ampuller","Bulbs"
"6138","248","1","Led Ufo Ampuller","Led Ufo Bulbs"
"6139","208","0","Ampuller","Bulbs"
"6139","248","1","Led Ufo Ampuller","Led Ufo Bulbs"
"6140","208","0","Ampuller","Bulbs"
"6140","248","1","Led Ufo Ampuller","Led Ufo Bulbs"
"6141","208","0","Ampuller","Bulbs"
"6141","248","1","Led Ufo Ampuller","Led Ufo Bulbs"
"6142","208","0","Ampuller","Bulbs"
"6142","248","1","Led Ufo Ampuller","Led Ufo Bulbs"
"6143","208","0","Ampuller","Bulbs"
"6143","248","1","Led Ufo Ampuller","Led Ufo Bulbs"
"6144","208","0","Ampuller","Bulbs"
"6144","248","1","Led Ufo Ampuller","Led Ufo Bulbs"
"6145","208","0","Ampuller","Bulbs"
"6145","248","1","Led Ufo Ampuller","Led Ufo Bulbs"
"6146","208","0","Ampuller","Bulbs"
"6146","248","1","Led Ufo Ampuller","Led Ufo Bulbs"
"6147","208","0","Ampuller","Bulbs"
"6147","248","1","Led Ufo Ampuller","Led Ufo Bulbs"
"6148","208","0","Ampuller","Bulbs"
"6148","248","1","Led Ufo Ampuller","Led Ufo Bulbs"
"6149","208","0","Ampuller","Bulbs"
"6149","248","1","Led Ufo Ampuller","Led Ufo Bulbs"
"6150","208","0","Ampuller","Bulbs"
"6150","248","1","Led Ufo Ampuller","Led Ufo Bulbs"
"6151","208","0","Ampuller","Bulbs"
"6151","248","1","Led Ufo Ampuller","Led Ufo Bulbs"
"6152","208","0","Ampuller","Bulbs"
"6152","248","1","Led Ufo Ampuller","Led Ufo Bulbs"
"6153","208","0","Ampuller","Bulbs"
"6153","248","1","Led Ufo Ampuller","Led Ufo Bulbs"
"6154","208","0","Ampuller","Bulbs"
"6154","248","1","Led Ufo Ampuller","Led Ufo Bulbs"
"6155","208","0","Ampuller","Bulbs"
"6155","248","1","Led Ufo Ampuller","Led Ufo Bulbs"
"6156","208","0","Ampuller","Bulbs"
"6156","248","1","Led Ufo Ampuller","Led Ufo Bulbs"
"6157","208","0","Ampuller","Bulbs"
"6157","248","1","Led Ufo Ampuller","Led Ufo Bulbs"
"6158","208","0","Ampuller","Bulbs"
"6158","248","1","Led Ufo Ampuller","Led Ufo Bulbs"
"6159","208","0","Ampuller","Bulbs"
"6159","242","1","Led Florasan Ampuller","Led Fluorescent Bulbs"
"6160","208","0","Ampuller","Bulbs"
"6160","252","1","Ledli Etanj Armatürler","Led Waterproof Fixtures"
"6161","208","0","Ampuller","Bulbs"
"6161","252","1","Ledli Etanj Armatürler","Led Waterproof Fixtures"
"6162","205","0","İç Aydınlatma","Indoor Lighting"
"6162","252","1","Ledli Etanj Armatürler","Led Waterproof Fixtures"
"6163","213","0","Dış Aydınlatma","Outdoor Lighting"
"6163","280","1","Ledli Projektör","Ledli Projektör"
"6164","213","0","Dış Aydınlatma","Outdoor Lighting"
"6164","280","1","Ledli Projektör","Ledli Projektör"
"6165","213","0","Dış Aydınlatma","Outdoor Lighting"
"6165","269","1","Slim Ledli Projektörler","Slim Led Flood Lights"
"6166","213","0","Dış Aydınlatma","Outdoor Lighting"
"6166","280","1","Ledli Projektör","Ledli Projektör"
"6167","213","0","Dış Aydınlatma","Outdoor Lighting"
"6167","280","1","Ledli Projektör","Ledli Projektör"
"6168","226","0","Diğer Ürünler","Other Items"
"6168","227","1","Muhtelif Ürünler","Other Items"
"6169","226","0","Diğer Ürünler","Other Items"
"6169","227","1","Muhtelif Ürünler","Other Items"
"6170","226","0","Diğer Ürünler","Other Items"
"6170","227","1","Muhtelif Ürünler","Other Items"
"6171","226","0","Diğer Ürünler","Other Items"
"6171","227","1","Muhtelif Ürünler","Other Items"
"6172","226","0","Diğer Ürünler","Other Items"
"6172","227","1","Muhtelif Ürünler","Other Items"
"6173","226","0","Diğer Ürünler","Other Items"
"6173","254","1","Aydınlatma Kumandaları","Lighting Remote Controls"
"6174","226","0","Diğer Ürünler","Other Items"
"6174","254","1","Aydınlatma Kumandaları","Lighting Remote Controls"
"6175","213","0","Dış Aydınlatma","Outdoor Lighting"
"6175","256","1","Ledli Projektörler","Led Flood Lights"
"6176","205","0","İç Aydınlatma","Indoor Lighting"
"6176","232","1","Dekoratif Sarkıt Armatürler ve Aplikler","Decorative Pendant Fixtures &amp; Appliques"
"6177","205","0","İç Aydınlatma","Indoor Lighting"
"6177","232","1","Dekoratif Sarkıt Armatürler ve Aplikler","Decorative Pendant Fixtures &amp; Appliques"
"6178","213","0","Dış Aydınlatma","Outdoor Lighting"
"6178","256","1","Ledli Projektörler","Led Flood Lights"
"6179","213","0","Dış Aydınlatma","Outdoor Lighting"
"6179","280","1","Ledli Projektör","Ledli Projektör"
"6180","213","0","Dış Aydınlatma","Outdoor Lighting"
"6180","280","1","Ledli Projektör","Ledli Projektör"
"6181","213","0","Dış Aydınlatma","Outdoor Lighting"
"6181","280","1","Ledli Projektör","Ledli Projektör"
"6182","213","0","Dış Aydınlatma","Outdoor Lighting"
"6182","280","1","Ledli Projektör","Ledli Projektör"
"6183","213","0","Dış Aydınlatma","Outdoor Lighting"
"6183","280","1","Ledli Projektör","Ledli Projektör"
"6184","213","0","Dış Aydınlatma","Outdoor Lighting"
"6184","280","1","Ledli Projektör","Ledli Projektör"
"6185","213","0","Dış Aydınlatma","Outdoor Lighting"
"6185","280","1","Ledli Projektör","Ledli Projektör"
"6186","213","0","Dış Aydınlatma","Outdoor Lighting"
"6186","280","1","Ledli Projektör","Ledli Projektör"
"6187","213","0","Dış Aydınlatma","Outdoor Lighting"
"6187","269","1","Slim Ledli Projektörler","Slim Led Flood Lights"
"6188","213","0","Dış Aydınlatma","Outdoor Lighting"
"6188","269","1","Slim Ledli Projektörler","Slim Led Flood Lights"
"6189","213","0","Dış Aydınlatma","Outdoor Lighting"
"6189","269","1","Slim Ledli Projektörler","Slim Led Flood Lights"
"6190","213","0","Dış Aydınlatma","Outdoor Lighting"
"6190","269","1","Slim Ledli Projektörler","Slim Led Flood Lights"
"6191","213","0","Dış Aydınlatma","Outdoor Lighting"
"6191","269","1","Slim Ledli Projektörler","Slim Led Flood Lights"
"6192","213","0","Dış Aydınlatma","Outdoor Lighting"
"6192","269","1","Slim Ledli Projektörler","Slim Led Flood Lights"
"6193","213","0","Dış Aydınlatma","Outdoor Lighting"
"6193","269","1","Slim Ledli Projektörler","Slim Led Flood Lights"
"6194","213","0","Dış Aydınlatma","Outdoor Lighting"
"6194","269","1","Slim Ledli Projektörler","Slim Led Flood Lights"
"6195","213","0","Dış Aydınlatma","Outdoor Lighting"
"6195","269","1","Slim Ledli Projektörler","Slim Led Flood Lights"
"6196","213","0","Dış Aydınlatma","Outdoor Lighting"
"6196","269","1","Slim Ledli Projektörler","Slim Led Flood Lights"
"6197","213","0","Dış Aydınlatma","Outdoor Lighting"
"6197","269","1","Slim Ledli Projektörler","Slim Led Flood Lights"
"6198","205","0","İç Aydınlatma","Indoor Lighting"
"6198","232","1","Dekoratif Sarkıt Armatürler ve Aplikler","Decorative Pendant Fixtures &amp; Appliques"
"6199","213","0","Dış Aydınlatma","Outdoor Lighting"
"6199","269","1","Slim Ledli Projektörler","Slim Led Flood Lights"
"6200","213","0","Dış Aydınlatma","Outdoor Lighting"
"6200","269","1","Slim Ledli Projektörler","Slim Led Flood Lights"
"6201","213","0","Dış Aydınlatma","Outdoor Lighting"
"6201","269","1","Slim Ledli Projektörler","Slim Led Flood Lights"
"6202","213","0","Dış Aydınlatma","Outdoor Lighting"
"6202","269","1","Slim Ledli Projektörler","Slim Led Flood Lights"
"6203","213","0","Dış Aydınlatma","Outdoor Lighting"
"6203","269","1","Slim Ledli Projektörler","Slim Led Flood Lights"
"6204","213","0","Dış Aydınlatma","Outdoor Lighting"
"6204","269","1","Slim Ledli Projektörler","Slim Led Flood Lights"
"6205","205","0","İç Aydınlatma","Indoor Lighting"
"6205","234","1","Modern Dekoratif Spot","Modern Decorative Spot Lights"
"6206","205","0","İç Aydınlatma","Indoor Lighting"
"6206","234","1","Modern Dekoratif Spot","Modern Decorative Spot Lights"
"6207","205","0","İç Aydınlatma","Indoor Lighting"
"6207","234","1","Modern Dekoratif Spot","Modern Decorative Spot Lights"
"6208","205","0","İç Aydınlatma","Indoor Lighting"
"6208","234","1","Modern Dekoratif Spot","Modern Decorative Spot Lights"
"6209","276","0","Ayın Ürünleri","Products of the Month"
"6209","205","0","İç Aydınlatma","Indoor Lighting"
"6209","234","1","Modern Dekoratif Spot","Modern Decorative Spot Lights"
"6210","276","0","Ayın Ürünleri","Products of the Month"
"6210","205","0","İç Aydınlatma","Indoor Lighting"
"6210","234","1","Modern Dekoratif Spot","Modern Decorative Spot Lights"
"6211","276","0","Ayın Ürünleri","Products of the Month"
"6211","205","0","İç Aydınlatma","Indoor Lighting"
"6211","234","1","Modern Dekoratif Spot","Modern Decorative Spot Lights"
"6212","276","0","Ayın Ürünleri","Products of the Month"
"6212","205","0","İç Aydınlatma","Indoor Lighting"
"6212","234","1","Modern Dekoratif Spot","Modern Decorative Spot Lights"
"6213","205","0","İç Aydınlatma","Indoor Lighting"
"6213","260","1","Starter","Starter"
"6214","276","0","Ayın Ürünleri","Products of the Month"
"6214","205","0","İç Aydınlatma","Indoor Lighting"
"6214","261","1","Sensörlü Tavan Armatürleri","Ceiling Lights with Sensor"
"6215","276","0","Ayın Ürünleri","Products of the Month"
"6215","205","0","İç Aydınlatma","Indoor Lighting"
"6215","261","1","Sensörlü Tavan Armatürleri","Ceiling Lights with Sensor"
"6216","226","0","Diğer Ürünler","Other Items"
"6216","265","1","Zaman Saatleri ve Sensörler","Magnetic Timer &amp; Sensors"
"6217","205","0","İç Aydınlatma","Indoor Lighting"
"6217","262","1","Sıva Üstü Dekoratif Armatürler ve Aplikler","Decorative Led Fixtures &amp; Appliques"
"6218","205","0","İç Aydınlatma","Indoor Lighting"
"6218","262","1","Sıva Üstü Dekoratif Armatürler ve Aplikler","Decorative Led Fixtures &amp; Appliques"
"6219","205","0","İç Aydınlatma","Indoor Lighting"
"6219","262","1","Sıva Üstü Dekoratif Armatürler ve Aplikler","Decorative Led Fixtures &amp; Appliques"
"6220","205","0","İç Aydınlatma","Indoor Lighting"
"6220","262","1","Sıva Üstü Dekoratif Armatürler ve Aplikler","Decorative Led Fixtures &amp; Appliques"
"6221","205","0","İç Aydınlatma","Indoor Lighting"
"6221","262","1","Sıva Üstü Dekoratif Armatürler ve Aplikler","Decorative Led Fixtures &amp; Appliques"
"6222","205","0","İç Aydınlatma","Indoor Lighting"
"6222","281","1","Sıva Üstü Dekoratif Sarkıt Armatürler ve Aplikler","Sıva Üstü Dekoratif Sarkıt Armatürler ve Aplikler"
"6223","205","0","İç Aydınlatma","Indoor Lighting"
"6223","262","1","Sıva Üstü Dekoratif Armatürler ve Aplikler","Decorative Led Fixtures &amp; Appliques"
"6224","205","0","İç Aydınlatma","Indoor Lighting"
"6224","262","1","Sıva Üstü Dekoratif Armatürler ve Aplikler","Decorative Led Fixtures &amp; Appliques"
"6225","205","0","İç Aydınlatma","Indoor Lighting"
"6225","262","1","Sıva Üstü Dekoratif Armatürler ve Aplikler","Decorative Led Fixtures &amp; Appliques"
"6226","205","0","İç Aydınlatma","Indoor Lighting"
"6226","262","1","Sıva Üstü Dekoratif Armatürler ve Aplikler","Decorative Led Fixtures &amp; Appliques"
"6227","205","0","İç Aydınlatma","Indoor Lighting"
"6227","262","1","Sıva Üstü Dekoratif Armatürler ve Aplikler","Decorative Led Fixtures &amp; Appliques"
"6228","205","0","İç Aydınlatma","Indoor Lighting"
"6228","262","1","Sıva Üstü Dekoratif Armatürler ve Aplikler","Decorative Led Fixtures &amp; Appliques"
"6229","205","0","İç Aydınlatma","Indoor Lighting"
"6229","262","1","Sıva Üstü Dekoratif Armatürler ve Aplikler","Decorative Led Fixtures &amp; Appliques"
"6230","205","0","İç Aydınlatma","Indoor Lighting"
"6230","282","1","Dekoratif Sıvaaltı LinearArmatürler","Dekoratif Sıvaaltı LinearArmatürler"
"6231","205","0","İç Aydınlatma","Indoor Lighting"
"6231","282","1","Dekoratif Sıvaaltı LinearArmatürler","Dekoratif Sıvaaltı LinearArmatürler"
"6232","205","0","İç Aydınlatma","Indoor Lighting"
"6232","282","1","Dekoratif Sıvaaltı LinearArmatürler","Dekoratif Sıvaaltı LinearArmatürler"
"6233","205","0","İç Aydınlatma","Indoor Lighting"
"6233","282","1","Dekoratif Sıvaaltı LinearArmatürler","Dekoratif Sıvaaltı LinearArmatürler"
"6234","205","0","İç Aydınlatma","Indoor Lighting"
"6234","282","1","Dekoratif Sıvaaltı LinearArmatürler","Dekoratif Sıvaaltı LinearArmatürler"
"6235","205","0","İç Aydınlatma","Indoor Lighting"
"6235","282","1","Dekoratif Sıvaaltı LinearArmatürler","Dekoratif Sıvaaltı LinearArmatürler"
"6236","205","0","İç Aydınlatma","Indoor Lighting"
"6236","282","1","Dekoratif Sıvaaltı LinearArmatürler","Dekoratif Sıvaaltı LinearArmatürler"
"6237","205","0","İç Aydınlatma","Indoor Lighting"
"6237","282","1","Dekoratif Sıvaaltı LinearArmatürler","Dekoratif Sıvaaltı LinearArmatürler"
"6238","205","0","İç Aydınlatma","Indoor Lighting"
"6238","282","1","Dekoratif Sıvaaltı LinearArmatürler","Dekoratif Sıvaaltı LinearArmatürler"
"6239","205","0","İç Aydınlatma","Indoor Lighting"
"6239","282","1","Dekoratif Sıvaaltı LinearArmatürler","Dekoratif Sıvaaltı LinearArmatürler"
"6240","205","0","İç Aydınlatma","Indoor Lighting"
"6240","282","1","Dekoratif Sıvaaltı LinearArmatürler","Dekoratif Sıvaaltı LinearArmatürler"
"6241","205","0","İç Aydınlatma","Indoor Lighting"
"6241","282","1","Dekoratif Sıvaaltı LinearArmatürler","Dekoratif Sıvaaltı LinearArmatürler"
"6242","205","0","İç Aydınlatma","Indoor Lighting"
"6242","282","1","Dekoratif Sıvaaltı LinearArmatürler","Dekoratif Sıvaaltı LinearArmatürler"
"6243","205","0","İç Aydınlatma","Indoor Lighting"
"6243","282","1","Dekoratif Sıvaaltı LinearArmatürler","Dekoratif Sıvaaltı LinearArmatürler"
"6244","205","0","İç Aydınlatma","Indoor Lighting"
"6244","282","1","Dekoratif Sıvaaltı LinearArmatürler","Dekoratif Sıvaaltı LinearArmatürler"
"6245","205","0","İç Aydınlatma","Indoor Lighting"
"6245","282","1","Dekoratif Sıvaaltı LinearArmatürler","Dekoratif Sıvaaltı LinearArmatürler"
"6246","205","0","İç Aydınlatma","Indoor Lighting"
"6246","282","1","Dekoratif Sıvaaltı LinearArmatürler","Dekoratif Sıvaaltı LinearArmatürler"
"6247","205","0","İç Aydınlatma","Indoor Lighting"
"6247","282","1","Dekoratif Sıvaaltı LinearArmatürler","Dekoratif Sıvaaltı LinearArmatürler"
"6248","205","0","İç Aydınlatma","Indoor Lighting"
"6248","282","1","Dekoratif Sıvaaltı LinearArmatürler","Dekoratif Sıvaaltı LinearArmatürler"
"6249","205","0","İç Aydınlatma","Indoor Lighting"
"6249","282","1","Dekoratif Sıvaaltı LinearArmatürler","Dekoratif Sıvaaltı LinearArmatürler"
"6250","205","0","İç Aydınlatma","Indoor Lighting"
"6250","282","1","Dekoratif Sıvaaltı LinearArmatürler","Dekoratif Sıvaaltı LinearArmatürler"
"6251","205","0","İç Aydınlatma","Indoor Lighting"
"6251","282","1","Dekoratif Sıvaaltı LinearArmatürler","Dekoratif Sıvaaltı LinearArmatürler"
"6252","205","0","İç Aydınlatma","Indoor Lighting"
"6252","282","1","Dekoratif Sıvaaltı LinearArmatürler","Dekoratif Sıvaaltı LinearArmatürler"
"6253","205","0","İç Aydınlatma","Indoor Lighting"
"6253","282","1","Dekoratif Sıvaaltı LinearArmatürler","Dekoratif Sıvaaltı LinearArmatürler"
"6254","205","0","İç Aydınlatma","Indoor Lighting"
"6254","282","1","Dekoratif Sıvaaltı LinearArmatürler","Dekoratif Sıvaaltı LinearArmatürler"
"6255","205","0","İç Aydınlatma","Indoor Lighting"
"6255","282","1","Dekoratif Sıvaaltı LinearArmatürler","Dekoratif Sıvaaltı LinearArmatürler"
"6256","205","0","İç Aydınlatma","Indoor Lighting"
"6256","282","1","Dekoratif Sıvaaltı LinearArmatürler","Dekoratif Sıvaaltı LinearArmatürler"
"6257","205","0","İç Aydınlatma","Indoor Lighting"
"6257","282","1","Dekoratif Sıvaaltı LinearArmatürler","Dekoratif Sıvaaltı LinearArmatürler"
"6258","205","0","İç Aydınlatma","Indoor Lighting"
"6258","282","1","Dekoratif Sıvaaltı LinearArmatürler","Dekoratif Sıvaaltı LinearArmatürler"
"6259","205","0","İç Aydınlatma","Indoor Lighting"
"6259","282","1","Dekoratif Sıvaaltı LinearArmatürler","Dekoratif Sıvaaltı LinearArmatürler"
"6260","205","0","İç Aydınlatma","Indoor Lighting"
"6260","282","1","Dekoratif Sıvaaltı LinearArmatürler","Dekoratif Sıvaaltı LinearArmatürler"
"6261","205","0","İç Aydınlatma","Indoor Lighting"
"6261","282","1","Dekoratif Sıvaaltı LinearArmatürler","Dekoratif Sıvaaltı LinearArmatürler"
"6262","205","0","İç Aydınlatma","Indoor Lighting"
"6262","282","1","Dekoratif Sıvaaltı LinearArmatürler","Dekoratif Sıvaaltı LinearArmatürler"
"6263","205","0","İç Aydınlatma","Indoor Lighting"
"6263","282","1","Dekoratif Sıvaaltı LinearArmatürler","Dekoratif Sıvaaltı LinearArmatürler"
"6264","205","0","İç Aydınlatma","Indoor Lighting"
"6264","282","1","Dekoratif Sıvaaltı LinearArmatürler","Dekoratif Sıvaaltı LinearArmatürler"
"6265","205","0","İç Aydınlatma","Indoor Lighting"
"6265","282","1","Dekoratif Sıvaaltı LinearArmatürler","Dekoratif Sıvaaltı LinearArmatürler"
"6266","205","0","İç Aydınlatma","Indoor Lighting"
"6266","282","1","Dekoratif Sıvaaltı LinearArmatürler","Dekoratif Sıvaaltı LinearArmatürler"
"6267","205","0","İç Aydınlatma","Indoor Lighting"
"6267","282","1","Dekoratif Sıvaaltı LinearArmatürler","Dekoratif Sıvaaltı LinearArmatürler"
"6268","205","0","İç Aydınlatma","Indoor Lighting"
"6268","282","1","Dekoratif Sıvaaltı LinearArmatürler","Dekoratif Sıvaaltı LinearArmatürler"
"6269","205","0","İç Aydınlatma","Indoor Lighting"
"6269","282","1","Dekoratif Sıvaaltı LinearArmatürler","Dekoratif Sıvaaltı LinearArmatürler"
"6270","205","0","İç Aydınlatma","Indoor Lighting"
"6270","282","1","Dekoratif Sıvaaltı LinearArmatürler","Dekoratif Sıvaaltı LinearArmatürler"
"6271","205","0","İç Aydınlatma","Indoor Lighting"
"6271","282","1","Dekoratif Sıvaaltı LinearArmatürler","Dekoratif Sıvaaltı LinearArmatürler"
"6272","205","0","İç Aydınlatma","Indoor Lighting"
"6272","282","1","Dekoratif Sıvaaltı LinearArmatürler","Dekoratif Sıvaaltı LinearArmatürler"
"6273","205","0","İç Aydınlatma","Indoor Lighting"
"6273","282","1","Dekoratif Sıvaaltı LinearArmatürler","Dekoratif Sıvaaltı LinearArmatürler"
"6274","205","0","İç Aydınlatma","Indoor Lighting"
"6274","282","1","Dekoratif Sıvaaltı LinearArmatürler","Dekoratif Sıvaaltı LinearArmatürler"
"6275","205","0","İç Aydınlatma","Indoor Lighting"
"6275","282","1","Dekoratif Sıvaaltı LinearArmatürler","Dekoratif Sıvaaltı LinearArmatürler"
"6276","205","0","İç Aydınlatma","Indoor Lighting"
"6276","282","1","Dekoratif Sıvaaltı LinearArmatürler","Dekoratif Sıvaaltı LinearArmatürler"
"6277","205","0","İç Aydınlatma","Indoor Lighting"
"6277","282","1","Dekoratif Sıvaaltı LinearArmatürler","Dekoratif Sıvaaltı LinearArmatürler"
"6278","205","0","İç Aydınlatma","Indoor Lighting"
"6278","282","1","Dekoratif Sıvaaltı LinearArmatürler","Dekoratif Sıvaaltı LinearArmatürler"
"6279","205","0","İç Aydınlatma","Indoor Lighting"
"6279","282","1","Dekoratif Sıvaaltı LinearArmatürler","Dekoratif Sıvaaltı LinearArmatürler"
"6280","205","0","İç Aydınlatma","Indoor Lighting"
"6280","282","1","Dekoratif Sıvaaltı LinearArmatürler","Dekoratif Sıvaaltı LinearArmatürler"
"6281","205","0","İç Aydınlatma","Indoor Lighting"
"6281","282","1","Dekoratif Sıvaaltı LinearArmatürler","Dekoratif Sıvaaltı LinearArmatürler"
"6282","205","0","İç Aydınlatma","Indoor Lighting"
"6282","282","1","Dekoratif Sıvaaltı LinearArmatürler","Dekoratif Sıvaaltı LinearArmatürler"
"6283","205","0","İç Aydınlatma","Indoor Lighting"
"6283","282","1","Dekoratif Sıvaaltı LinearArmatürler","Dekoratif Sıvaaltı LinearArmatürler"
"6284","205","0","İç Aydınlatma","Indoor Lighting"
"6284","282","1","Dekoratif Sıvaaltı LinearArmatürler","Dekoratif Sıvaaltı LinearArmatürler"
"6285","205","0","İç Aydınlatma","Indoor Lighting"
"6285","282","1","Dekoratif Sıvaaltı LinearArmatürler","Dekoratif Sıvaaltı LinearArmatürler"
"6286","205","0","İç Aydınlatma","Indoor Lighting"
"6286","282","1","Dekoratif Sıvaaltı LinearArmatürler","Dekoratif Sıvaaltı LinearArmatürler"
"6287","205","0","İç Aydınlatma","Indoor Lighting"
"6287","282","1","Dekoratif Sıvaaltı LinearArmatürler","Dekoratif Sıvaaltı LinearArmatürler"
"6288","205","0","İç Aydınlatma","Indoor Lighting"
"6288","282","1","Dekoratif Sıvaaltı LinearArmatürler","Dekoratif Sıvaaltı LinearArmatürler"
"6289","205","0","İç Aydınlatma","Indoor Lighting"
"6289","282","1","Dekoratif Sıvaaltı LinearArmatürler","Dekoratif Sıvaaltı LinearArmatürler"
"6290","205","0","İç Aydınlatma","Indoor Lighting"
"6290","282","1","Dekoratif Sıvaaltı LinearArmatürler","Dekoratif Sıvaaltı LinearArmatürler"
"6291","205","0","İç Aydınlatma","Indoor Lighting"
"6291","282","1","Dekoratif Sıvaaltı LinearArmatürler","Dekoratif Sıvaaltı LinearArmatürler"
"6292","205","0","İç Aydınlatma","Indoor Lighting"
"6292","282","1","Dekoratif Sıvaaltı LinearArmatürler","Dekoratif Sıvaaltı LinearArmatürler"
"6293","205","0","İç Aydınlatma","Indoor Lighting"
"6293","282","1","Dekoratif Sıvaaltı LinearArmatürler","Dekoratif Sıvaaltı LinearArmatürler"
"6294","205","0","İç Aydınlatma","Indoor Lighting"
"6294","282","1","Dekoratif Sıvaaltı LinearArmatürler","Dekoratif Sıvaaltı LinearArmatürler"
"6295","205","0","İç Aydınlatma","Indoor Lighting"
"6295","282","1","Dekoratif Sıvaaltı LinearArmatürler","Dekoratif Sıvaaltı LinearArmatürler"
"6296","205","0","İç Aydınlatma","Indoor Lighting"
"6296","282","1","Dekoratif Sıvaaltı LinearArmatürler","Dekoratif Sıvaaltı LinearArmatürler"
"6297","205","0","İç Aydınlatma","Indoor Lighting"
"6297","282","1","Dekoratif Sıvaaltı LinearArmatürler","Dekoratif Sıvaaltı LinearArmatürler"
"6298","205","0","İç Aydınlatma","Indoor Lighting"
"6298","282","1","Dekoratif Sıvaaltı LinearArmatürler","Dekoratif Sıvaaltı LinearArmatürler"
"6299","205","0","İç Aydınlatma","Indoor Lighting"
"6299","282","1","Dekoratif Sıvaaltı LinearArmatürler","Dekoratif Sıvaaltı LinearArmatürler"
"6300","205","0","İç Aydınlatma","Indoor Lighting"
"6300","282","1","Dekoratif Sıvaaltı LinearArmatürler","Dekoratif Sıvaaltı LinearArmatürler"
"6301","205","0","İç Aydınlatma","Indoor Lighting"
"6301","282","1","Dekoratif Sıvaaltı LinearArmatürler","Dekoratif Sıvaaltı LinearArmatürler"
"6302","205","0","İç Aydınlatma","Indoor Lighting"
"6302","282","1","Dekoratif Sıvaaltı LinearArmatürler","Dekoratif Sıvaaltı LinearArmatürler"
"6303","205","0","İç Aydınlatma","Indoor Lighting"
"6303","282","1","Dekoratif Sıvaaltı LinearArmatürler","Dekoratif Sıvaaltı LinearArmatürler"
"6304","205","0","İç Aydınlatma","Indoor Lighting"
"6304","282","1","Dekoratif Sıvaaltı LinearArmatürler","Dekoratif Sıvaaltı LinearArmatürler"
"6305","205","0","İç Aydınlatma","Indoor Lighting"
"6305","282","1","Dekoratif Sıvaaltı LinearArmatürler","Dekoratif Sıvaaltı LinearArmatürler"
"6306","205","0","İç Aydınlatma","Indoor Lighting"
"6306","282","1","Dekoratif Sıvaaltı LinearArmatürler","Dekoratif Sıvaaltı LinearArmatürler"
"6307","205","0","İç Aydınlatma","Indoor Lighting"
"6307","282","1","Dekoratif Sıvaaltı LinearArmatürler","Dekoratif Sıvaaltı LinearArmatürler"
"6308","205","0","İç Aydınlatma","Indoor Lighting"
"6308","282","1","Dekoratif Sıvaaltı LinearArmatürler","Dekoratif Sıvaaltı LinearArmatürler"
"6309","205","0","İç Aydınlatma","Indoor Lighting"
"6309","282","1","Dekoratif Sıvaaltı LinearArmatürler","Dekoratif Sıvaaltı LinearArmatürler"
"6310","205","0","İç Aydınlatma","Indoor Lighting"
"6310","282","1","Dekoratif Sıvaaltı LinearArmatürler","Dekoratif Sıvaaltı LinearArmatürler"
"6311","205","0","İç Aydınlatma","Indoor Lighting"
"6311","281","1","Sıva Üstü Dekoratif Sarkıt Armatürler ve Aplikler","Sıva Üstü Dekoratif Sarkıt Armatürler ve Aplikler"
"6312","205","0","İç Aydınlatma","Indoor Lighting"
"6312","281","1","Sıva Üstü Dekoratif Sarkıt Armatürler ve Aplikler","Sıva Üstü Dekoratif Sarkıt Armatürler ve Aplikler"
"6313","205","0","İç Aydınlatma","Indoor Lighting"
"6313","281","1","Sıva Üstü Dekoratif Sarkıt Armatürler ve Aplikler","Sıva Üstü Dekoratif Sarkıt Armatürler ve Aplikler"
"6314","205","0","İç Aydınlatma","Indoor Lighting"
"6314","281","1","Sıva Üstü Dekoratif Sarkıt Armatürler ve Aplikler","Sıva Üstü Dekoratif Sarkıt Armatürler ve Aplikler"
"6315","205","0","İç Aydınlatma","Indoor Lighting"
"6315","281","1","Sıva Üstü Dekoratif Sarkıt Armatürler ve Aplikler","Sıva Üstü Dekoratif Sarkıt Armatürler ve Aplikler"
"6316","205","0","İç Aydınlatma","Indoor Lighting"
"6316","281","1","Sıva Üstü Dekoratif Sarkıt Armatürler ve Aplikler","Sıva Üstü Dekoratif Sarkıt Armatürler ve Aplikler"
"6317","205","0","İç Aydınlatma","Indoor Lighting"
"6317","281","1","Sıva Üstü Dekoratif Sarkıt Armatürler ve Aplikler","Sıva Üstü Dekoratif Sarkıt Armatürler ve Aplikler"
"6318","205","0","İç Aydınlatma","Indoor Lighting"
"6318","281","1","Sıva Üstü Dekoratif Sarkıt Armatürler ve Aplikler","Sıva Üstü Dekoratif Sarkıt Armatürler ve Aplikler"
"6319","205","0","İç Aydınlatma","Indoor Lighting"
"6319","281","1","Sıva Üstü Dekoratif Sarkıt Armatürler ve Aplikler","Sıva Üstü Dekoratif Sarkıt Armatürler ve Aplikler"
"6320","205","0","İç Aydınlatma","Indoor Lighting"
"6320","281","1","Sıva Üstü Dekoratif Sarkıt Armatürler ve Aplikler","Sıva Üstü Dekoratif Sarkıt Armatürler ve Aplikler"
"6321","205","0","İç Aydınlatma","Indoor Lighting"
"6321","281","1","Sıva Üstü Dekoratif Sarkıt Armatürler ve Aplikler","Sıva Üstü Dekoratif Sarkıt Armatürler ve Aplikler"
"6322","205","0","İç Aydınlatma","Indoor Lighting"
"6322","281","1","Sıva Üstü Dekoratif Sarkıt Armatürler ve Aplikler","Sıva Üstü Dekoratif Sarkıt Armatürler ve Aplikler"
"6323","205","0","İç Aydınlatma","Indoor Lighting"
"6323","281","1","Sıva Üstü Dekoratif Sarkıt Armatürler ve Aplikler","Sıva Üstü Dekoratif Sarkıt Armatürler ve Aplikler"
"6324","205","0","İç Aydınlatma","Indoor Lighting"
"6324","281","1","Sıva Üstü Dekoratif Sarkıt Armatürler ve Aplikler","Sıva Üstü Dekoratif Sarkıt Armatürler ve Aplikler"
"6325","205","0","İç Aydınlatma","Indoor Lighting"
"6325","281","1","Sıva Üstü Dekoratif Sarkıt Armatürler ve Aplikler","Sıva Üstü Dekoratif Sarkıt Armatürler ve Aplikler"
"6326","205","0","İç Aydınlatma","Indoor Lighting"
"6326","281","1","Sıva Üstü Dekoratif Sarkıt Armatürler ve Aplikler","Sıva Üstü Dekoratif Sarkıt Armatürler ve Aplikler"
"6327","205","0","İç Aydınlatma","Indoor Lighting"
"6327","281","1","Sıva Üstü Dekoratif Sarkıt Armatürler ve Aplikler","Sıva Üstü Dekoratif Sarkıt Armatürler ve Aplikler"
"6328","205","0","İç Aydınlatma","Indoor Lighting"
"6328","281","1","Sıva Üstü Dekoratif Sarkıt Armatürler ve Aplikler","Sıva Üstü Dekoratif Sarkıt Armatürler ve Aplikler"
"6329","205","0","İç Aydınlatma","Indoor Lighting"
"6329","281","1","Sıva Üstü Dekoratif Sarkıt Armatürler ve Aplikler","Sıva Üstü Dekoratif Sarkıt Armatürler ve Aplikler"
"6330","205","0","İç Aydınlatma","Indoor Lighting"
"6330","281","1","Sıva Üstü Dekoratif Sarkıt Armatürler ve Aplikler","Sıva Üstü Dekoratif Sarkıt Armatürler ve Aplikler"
"6331","205","0","İç Aydınlatma","Indoor Lighting"
"6331","281","1","Sıva Üstü Dekoratif Sarkıt Armatürler ve Aplikler","Sıva Üstü Dekoratif Sarkıt Armatürler ve Aplikler"
"6332","205","0","İç Aydınlatma","Indoor Lighting"
"6332","281","1","Sıva Üstü Dekoratif Sarkıt Armatürler ve Aplikler","Sıva Üstü Dekoratif Sarkıt Armatürler ve Aplikler"
"6333","205","0","İç Aydınlatma","Indoor Lighting"
"6333","281","1","Sıva Üstü Dekoratif Sarkıt Armatürler ve Aplikler","Sıva Üstü Dekoratif Sarkıt Armatürler ve Aplikler"
"6334","205","0","İç Aydınlatma","Indoor Lighting"
"6334","281","1","Sıva Üstü Dekoratif Sarkıt Armatürler ve Aplikler","Sıva Üstü Dekoratif Sarkıt Armatürler ve Aplikler"
"6335","205","0","İç Aydınlatma","Indoor Lighting"
"6335","281","1","Sıva Üstü Dekoratif Sarkıt Armatürler ve Aplikler","Sıva Üstü Dekoratif Sarkıt Armatürler ve Aplikler"
"6336","205","0","İç Aydınlatma","Indoor Lighting"
"6336","281","1","Sıva Üstü Dekoratif Sarkıt Armatürler ve Aplikler","Sıva Üstü Dekoratif Sarkıt Armatürler ve Aplikler"
"6337","205","0","İç Aydınlatma","Indoor Lighting"
"6337","281","1","Sıva Üstü Dekoratif Sarkıt Armatürler ve Aplikler","Sıva Üstü Dekoratif Sarkıt Armatürler ve Aplikler"
"6338","205","0","İç Aydınlatma","Indoor Lighting"
"6338","281","1","Sıva Üstü Dekoratif Sarkıt Armatürler ve Aplikler","Sıva Üstü Dekoratif Sarkıt Armatürler ve Aplikler"
"6339","205","0","İç Aydınlatma","Indoor Lighting"
"6339","281","1","Sıva Üstü Dekoratif Sarkıt Armatürler ve Aplikler","Sıva Üstü Dekoratif Sarkıt Armatürler ve Aplikler"
"6340","205","0","İç Aydınlatma","Indoor Lighting"
"6340","281","1","Sıva Üstü Dekoratif Sarkıt Armatürler ve Aplikler","Sıva Üstü Dekoratif Sarkıt Armatürler ve Aplikler"
"6341","205","0","İç Aydınlatma","Indoor Lighting"
"6341","281","1","Sıva Üstü Dekoratif Sarkıt Armatürler ve Aplikler","Sıva Üstü Dekoratif Sarkıt Armatürler ve Aplikler"
"6342","205","0","İç Aydınlatma","Indoor Lighting"
"6342","281","1","Sıva Üstü Dekoratif Sarkıt Armatürler ve Aplikler","Sıva Üstü Dekoratif Sarkıt Armatürler ve Aplikler"
"6343","205","0","İç Aydınlatma","Indoor Lighting"
"6343","281","1","Sıva Üstü Dekoratif Sarkıt Armatürler ve Aplikler","Sıva Üstü Dekoratif Sarkıt Armatürler ve Aplikler"
"6344","205","0","İç Aydınlatma","Indoor Lighting"
"6344","281","1","Sıva Üstü Dekoratif Sarkıt Armatürler ve Aplikler","Sıva Üstü Dekoratif Sarkıt Armatürler ve Aplikler"
"6345","205","0","İç Aydınlatma","Indoor Lighting"
"6345","281","1","Sıva Üstü Dekoratif Sarkıt Armatürler ve Aplikler","Sıva Üstü Dekoratif Sarkıt Armatürler ve Aplikler"
"6346","205","0","İç Aydınlatma","Indoor Lighting"
"6346","281","1","Sıva Üstü Dekoratif Sarkıt Armatürler ve Aplikler","Sıva Üstü Dekoratif Sarkıt Armatürler ve Aplikler"
"6347","205","0","İç Aydınlatma","Indoor Lighting"
"6347","281","1","Sıva Üstü Dekoratif Sarkıt Armatürler ve Aplikler","Sıva Üstü Dekoratif Sarkıt Armatürler ve Aplikler"
"6348","205","0","İç Aydınlatma","Indoor Lighting"
"6348","281","1","Sıva Üstü Dekoratif Sarkıt Armatürler ve Aplikler","Sıva Üstü Dekoratif Sarkıt Armatürler ve Aplikler"
"6349","205","0","İç Aydınlatma","Indoor Lighting"
"6349","281","1","Sıva Üstü Dekoratif Sarkıt Armatürler ve Aplikler","Sıva Üstü Dekoratif Sarkıt Armatürler ve Aplikler"
"6350","205","0","İç Aydınlatma","Indoor Lighting"
"6350","281","1","Sıva Üstü Dekoratif Sarkıt Armatürler ve Aplikler","Sıva Üstü Dekoratif Sarkıt Armatürler ve Aplikler"
"6351","205","0","İç Aydınlatma","Indoor Lighting"
"6351","281","1","Sıva Üstü Dekoratif Sarkıt Armatürler ve Aplikler","Sıva Üstü Dekoratif Sarkıt Armatürler ve Aplikler"
"6352","205","0","İç Aydınlatma","Indoor Lighting"
"6352","281","1","Sıva Üstü Dekoratif Sarkıt Armatürler ve Aplikler","Sıva Üstü Dekoratif Sarkıt Armatürler ve Aplikler"
"6353","205","0","İç Aydınlatma","Indoor Lighting"
"6353","281","1","Sıva Üstü Dekoratif Sarkıt Armatürler ve Aplikler","Sıva Üstü Dekoratif Sarkıt Armatürler ve Aplikler"
"6354","205","0","İç Aydınlatma","Indoor Lighting"
"6354","281","1","Sıva Üstü Dekoratif Sarkıt Armatürler ve Aplikler","Sıva Üstü Dekoratif Sarkıt Armatürler ve Aplikler"
"6355","205","0","İç Aydınlatma","Indoor Lighting"
"6355","281","1","Sıva Üstü Dekoratif Sarkıt Armatürler ve Aplikler","Sıva Üstü Dekoratif Sarkıt Armatürler ve Aplikler"
"6356","205","0","İç Aydınlatma","Indoor Lighting"
"6356","281","1","Sıva Üstü Dekoratif Sarkıt Armatürler ve Aplikler","Sıva Üstü Dekoratif Sarkıt Armatürler ve Aplikler"
"6357","205","0","İç Aydınlatma","Indoor Lighting"
"6357","281","1","Sıva Üstü Dekoratif Sarkıt Armatürler ve Aplikler","Sıva Üstü Dekoratif Sarkıt Armatürler ve Aplikler"
"6358","205","0","İç Aydınlatma","Indoor Lighting"
"6358","281","1","Sıva Üstü Dekoratif Sarkıt Armatürler ve Aplikler","Sıva Üstü Dekoratif Sarkıt Armatürler ve Aplikler"
"6359","205","0","İç Aydınlatma","Indoor Lighting"
"6359","281","1","Sıva Üstü Dekoratif Sarkıt Armatürler ve Aplikler","Sıva Üstü Dekoratif Sarkıt Armatürler ve Aplikler"
"6360","205","0","İç Aydınlatma","Indoor Lighting"
"6360","281","1","Sıva Üstü Dekoratif Sarkıt Armatürler ve Aplikler","Sıva Üstü Dekoratif Sarkıt Armatürler ve Aplikler"
"6361","205","0","İç Aydınlatma","Indoor Lighting"
"6361","281","1","Sıva Üstü Dekoratif Sarkıt Armatürler ve Aplikler","Sıva Üstü Dekoratif Sarkıt Armatürler ve Aplikler"
"6362","205","0","İç Aydınlatma","Indoor Lighting"
"6362","281","1","Sıva Üstü Dekoratif Sarkıt Armatürler ve Aplikler","Sıva Üstü Dekoratif Sarkıt Armatürler ve Aplikler"
"6363","205","0","İç Aydınlatma","Indoor Lighting"
"6363","281","1","Sıva Üstü Dekoratif Sarkıt Armatürler ve Aplikler","Sıva Üstü Dekoratif Sarkıt Armatürler ve Aplikler"
"6364","205","0","İç Aydınlatma","Indoor Lighting"
"6364","281","1","Sıva Üstü Dekoratif Sarkıt Armatürler ve Aplikler","Sıva Üstü Dekoratif Sarkıt Armatürler ve Aplikler"
"6365","205","0","İç Aydınlatma","Indoor Lighting"
"6365","281","1","Sıva Üstü Dekoratif Sarkıt Armatürler ve Aplikler","Sıva Üstü Dekoratif Sarkıt Armatürler ve Aplikler"
"6366","205","0","İç Aydınlatma","Indoor Lighting"
"6366","281","1","Sıva Üstü Dekoratif Sarkıt Armatürler ve Aplikler","Sıva Üstü Dekoratif Sarkıt Armatürler ve Aplikler"
"6367","205","0","İç Aydınlatma","Indoor Lighting"
"6367","281","1","Sıva Üstü Dekoratif Sarkıt Armatürler ve Aplikler","Sıva Üstü Dekoratif Sarkıt Armatürler ve Aplikler"
"6368","205","0","İç Aydınlatma","Indoor Lighting"
"6368","281","1","Sıva Üstü Dekoratif Sarkıt Armatürler ve Aplikler","Sıva Üstü Dekoratif Sarkıt Armatürler ve Aplikler"
"6369","205","0","İç Aydınlatma","Indoor Lighting"
"6369","281","1","Sıva Üstü Dekoratif Sarkıt Armatürler ve Aplikler","Sıva Üstü Dekoratif Sarkıt Armatürler ve Aplikler"
"6370","205","0","İç Aydınlatma","Indoor Lighting"
"6370","281","1","Sıva Üstü Dekoratif Sarkıt Armatürler ve Aplikler","Sıva Üstü Dekoratif Sarkıt Armatürler ve Aplikler"
"6371","205","0","İç Aydınlatma","Indoor Lighting"
"6371","281","1","Sıva Üstü Dekoratif Sarkıt Armatürler ve Aplikler","Sıva Üstü Dekoratif Sarkıt Armatürler ve Aplikler"
"6372","205","0","İç Aydınlatma","Indoor Lighting"
"6372","281","1","Sıva Üstü Dekoratif Sarkıt Armatürler ve Aplikler","Sıva Üstü Dekoratif Sarkıt Armatürler ve Aplikler"
"6373","205","0","İç Aydınlatma","Indoor Lighting"
"6373","281","1","Sıva Üstü Dekoratif Sarkıt Armatürler ve Aplikler","Sıva Üstü Dekoratif Sarkıt Armatürler ve Aplikler"
"6374","205","0","İç Aydınlatma","Indoor Lighting"
"6374","281","1","Sıva Üstü Dekoratif Sarkıt Armatürler ve Aplikler","Sıva Üstü Dekoratif Sarkıt Armatürler ve Aplikler"
"6375","205","0","İç Aydınlatma","Indoor Lighting"
"6375","281","1","Sıva Üstü Dekoratif Sarkıt Armatürler ve Aplikler","Sıva Üstü Dekoratif Sarkıt Armatürler ve Aplikler"
"6376","205","0","İç Aydınlatma","Indoor Lighting"
"6376","281","1","Sıva Üstü Dekoratif Sarkıt Armatürler ve Aplikler","Sıva Üstü Dekoratif Sarkıt Armatürler ve Aplikler"
"6377","205","0","İç Aydınlatma","Indoor Lighting"
"6377","281","1","Sıva Üstü Dekoratif Sarkıt Armatürler ve Aplikler","Sıva Üstü Dekoratif Sarkıt Armatürler ve Aplikler"
"6378","205","0","İç Aydınlatma","Indoor Lighting"
"6378","281","1","Sıva Üstü Dekoratif Sarkıt Armatürler ve Aplikler","Sıva Üstü Dekoratif Sarkıt Armatürler ve Aplikler"
"6379","205","0","İç Aydınlatma","Indoor Lighting"
"6379","281","1","Sıva Üstü Dekoratif Sarkıt Armatürler ve Aplikler","Sıva Üstü Dekoratif Sarkıt Armatürler ve Aplikler"
"6380","205","0","İç Aydınlatma","Indoor Lighting"
"6380","281","1","Sıva Üstü Dekoratif Sarkıt Armatürler ve Aplikler","Sıva Üstü Dekoratif Sarkıt Armatürler ve Aplikler"
"6381","205","0","İç Aydınlatma","Indoor Lighting"
"6381","281","1","Sıva Üstü Dekoratif Sarkıt Armatürler ve Aplikler","Sıva Üstü Dekoratif Sarkıt Armatürler ve Aplikler"
"6382","205","0","İç Aydınlatma","Indoor Lighting"
"6382","281","1","Sıva Üstü Dekoratif Sarkıt Armatürler ve Aplikler","Sıva Üstü Dekoratif Sarkıt Armatürler ve Aplikler"
"6383","205","0","İç Aydınlatma","Indoor Lighting"
"6383","281","1","Sıva Üstü Dekoratif Sarkıt Armatürler ve Aplikler","Sıva Üstü Dekoratif Sarkıt Armatürler ve Aplikler"
"6384","205","0","İç Aydınlatma","Indoor Lighting"
"6384","281","1","Sıva Üstü Dekoratif Sarkıt Armatürler ve Aplikler","Sıva Üstü Dekoratif Sarkıt Armatürler ve Aplikler"
"6385","205","0","İç Aydınlatma","Indoor Lighting"
"6385","281","1","Sıva Üstü Dekoratif Sarkıt Armatürler ve Aplikler","Sıva Üstü Dekoratif Sarkıt Armatürler ve Aplikler"
"6386","205","0","İç Aydınlatma","Indoor Lighting"
"6386","281","1","Sıva Üstü Dekoratif Sarkıt Armatürler ve Aplikler","Sıva Üstü Dekoratif Sarkıt Armatürler ve Aplikler"
"6387","205","0","İç Aydınlatma","Indoor Lighting"
"6387","281","1","Sıva Üstü Dekoratif Sarkıt Armatürler ve Aplikler","Sıva Üstü Dekoratif Sarkıt Armatürler ve Aplikler"
"6388","205","0","İç Aydınlatma","Indoor Lighting"
"6388","281","1","Sıva Üstü Dekoratif Sarkıt Armatürler ve Aplikler","Sıva Üstü Dekoratif Sarkıt Armatürler ve Aplikler"
"6389","205","0","İç Aydınlatma","Indoor Lighting"
"6389","281","1","Sıva Üstü Dekoratif Sarkıt Armatürler ve Aplikler","Sıva Üstü Dekoratif Sarkıt Armatürler ve Aplikler"
"6390","205","0","İç Aydınlatma","Indoor Lighting"
"6390","281","1","Sıva Üstü Dekoratif Sarkıt Armatürler ve Aplikler","Sıva Üstü Dekoratif Sarkıt Armatürler ve Aplikler"
"6391","205","0","İç Aydınlatma","Indoor Lighting"
"6391","281","1","Sıva Üstü Dekoratif Sarkıt Armatürler ve Aplikler","Sıva Üstü Dekoratif Sarkıt Armatürler ve Aplikler"
"6392","205","0","İç Aydınlatma","Indoor Lighting"
"6392","281","1","Sıva Üstü Dekoratif Sarkıt Armatürler ve Aplikler","Sıva Üstü Dekoratif Sarkıt Armatürler ve Aplikler"
"6393","205","0","İç Aydınlatma","Indoor Lighting"
"6393","281","1","Sıva Üstü Dekoratif Sarkıt Armatürler ve Aplikler","Sıva Üstü Dekoratif Sarkıt Armatürler ve Aplikler"
"6394","205","0","İç Aydınlatma","Indoor Lighting"
"6394","281","1","Sıva Üstü Dekoratif Sarkıt Armatürler ve Aplikler","Sıva Üstü Dekoratif Sarkıt Armatürler ve Aplikler"
"6395","205","0","İç Aydınlatma","Indoor Lighting"
"6395","281","1","Sıva Üstü Dekoratif Sarkıt Armatürler ve Aplikler","Sıva Üstü Dekoratif Sarkıt Armatürler ve Aplikler"
"6396","205","0","İç Aydınlatma","Indoor Lighting"
"6396","281","1","Sıva Üstü Dekoratif Sarkıt Armatürler ve Aplikler","Sıva Üstü Dekoratif Sarkıt Armatürler ve Aplikler"
"6397","205","0","İç Aydınlatma","Indoor Lighting"
"6397","281","1","Sıva Üstü Dekoratif Sarkıt Armatürler ve Aplikler","Sıva Üstü Dekoratif Sarkıt Armatürler ve Aplikler"
"6398","205","0","İç Aydınlatma","Indoor Lighting"
"6398","281","1","Sıva Üstü Dekoratif Sarkıt Armatürler ve Aplikler","Sıva Üstü Dekoratif Sarkıt Armatürler ve Aplikler"
"6399","205","0","İç Aydınlatma","Indoor Lighting"
"6399","281","1","Sıva Üstü Dekoratif Sarkıt Armatürler ve Aplikler","Sıva Üstü Dekoratif Sarkıt Armatürler ve Aplikler"
"6400","205","0","İç Aydınlatma","Indoor Lighting"
"6400","281","1","Sıva Üstü Dekoratif Sarkıt Armatürler ve Aplikler","Sıva Üstü Dekoratif Sarkıt Armatürler ve Aplikler"
"6401","205","0","İç Aydınlatma","Indoor Lighting"
"6401","281","1","Sıva Üstü Dekoratif Sarkıt Armatürler ve Aplikler","Sıva Üstü Dekoratif Sarkıt Armatürler ve Aplikler"
"6402","205","0","İç Aydınlatma","Indoor Lighting"
"6402","281","1","Sıva Üstü Dekoratif Sarkıt Armatürler ve Aplikler","Sıva Üstü Dekoratif Sarkıt Armatürler ve Aplikler"
"6403","205","0","İç Aydınlatma","Indoor Lighting"
"6403","281","1","Sıva Üstü Dekoratif Sarkıt Armatürler ve Aplikler","Sıva Üstü Dekoratif Sarkıt Armatürler ve Aplikler"
"6404","205","0","İç Aydınlatma","Indoor Lighting"
"6404","281","1","Sıva Üstü Dekoratif Sarkıt Armatürler ve Aplikler","Sıva Üstü Dekoratif Sarkıt Armatürler ve Aplikler"
"6405","205","0","İç Aydınlatma","Indoor Lighting"
"6405","281","1","Sıva Üstü Dekoratif Sarkıt Armatürler ve Aplikler","Sıva Üstü Dekoratif Sarkıt Armatürler ve Aplikler"
"6406","205","0","İç Aydınlatma","Indoor Lighting"
"6406","281","1","Sıva Üstü Dekoratif Sarkıt Armatürler ve Aplikler","Sıva Üstü Dekoratif Sarkıt Armatürler ve Aplikler"
"6407","205","0","İç Aydınlatma","Indoor Lighting"
"6407","281","1","Sıva Üstü Dekoratif Sarkıt Armatürler ve Aplikler","Sıva Üstü Dekoratif Sarkıt Armatürler ve Aplikler"
"6408","205","0","İç Aydınlatma","Indoor Lighting"
"6408","281","1","Sıva Üstü Dekoratif Sarkıt Armatürler ve Aplikler","Sıva Üstü Dekoratif Sarkıt Armatürler ve Aplikler"
"6409","205","0","İç Aydınlatma","Indoor Lighting"
"6409","281","1","Sıva Üstü Dekoratif Sarkıt Armatürler ve Aplikler","Sıva Üstü Dekoratif Sarkıt Armatürler ve Aplikler"
"6410","205","0","İç Aydınlatma","Indoor Lighting"
"6410","281","1","Sıva Üstü Dekoratif Sarkıt Armatürler ve Aplikler","Sıva Üstü Dekoratif Sarkıt Armatürler ve Aplikler"
"6411","205","0","İç Aydınlatma","Indoor Lighting"
"6411","281","1","Sıva Üstü Dekoratif Sarkıt Armatürler ve Aplikler","Sıva Üstü Dekoratif Sarkıt Armatürler ve Aplikler"
"6412","205","0","İç Aydınlatma","Indoor Lighting"
"6412","281","1","Sıva Üstü Dekoratif Sarkıt Armatürler ve Aplikler","Sıva Üstü Dekoratif Sarkıt Armatürler ve Aplikler"
"6413","205","0","İç Aydınlatma","Indoor Lighting"
"6413","281","1","Sıva Üstü Dekoratif Sarkıt Armatürler ve Aplikler","Sıva Üstü Dekoratif Sarkıt Armatürler ve Aplikler"
"6414","205","0","İç Aydınlatma","Indoor Lighting"
"6414","281","1","Sıva Üstü Dekoratif Sarkıt Armatürler ve Aplikler","Sıva Üstü Dekoratif Sarkıt Armatürler ve Aplikler"
"6415","205","0","İç Aydınlatma","Indoor Lighting"
"6415","281","1","Sıva Üstü Dekoratif Sarkıt Armatürler ve Aplikler","Sıva Üstü Dekoratif Sarkıt Armatürler ve Aplikler"
"6416","205","0","İç Aydınlatma","Indoor Lighting"
"6416","281","1","Sıva Üstü Dekoratif Sarkıt Armatürler ve Aplikler","Sıva Üstü Dekoratif Sarkıt Armatürler ve Aplikler"
"6417","205","0","İç Aydınlatma","Indoor Lighting"
"6417","281","1","Sıva Üstü Dekoratif Sarkıt Armatürler ve Aplikler","Sıva Üstü Dekoratif Sarkıt Armatürler ve Aplikler"
"6418","205","0","İç Aydınlatma","Indoor Lighting"
"6418","281","1","Sıva Üstü Dekoratif Sarkıt Armatürler ve Aplikler","Sıva Üstü Dekoratif Sarkıt Armatürler ve Aplikler"
"6419","205","0","İç Aydınlatma","Indoor Lighting"
"6419","281","1","Sıva Üstü Dekoratif Sarkıt Armatürler ve Aplikler","Sıva Üstü Dekoratif Sarkıt Armatürler ve Aplikler"
"6420","205","0","İç Aydınlatma","Indoor Lighting"
"6420","281","1","Sıva Üstü Dekoratif Sarkıt Armatürler ve Aplikler","Sıva Üstü Dekoratif Sarkıt Armatürler ve Aplikler"
"6421","205","0","İç Aydınlatma","Indoor Lighting"
"6421","281","1","Sıva Üstü Dekoratif Sarkıt Armatürler ve Aplikler","Sıva Üstü Dekoratif Sarkıt Armatürler ve Aplikler"
"6422","205","0","İç Aydınlatma","Indoor Lighting"
"6422","281","1","Sıva Üstü Dekoratif Sarkıt Armatürler ve Aplikler","Sıva Üstü Dekoratif Sarkıt Armatürler ve Aplikler"
"6423","205","0","İç Aydınlatma","Indoor Lighting"
"6423","281","1","Sıva Üstü Dekoratif Sarkıt Armatürler ve Aplikler","Sıva Üstü Dekoratif Sarkıt Armatürler ve Aplikler"
"6424","205","0","İç Aydınlatma","Indoor Lighting"
"6424","281","1","Sıva Üstü Dekoratif Sarkıt Armatürler ve Aplikler","Sıva Üstü Dekoratif Sarkıt Armatürler ve Aplikler"
"6425","205","0","İç Aydınlatma","Indoor Lighting"
"6425","281","1","Sıva Üstü Dekoratif Sarkıt Armatürler ve Aplikler","Sıva Üstü Dekoratif Sarkıt Armatürler ve Aplikler"
"6426","205","0","İç Aydınlatma","Indoor Lighting"
"6426","281","1","Sıva Üstü Dekoratif Sarkıt Armatürler ve Aplikler","Sıva Üstü Dekoratif Sarkıt Armatürler ve Aplikler"
"6427","205","0","İç Aydınlatma","Indoor Lighting"
"6427","281","1","Sıva Üstü Dekoratif Sarkıt Armatürler ve Aplikler","Sıva Üstü Dekoratif Sarkıt Armatürler ve Aplikler"
"6428","205","0","İç Aydınlatma","Indoor Lighting"
"6428","281","1","Sıva Üstü Dekoratif Sarkıt Armatürler ve Aplikler","Sıva Üstü Dekoratif Sarkıt Armatürler ve Aplikler"
"6429","205","0","İç Aydınlatma","Indoor Lighting"
"6429","281","1","Sıva Üstü Dekoratif Sarkıt Armatürler ve Aplikler","Sıva Üstü Dekoratif Sarkıt Armatürler ve Aplikler"
"6430","205","0","İç Aydınlatma","Indoor Lighting"
"6430","281","1","Sıva Üstü Dekoratif Sarkıt Armatürler ve Aplikler","Sıva Üstü Dekoratif Sarkıt Armatürler ve Aplikler"
"6431","205","0","İç Aydınlatma","Indoor Lighting"
"6431","281","1","Sıva Üstü Dekoratif Sarkıt Armatürler ve Aplikler","Sıva Üstü Dekoratif Sarkıt Armatürler ve Aplikler"
"6432","205","0","İç Aydınlatma","Indoor Lighting"
"6432","281","1","Sıva Üstü Dekoratif Sarkıt Armatürler ve Aplikler","Sıva Üstü Dekoratif Sarkıt Armatürler ve Aplikler"
"6433","205","0","İç Aydınlatma","Indoor Lighting"
"6433","281","1","Sıva Üstü Dekoratif Sarkıt Armatürler ve Aplikler","Sıva Üstü Dekoratif Sarkıt Armatürler ve Aplikler"
"6434","205","0","İç Aydınlatma","Indoor Lighting"
"6434","281","1","Sıva Üstü Dekoratif Sarkıt Armatürler ve Aplikler","Sıva Üstü Dekoratif Sarkıt Armatürler ve Aplikler"
"6435","205","0","İç Aydınlatma","Indoor Lighting"
"6435","281","1","Sıva Üstü Dekoratif Sarkıt Armatürler ve Aplikler","Sıva Üstü Dekoratif Sarkıt Armatürler ve Aplikler"
"6436","205","0","İç Aydınlatma","Indoor Lighting"
"6436","281","1","Sıva Üstü Dekoratif Sarkıt Armatürler ve Aplikler","Sıva Üstü Dekoratif Sarkıt Armatürler ve Aplikler"
"6437","205","0","İç Aydınlatma","Indoor Lighting"
"6437","281","1","Sıva Üstü Dekoratif Sarkıt Armatürler ve Aplikler","Sıva Üstü Dekoratif Sarkıt Armatürler ve Aplikler"
"6438","205","0","İç Aydınlatma","Indoor Lighting"
"6438","281","1","Sıva Üstü Dekoratif Sarkıt Armatürler ve Aplikler","Sıva Üstü Dekoratif Sarkıt Armatürler ve Aplikler"
"6439","205","0","İç Aydınlatma","Indoor Lighting"
"6439","281","1","Sıva Üstü Dekoratif Sarkıt Armatürler ve Aplikler","Sıva Üstü Dekoratif Sarkıt Armatürler ve Aplikler"
"6440","205","0","İç Aydınlatma","Indoor Lighting"
"6440","281","1","Sıva Üstü Dekoratif Sarkıt Armatürler ve Aplikler","Sıva Üstü Dekoratif Sarkıt Armatürler ve Aplikler"
"6441","205","0","İç Aydınlatma","Indoor Lighting"
"6441","281","1","Sıva Üstü Dekoratif Sarkıt Armatürler ve Aplikler","Sıva Üstü Dekoratif Sarkıt Armatürler ve Aplikler"
"6442","205","0","İç Aydınlatma","Indoor Lighting"
"6442","281","1","Sıva Üstü Dekoratif Sarkıt Armatürler ve Aplikler","Sıva Üstü Dekoratif Sarkıt Armatürler ve Aplikler"
"6443","205","0","İç Aydınlatma","Indoor Lighting"
"6443","281","1","Sıva Üstü Dekoratif Sarkıt Armatürler ve Aplikler","Sıva Üstü Dekoratif Sarkıt Armatürler ve Aplikler"
"6444","205","0","İç Aydınlatma","Indoor Lighting"
"6444","281","1","Sıva Üstü Dekoratif Sarkıt Armatürler ve Aplikler","Sıva Üstü Dekoratif Sarkıt Armatürler ve Aplikler"
"6445","205","0","İç Aydınlatma","Indoor Lighting"
"6445","281","1","Sıva Üstü Dekoratif Sarkıt Armatürler ve Aplikler","Sıva Üstü Dekoratif Sarkıt Armatürler ve Aplikler"
"6446","205","0","İç Aydınlatma","Indoor Lighting"
"6446","281","1","Sıva Üstü Dekoratif Sarkıt Armatürler ve Aplikler","Sıva Üstü Dekoratif Sarkıt Armatürler ve Aplikler"
"6447","205","0","İç Aydınlatma","Indoor Lighting"
"6447","281","1","Sıva Üstü Dekoratif Sarkıt Armatürler ve Aplikler","Sıva Üstü Dekoratif Sarkıt Armatürler ve Aplikler"
"6448","205","0","İç Aydınlatma","Indoor Lighting"
"6448","281","1","Sıva Üstü Dekoratif Sarkıt Armatürler ve Aplikler","Sıva Üstü Dekoratif Sarkıt Armatürler ve Aplikler"
"6449","205","0","İç Aydınlatma","Indoor Lighting"
"6449","281","1","Sıva Üstü Dekoratif Sarkıt Armatürler ve Aplikler","Sıva Üstü Dekoratif Sarkıt Armatürler ve Aplikler"
"6450","205","0","İç Aydınlatma","Indoor Lighting"
"6450","281","1","Sıva Üstü Dekoratif Sarkıt Armatürler ve Aplikler","Sıva Üstü Dekoratif Sarkıt Armatürler ve Aplikler"
"6451","205","0","İç Aydınlatma","Indoor Lighting"
"6451","281","1","Sıva Üstü Dekoratif Sarkıt Armatürler ve Aplikler","Sıva Üstü Dekoratif Sarkıt Armatürler ve Aplikler"
"6452","205","0","İç Aydınlatma","Indoor Lighting"
"6452","281","1","Sıva Üstü Dekoratif Sarkıt Armatürler ve Aplikler","Sıva Üstü Dekoratif Sarkıt Armatürler ve Aplikler"
"6453","205","0","İç Aydınlatma","Indoor Lighting"
"6453","281","1","Sıva Üstü Dekoratif Sarkıt Armatürler ve Aplikler","Sıva Üstü Dekoratif Sarkıt Armatürler ve Aplikler"
"6454","205","0","İç Aydınlatma","Indoor Lighting"
"6454","281","1","Sıva Üstü Dekoratif Sarkıt Armatürler ve Aplikler","Sıva Üstü Dekoratif Sarkıt Armatürler ve Aplikler"
"6455","205","0","İç Aydınlatma","Indoor Lighting"
"6455","281","1","Sıva Üstü Dekoratif Sarkıt Armatürler ve Aplikler","Sıva Üstü Dekoratif Sarkıt Armatürler ve Aplikler"
"6456","205","0","İç Aydınlatma","Indoor Lighting"
"6456","281","1","Sıva Üstü Dekoratif Sarkıt Armatürler ve Aplikler","Sıva Üstü Dekoratif Sarkıt Armatürler ve Aplikler"
"6457","205","0","İç Aydınlatma","Indoor Lighting"
"6457","281","1","Sıva Üstü Dekoratif Sarkıt Armatürler ve Aplikler","Sıva Üstü Dekoratif Sarkıt Armatürler ve Aplikler"
"6458","205","0","İç Aydınlatma","Indoor Lighting"
"6458","281","1","Sıva Üstü Dekoratif Sarkıt Armatürler ve Aplikler","Sıva Üstü Dekoratif Sarkıt Armatürler ve Aplikler"
"6459","205","0","İç Aydınlatma","Indoor Lighting"
"6459","281","1","Sıva Üstü Dekoratif Sarkıt Armatürler ve Aplikler","Sıva Üstü Dekoratif Sarkıt Armatürler ve Aplikler"
"6460","205","0","İç Aydınlatma","Indoor Lighting"
"6460","281","1","Sıva Üstü Dekoratif Sarkıt Armatürler ve Aplikler","Sıva Üstü Dekoratif Sarkıt Armatürler ve Aplikler"
"6461","205","0","İç Aydınlatma","Indoor Lighting"
"6461","281","1","Sıva Üstü Dekoratif Sarkıt Armatürler ve Aplikler","Sıva Üstü Dekoratif Sarkıt Armatürler ve Aplikler"
"6462","205","0","İç Aydınlatma","Indoor Lighting"
"6462","281","1","Sıva Üstü Dekoratif Sarkıt Armatürler ve Aplikler","Sıva Üstü Dekoratif Sarkıt Armatürler ve Aplikler"
"6463","205","0","İç Aydınlatma","Indoor Lighting"
"6463","281","1","Sıva Üstü Dekoratif Sarkıt Armatürler ve Aplikler","Sıva Üstü Dekoratif Sarkıt Armatürler ve Aplikler"
"6464","205","0","İç Aydınlatma","Indoor Lighting"
"6464","281","1","Sıva Üstü Dekoratif Sarkıt Armatürler ve Aplikler","Sıva Üstü Dekoratif Sarkıt Armatürler ve Aplikler"
"6465","205","0","İç Aydınlatma","Indoor Lighting"
"6465","281","1","Sıva Üstü Dekoratif Sarkıt Armatürler ve Aplikler","Sıva Üstü Dekoratif Sarkıt Armatürler ve Aplikler"
"6466","205","0","İç Aydınlatma","Indoor Lighting"
"6466","281","1","Sıva Üstü Dekoratif Sarkıt Armatürler ve Aplikler","Sıva Üstü Dekoratif Sarkıt Armatürler ve Aplikler"
"6467","205","0","İç Aydınlatma","Indoor Lighting"
"6467","232","1","Dekoratif Sarkıt Armatürler ve Aplikler","Decorative Pendant Fixtures &amp; Appliques"
"6468","205","0","İç Aydınlatma","Indoor Lighting"
"6468","281","1","Sıva Üstü Dekoratif Sarkıt Armatürler ve Aplikler","Sıva Üstü Dekoratif Sarkıt Armatürler ve Aplikler"
"6469","205","0","İç Aydınlatma","Indoor Lighting"
"6469","281","1","Sıva Üstü Dekoratif Sarkıt Armatürler ve Aplikler","Sıva Üstü Dekoratif Sarkıt Armatürler ve Aplikler"
"6470","205","0","İç Aydınlatma","Indoor Lighting"
"6470","281","1","Sıva Üstü Dekoratif Sarkıt Armatürler ve Aplikler","Sıva Üstü Dekoratif Sarkıt Armatürler ve Aplikler"
"6471","205","0","İç Aydınlatma","Indoor Lighting"
"6471","281","1","Sıva Üstü Dekoratif Sarkıt Armatürler ve Aplikler","Sıva Üstü Dekoratif Sarkıt Armatürler ve Aplikler"
"6472","205","0","İç Aydınlatma","Indoor Lighting"
"6472","281","1","Sıva Üstü Dekoratif Sarkıt Armatürler ve Aplikler","Sıva Üstü Dekoratif Sarkıt Armatürler ve Aplikler"
"6473","205","0","İç Aydınlatma","Indoor Lighting"
"6473","281","1","Sıva Üstü Dekoratif Sarkıt Armatürler ve Aplikler","Sıva Üstü Dekoratif Sarkıt Armatürler ve Aplikler"
"6474","205","0","İç Aydınlatma","Indoor Lighting"
"6474","281","1","Sıva Üstü Dekoratif Sarkıt Armatürler ve Aplikler","Sıva Üstü Dekoratif Sarkıt Armatürler ve Aplikler"
"6475","205","0","İç Aydınlatma","Indoor Lighting"
"6475","281","1","Sıva Üstü Dekoratif Sarkıt Armatürler ve Aplikler","Sıva Üstü Dekoratif Sarkıt Armatürler ve Aplikler"
"6476","205","0","İç Aydınlatma","Indoor Lighting"
"6476","281","1","Sıva Üstü Dekoratif Sarkıt Armatürler ve Aplikler","Sıva Üstü Dekoratif Sarkıt Armatürler ve Aplikler"
"6477","205","0","İç Aydınlatma","Indoor Lighting"
"6477","281","1","Sıva Üstü Dekoratif Sarkıt Armatürler ve Aplikler","Sıva Üstü Dekoratif Sarkıt Armatürler ve Aplikler"
"6478","205","0","İç Aydınlatma","Indoor Lighting"
"6478","281","1","Sıva Üstü Dekoratif Sarkıt Armatürler ve Aplikler","Sıva Üstü Dekoratif Sarkıt Armatürler ve Aplikler"
"6479","205","0","İç Aydınlatma","Indoor Lighting"
"6479","281","1","Sıva Üstü Dekoratif Sarkıt Armatürler ve Aplikler","Sıva Üstü Dekoratif Sarkıt Armatürler ve Aplikler"
"6480","205","0","İç Aydınlatma","Indoor Lighting"
"6480","281","1","Sıva Üstü Dekoratif Sarkıt Armatürler ve Aplikler","Sıva Üstü Dekoratif Sarkıt Armatürler ve Aplikler"
"6481","205","0","İç Aydınlatma","Indoor Lighting"
"6481","281","1","Sıva Üstü Dekoratif Sarkıt Armatürler ve Aplikler","Sıva Üstü Dekoratif Sarkıt Armatürler ve Aplikler"
"6482","205","0","İç Aydınlatma","Indoor Lighting"
"6482","281","1","Sıva Üstü Dekoratif Sarkıt Armatürler ve Aplikler","Sıva Üstü Dekoratif Sarkıt Armatürler ve Aplikler"
"6483","205","0","İç Aydınlatma","Indoor Lighting"
"6483","281","1","Sıva Üstü Dekoratif Sarkıt Armatürler ve Aplikler","Sıva Üstü Dekoratif Sarkıt Armatürler ve Aplikler"
"6484","205","0","İç Aydınlatma","Indoor Lighting"
"6484","281","1","Sıva Üstü Dekoratif Sarkıt Armatürler ve Aplikler","Sıva Üstü Dekoratif Sarkıt Armatürler ve Aplikler"
"6485","205","0","İç Aydınlatma","Indoor Lighting"
"6485","281","1","Sıva Üstü Dekoratif Sarkıt Armatürler ve Aplikler","Sıva Üstü Dekoratif Sarkıt Armatürler ve Aplikler"
"6486","205","0","İç Aydınlatma","Indoor Lighting"
"6486","281","1","Sıva Üstü Dekoratif Sarkıt Armatürler ve Aplikler","Sıva Üstü Dekoratif Sarkıt Armatürler ve Aplikler"
"6487","205","0","İç Aydınlatma","Indoor Lighting"
"6487","281","1","Sıva Üstü Dekoratif Sarkıt Armatürler ve Aplikler","Sıva Üstü Dekoratif Sarkıt Armatürler ve Aplikler"
"6488","205","0","İç Aydınlatma","Indoor Lighting"
"6488","281","1","Sıva Üstü Dekoratif Sarkıt Armatürler ve Aplikler","Sıva Üstü Dekoratif Sarkıt Armatürler ve Aplikler"
"6489","205","0","İç Aydınlatma","Indoor Lighting"
"6489","281","1","Sıva Üstü Dekoratif Sarkıt Armatürler ve Aplikler","Sıva Üstü Dekoratif Sarkıt Armatürler ve Aplikler"
"6490","205","0","İç Aydınlatma","Indoor Lighting"
"6490","281","1","Sıva Üstü Dekoratif Sarkıt Armatürler ve Aplikler","Sıva Üstü Dekoratif Sarkıt Armatürler ve Aplikler"
"6491","205","0","İç Aydınlatma","Indoor Lighting"
"6491","281","1","Sıva Üstü Dekoratif Sarkıt Armatürler ve Aplikler","Sıva Üstü Dekoratif Sarkıt Armatürler ve Aplikler"
"6492","205","0","İç Aydınlatma","Indoor Lighting"
"6492","281","1","Sıva Üstü Dekoratif Sarkıt Armatürler ve Aplikler","Sıva Üstü Dekoratif Sarkıt Armatürler ve Aplikler"
"6493","205","0","İç Aydınlatma","Indoor Lighting"
"6493","281","1","Sıva Üstü Dekoratif Sarkıt Armatürler ve Aplikler","Sıva Üstü Dekoratif Sarkıt Armatürler ve Aplikler"
"6494","205","0","İç Aydınlatma","Indoor Lighting"
"6494","281","1","Sıva Üstü Dekoratif Sarkıt Armatürler ve Aplikler","Sıva Üstü Dekoratif Sarkıt Armatürler ve Aplikler"
"6495","205","0","İç Aydınlatma","Indoor Lighting"
"6495","281","1","Sıva Üstü Dekoratif Sarkıt Armatürler ve Aplikler","Sıva Üstü Dekoratif Sarkıt Armatürler ve Aplikler"
"6496","205","0","İç Aydınlatma","Indoor Lighting"
"6496","281","1","Sıva Üstü Dekoratif Sarkıt Armatürler ve Aplikler","Sıva Üstü Dekoratif Sarkıt Armatürler ve Aplikler"
"6497","205","0","İç Aydınlatma","Indoor Lighting"
"6497","281","1","Sıva Üstü Dekoratif Sarkıt Armatürler ve Aplikler","Sıva Üstü Dekoratif Sarkıt Armatürler ve Aplikler"
"6498","205","0","İç Aydınlatma","Indoor Lighting"
"6498","281","1","Sıva Üstü Dekoratif Sarkıt Armatürler ve Aplikler","Sıva Üstü Dekoratif Sarkıt Armatürler ve Aplikler"
"6499","205","0","İç Aydınlatma","Indoor Lighting"
"6499","281","1","Sıva Üstü Dekoratif Sarkıt Armatürler ve Aplikler","Sıva Üstü Dekoratif Sarkıt Armatürler ve Aplikler"
"6500","205","0","İç Aydınlatma","Indoor Lighting"
"6500","281","1","Sıva Üstü Dekoratif Sarkıt Armatürler ve Aplikler","Sıva Üstü Dekoratif Sarkıt Armatürler ve Aplikler"
"6501","205","0","İç Aydınlatma","Indoor Lighting"
"6501","281","1","Sıva Üstü Dekoratif Sarkıt Armatürler ve Aplikler","Sıva Üstü Dekoratif Sarkıt Armatürler ve Aplikler"
"6502","205","0","İç Aydınlatma","Indoor Lighting"
"6502","281","1","Sıva Üstü Dekoratif Sarkıt Armatürler ve Aplikler","Sıva Üstü Dekoratif Sarkıt Armatürler ve Aplikler"
"6503","205","0","İç Aydınlatma","Indoor Lighting"
"6503","281","1","Sıva Üstü Dekoratif Sarkıt Armatürler ve Aplikler","Sıva Üstü Dekoratif Sarkıt Armatürler ve Aplikler"
"6504","205","0","İç Aydınlatma","Indoor Lighting"
"6504","281","1","Sıva Üstü Dekoratif Sarkıt Armatürler ve Aplikler","Sıva Üstü Dekoratif Sarkıt Armatürler ve Aplikler"
"6505","205","0","İç Aydınlatma","Indoor Lighting"
"6505","281","1","Sıva Üstü Dekoratif Sarkıt Armatürler ve Aplikler","Sıva Üstü Dekoratif Sarkıt Armatürler ve Aplikler"
"6506","205","0","İç Aydınlatma","Indoor Lighting"
"6506","281","1","Sıva Üstü Dekoratif Sarkıt Armatürler ve Aplikler","Sıva Üstü Dekoratif Sarkıt Armatürler ve Aplikler"
"6507","205","0","İç Aydınlatma","Indoor Lighting"
"6507","281","1","Sıva Üstü Dekoratif Sarkıt Armatürler ve Aplikler","Sıva Üstü Dekoratif Sarkıt Armatürler ve Aplikler"
"6508","205","0","İç Aydınlatma","Indoor Lighting"
"6508","281","1","Sıva Üstü Dekoratif Sarkıt Armatürler ve Aplikler","Sıva Üstü Dekoratif Sarkıt Armatürler ve Aplikler"
"6509","205","0","İç Aydınlatma","Indoor Lighting"
"6509","281","1","Sıva Üstü Dekoratif Sarkıt Armatürler ve Aplikler","Sıva Üstü Dekoratif Sarkıt Armatürler ve Aplikler"
"6510","205","0","İç Aydınlatma","Indoor Lighting"
"6510","281","1","Sıva Üstü Dekoratif Sarkıt Armatürler ve Aplikler","Sıva Üstü Dekoratif Sarkıt Armatürler ve Aplikler"
"6511","205","0","İç Aydınlatma","Indoor Lighting"
"6511","281","1","Sıva Üstü Dekoratif Sarkıt Armatürler ve Aplikler","Sıva Üstü Dekoratif Sarkıt Armatürler ve Aplikler"
"6512","205","0","İç Aydınlatma","Indoor Lighting"
"6512","281","1","Sıva Üstü Dekoratif Sarkıt Armatürler ve Aplikler","Sıva Üstü Dekoratif Sarkıt Armatürler ve Aplikler"
"6513","205","0","İç Aydınlatma","Indoor Lighting"
"6513","281","1","Sıva Üstü Dekoratif Sarkıt Armatürler ve Aplikler","Sıva Üstü Dekoratif Sarkıt Armatürler ve Aplikler"
"6514","205","0","İç Aydınlatma","Indoor Lighting"
"6514","281","1","Sıva Üstü Dekoratif Sarkıt Armatürler ve Aplikler","Sıva Üstü Dekoratif Sarkıt Armatürler ve Aplikler"
"6515","205","0","İç Aydınlatma","Indoor Lighting"
"6515","281","1","Sıva Üstü Dekoratif Sarkıt Armatürler ve Aplikler","Sıva Üstü Dekoratif Sarkıt Armatürler ve Aplikler"
"6516","205","0","İç Aydınlatma","Indoor Lighting"
"6516","281","1","Sıva Üstü Dekoratif Sarkıt Armatürler ve Aplikler","Sıva Üstü Dekoratif Sarkıt Armatürler ve Aplikler"
"6517","205","0","İç Aydınlatma","Indoor Lighting"
"6517","281","1","Sıva Üstü Dekoratif Sarkıt Armatürler ve Aplikler","Sıva Üstü Dekoratif Sarkıt Armatürler ve Aplikler"
"6518","205","0","İç Aydınlatma","Indoor Lighting"
"6518","281","1","Sıva Üstü Dekoratif Sarkıt Armatürler ve Aplikler","Sıva Üstü Dekoratif Sarkıt Armatürler ve Aplikler"
"6519","205","0","İç Aydınlatma","Indoor Lighting"
"6519","281","1","Sıva Üstü Dekoratif Sarkıt Armatürler ve Aplikler","Sıva Üstü Dekoratif Sarkıt Armatürler ve Aplikler"
"6520","205","0","İç Aydınlatma","Indoor Lighting"
"6520","281","1","Sıva Üstü Dekoratif Sarkıt Armatürler ve Aplikler","Sıva Üstü Dekoratif Sarkıt Armatürler ve Aplikler"
"6521","205","0","İç Aydınlatma","Indoor Lighting"
"6521","281","1","Sıva Üstü Dekoratif Sarkıt Armatürler ve Aplikler","Sıva Üstü Dekoratif Sarkıt Armatürler ve Aplikler"
"6522","205","0","İç Aydınlatma","Indoor Lighting"
"6522","281","1","Sıva Üstü Dekoratif Sarkıt Armatürler ve Aplikler","Sıva Üstü Dekoratif Sarkıt Armatürler ve Aplikler"
"6523","205","0","İç Aydınlatma","Indoor Lighting"
"6523","281","1","Sıva Üstü Dekoratif Sarkıt Armatürler ve Aplikler","Sıva Üstü Dekoratif Sarkıt Armatürler ve Aplikler"
"6524","205","0","İç Aydınlatma","Indoor Lighting"
"6524","281","1","Sıva Üstü Dekoratif Sarkıt Armatürler ve Aplikler","Sıva Üstü Dekoratif Sarkıt Armatürler ve Aplikler"
"6525","205","0","İç Aydınlatma","Indoor Lighting"
"6525","281","1","Sıva Üstü Dekoratif Sarkıt Armatürler ve Aplikler","Sıva Üstü Dekoratif Sarkıt Armatürler ve Aplikler"
"6526","205","0","İç Aydınlatma","Indoor Lighting"
"6526","281","1","Sıva Üstü Dekoratif Sarkıt Armatürler ve Aplikler","Sıva Üstü Dekoratif Sarkıt Armatürler ve Aplikler"
"6527","205","0","İç Aydınlatma","Indoor Lighting"
"6527","281","1","Sıva Üstü Dekoratif Sarkıt Armatürler ve Aplikler","Sıva Üstü Dekoratif Sarkıt Armatürler ve Aplikler"
"6528","205","0","İç Aydınlatma","Indoor Lighting"
"6528","281","1","Sıva Üstü Dekoratif Sarkıt Armatürler ve Aplikler","Sıva Üstü Dekoratif Sarkıt Armatürler ve Aplikler"
"6529","205","0","İç Aydınlatma","Indoor Lighting"
"6529","281","1","Sıva Üstü Dekoratif Sarkıt Armatürler ve Aplikler","Sıva Üstü Dekoratif Sarkıt Armatürler ve Aplikler"
"6530","205","0","İç Aydınlatma","Indoor Lighting"
"6530","281","1","Sıva Üstü Dekoratif Sarkıt Armatürler ve Aplikler","Sıva Üstü Dekoratif Sarkıt Armatürler ve Aplikler"
"6531","205","0","İç Aydınlatma","Indoor Lighting"
"6531","281","1","Sıva Üstü Dekoratif Sarkıt Armatürler ve Aplikler","Sıva Üstü Dekoratif Sarkıt Armatürler ve Aplikler"
"6532","205","0","İç Aydınlatma","Indoor Lighting"
"6532","281","1","Sıva Üstü Dekoratif Sarkıt Armatürler ve Aplikler","Sıva Üstü Dekoratif Sarkıt Armatürler ve Aplikler"
"6533","205","0","İç Aydınlatma","Indoor Lighting"
"6533","281","1","Sıva Üstü Dekoratif Sarkıt Armatürler ve Aplikler","Sıva Üstü Dekoratif Sarkıt Armatürler ve Aplikler"
"6534","205","0","İç Aydınlatma","Indoor Lighting"
"6534","281","1","Sıva Üstü Dekoratif Sarkıt Armatürler ve Aplikler","Sıva Üstü Dekoratif Sarkıt Armatürler ve Aplikler"
"6535","205","0","İç Aydınlatma","Indoor Lighting"
"6535","281","1","Sıva Üstü Dekoratif Sarkıt Armatürler ve Aplikler","Sıva Üstü Dekoratif Sarkıt Armatürler ve Aplikler"
"6536","205","0","İç Aydınlatma","Indoor Lighting"
"6536","281","1","Sıva Üstü Dekoratif Sarkıt Armatürler ve Aplikler","Sıva Üstü Dekoratif Sarkıt Armatürler ve Aplikler"
"6537","205","0","İç Aydınlatma","Indoor Lighting"
"6537","281","1","Sıva Üstü Dekoratif Sarkıt Armatürler ve Aplikler","Sıva Üstü Dekoratif Sarkıt Armatürler ve Aplikler"
"6538","205","0","İç Aydınlatma","Indoor Lighting"
"6538","281","1","Sıva Üstü Dekoratif Sarkıt Armatürler ve Aplikler","Sıva Üstü Dekoratif Sarkıt Armatürler ve Aplikler"
"6539","205","0","İç Aydınlatma","Indoor Lighting"
"6539","281","1","Sıva Üstü Dekoratif Sarkıt Armatürler ve Aplikler","Sıva Üstü Dekoratif Sarkıt Armatürler ve Aplikler"
"6540","205","0","İç Aydınlatma","Indoor Lighting"
"6540","281","1","Sıva Üstü Dekoratif Sarkıt Armatürler ve Aplikler","Sıva Üstü Dekoratif Sarkıt Armatürler ve Aplikler"
"6541","205","0","İç Aydınlatma","Indoor Lighting"
"6541","281","1","Sıva Üstü Dekoratif Sarkıt Armatürler ve Aplikler","Sıva Üstü Dekoratif Sarkıt Armatürler ve Aplikler"
"6542","205","0","İç Aydınlatma","Indoor Lighting"
"6542","281","1","Sıva Üstü Dekoratif Sarkıt Armatürler ve Aplikler","Sıva Üstü Dekoratif Sarkıt Armatürler ve Aplikler"
"6543","205","0","İç Aydınlatma","Indoor Lighting"
"6543","281","1","Sıva Üstü Dekoratif Sarkıt Armatürler ve Aplikler","Sıva Üstü Dekoratif Sarkıt Armatürler ve Aplikler"
"6544","205","0","İç Aydınlatma","Indoor Lighting"
"6544","281","1","Sıva Üstü Dekoratif Sarkıt Armatürler ve Aplikler","Sıva Üstü Dekoratif Sarkıt Armatürler ve Aplikler"
"6545","205","0","İç Aydınlatma","Indoor Lighting"
"6545","281","1","Sıva Üstü Dekoratif Sarkıt Armatürler ve Aplikler","Sıva Üstü Dekoratif Sarkıt Armatürler ve Aplikler"
"6546","205","0","İç Aydınlatma","Indoor Lighting"
"6546","281","1","Sıva Üstü Dekoratif Sarkıt Armatürler ve Aplikler","Sıva Üstü Dekoratif Sarkıt Armatürler ve Aplikler"
"6547","205","0","İç Aydınlatma","Indoor Lighting"
"6547","281","1","Sıva Üstü Dekoratif Sarkıt Armatürler ve Aplikler","Sıva Üstü Dekoratif Sarkıt Armatürler ve Aplikler"
"6548","205","0","İç Aydınlatma","Indoor Lighting"
"6548","281","1","Sıva Üstü Dekoratif Sarkıt Armatürler ve Aplikler","Sıva Üstü Dekoratif Sarkıt Armatürler ve Aplikler"
"6549","205","0","İç Aydınlatma","Indoor Lighting"
"6549","281","1","Sıva Üstü Dekoratif Sarkıt Armatürler ve Aplikler","Sıva Üstü Dekoratif Sarkıt Armatürler ve Aplikler"
"6550","205","0","İç Aydınlatma","Indoor Lighting"
"6550","281","1","Sıva Üstü Dekoratif Sarkıt Armatürler ve Aplikler","Sıva Üstü Dekoratif Sarkıt Armatürler ve Aplikler"
"6551","205","0","İç Aydınlatma","Indoor Lighting"
"6551","281","1","Sıva Üstü Dekoratif Sarkıt Armatürler ve Aplikler","Sıva Üstü Dekoratif Sarkıt Armatürler ve Aplikler"
"6552","205","0","İç Aydınlatma","Indoor Lighting"
"6552","281","1","Sıva Üstü Dekoratif Sarkıt Armatürler ve Aplikler","Sıva Üstü Dekoratif Sarkıt Armatürler ve Aplikler"
"6553","205","0","İç Aydınlatma","Indoor Lighting"
"6553","281","1","Sıva Üstü Dekoratif Sarkıt Armatürler ve Aplikler","Sıva Üstü Dekoratif Sarkıt Armatürler ve Aplikler"
"6554","205","0","İç Aydınlatma","Indoor Lighting"
"6554","281","1","Sıva Üstü Dekoratif Sarkıt Armatürler ve Aplikler","Sıva Üstü Dekoratif Sarkıt Armatürler ve Aplikler"
"6555","205","0","İç Aydınlatma","Indoor Lighting"
"6555","281","1","Sıva Üstü Dekoratif Sarkıt Armatürler ve Aplikler","Sıva Üstü Dekoratif Sarkıt Armatürler ve Aplikler"
"6556","205","0","İç Aydınlatma","Indoor Lighting"
"6556","281","1","Sıva Üstü Dekoratif Sarkıt Armatürler ve Aplikler","Sıva Üstü Dekoratif Sarkıt Armatürler ve Aplikler"
"6557","205","0","İç Aydınlatma","Indoor Lighting"
"6557","281","1","Sıva Üstü Dekoratif Sarkıt Armatürler ve Aplikler","Sıva Üstü Dekoratif Sarkıt Armatürler ve Aplikler"
"6558","205","0","İç Aydınlatma","Indoor Lighting"
"6558","281","1","Sıva Üstü Dekoratif Sarkıt Armatürler ve Aplikler","Sıva Üstü Dekoratif Sarkıt Armatürler ve Aplikler"
"6559","205","0","İç Aydınlatma","Indoor Lighting"
"6559","281","1","Sıva Üstü Dekoratif Sarkıt Armatürler ve Aplikler","Sıva Üstü Dekoratif Sarkıt Armatürler ve Aplikler"
"6560","205","0","İç Aydınlatma","Indoor Lighting"
"6560","281","1","Sıva Üstü Dekoratif Sarkıt Armatürler ve Aplikler","Sıva Üstü Dekoratif Sarkıt Armatürler ve Aplikler"
"6561","205","0","İç Aydınlatma","Indoor Lighting"
"6561","281","1","Sıva Üstü Dekoratif Sarkıt Armatürler ve Aplikler","Sıva Üstü Dekoratif Sarkıt Armatürler ve Aplikler"
"6562","205","0","İç Aydınlatma","Indoor Lighting"
"6562","281","1","Sıva Üstü Dekoratif Sarkıt Armatürler ve Aplikler","Sıva Üstü Dekoratif Sarkıt Armatürler ve Aplikler"
"6563","205","0","İç Aydınlatma","Indoor Lighting"
"6563","281","1","Sıva Üstü Dekoratif Sarkıt Armatürler ve Aplikler","Sıva Üstü Dekoratif Sarkıt Armatürler ve Aplikler"
"6564","205","0","İç Aydınlatma","Indoor Lighting"
"6564","281","1","Sıva Üstü Dekoratif Sarkıt Armatürler ve Aplikler","Sıva Üstü Dekoratif Sarkıt Armatürler ve Aplikler"
"6565","205","0","İç Aydınlatma","Indoor Lighting"
"6565","281","1","Sıva Üstü Dekoratif Sarkıt Armatürler ve Aplikler","Sıva Üstü Dekoratif Sarkıt Armatürler ve Aplikler"
"6566","205","0","İç Aydınlatma","Indoor Lighting"
"6566","281","1","Sıva Üstü Dekoratif Sarkıt Armatürler ve Aplikler","Sıva Üstü Dekoratif Sarkıt Armatürler ve Aplikler"
"6567","205","0","İç Aydınlatma","Indoor Lighting"
"6567","281","1","Sıva Üstü Dekoratif Sarkıt Armatürler ve Aplikler","Sıva Üstü Dekoratif Sarkıt Armatürler ve Aplikler"
"6568","205","0","İç Aydınlatma","Indoor Lighting"
"6568","281","1","Sıva Üstü Dekoratif Sarkıt Armatürler ve Aplikler","Sıva Üstü Dekoratif Sarkıt Armatürler ve Aplikler"
"6569","205","0","İç Aydınlatma","Indoor Lighting"
"6569","281","1","Sıva Üstü Dekoratif Sarkıt Armatürler ve Aplikler","Sıva Üstü Dekoratif Sarkıt Armatürler ve Aplikler"
"6570","205","0","İç Aydınlatma","Indoor Lighting"
"6570","281","1","Sıva Üstü Dekoratif Sarkıt Armatürler ve Aplikler","Sıva Üstü Dekoratif Sarkıt Armatürler ve Aplikler"
"6571","205","0","İç Aydınlatma","Indoor Lighting"
"6571","281","1","Sıva Üstü Dekoratif Sarkıt Armatürler ve Aplikler","Sıva Üstü Dekoratif Sarkıt Armatürler ve Aplikler"
"6572","205","0","İç Aydınlatma","Indoor Lighting"
"6572","281","1","Sıva Üstü Dekoratif Sarkıt Armatürler ve Aplikler","Sıva Üstü Dekoratif Sarkıt Armatürler ve Aplikler"
"6573","205","0","İç Aydınlatma","Indoor Lighting"
"6573","281","1","Sıva Üstü Dekoratif Sarkıt Armatürler ve Aplikler","Sıva Üstü Dekoratif Sarkıt Armatürler ve Aplikler"
"6574","205","0","İç Aydınlatma","Indoor Lighting"
"6574","281","1","Sıva Üstü Dekoratif Sarkıt Armatürler ve Aplikler","Sıva Üstü Dekoratif Sarkıt Armatürler ve Aplikler"
"6575","205","0","İç Aydınlatma","Indoor Lighting"
"6575","281","1","Sıva Üstü Dekoratif Sarkıt Armatürler ve Aplikler","Sıva Üstü Dekoratif Sarkıt Armatürler ve Aplikler"
"6576","205","0","İç Aydınlatma","Indoor Lighting"
"6576","281","1","Sıva Üstü Dekoratif Sarkıt Armatürler ve Aplikler","Sıva Üstü Dekoratif Sarkıt Armatürler ve Aplikler"
"6577","205","0","İç Aydınlatma","Indoor Lighting"
"6577","281","1","Sıva Üstü Dekoratif Sarkıt Armatürler ve Aplikler","Sıva Üstü Dekoratif Sarkıt Armatürler ve Aplikler"
"6578","205","0","İç Aydınlatma","Indoor Lighting"
"6578","281","1","Sıva Üstü Dekoratif Sarkıt Armatürler ve Aplikler","Sıva Üstü Dekoratif Sarkıt Armatürler ve Aplikler"
"6579","205","0","İç Aydınlatma","Indoor Lighting"
"6579","281","1","Sıva Üstü Dekoratif Sarkıt Armatürler ve Aplikler","Sıva Üstü Dekoratif Sarkıt Armatürler ve Aplikler"
"6580","205","0","İç Aydınlatma","Indoor Lighting"
"6580","281","1","Sıva Üstü Dekoratif Sarkıt Armatürler ve Aplikler","Sıva Üstü Dekoratif Sarkıt Armatürler ve Aplikler"
"6581","205","0","İç Aydınlatma","Indoor Lighting"
"6581","281","1","Sıva Üstü Dekoratif Sarkıt Armatürler ve Aplikler","Sıva Üstü Dekoratif Sarkıt Armatürler ve Aplikler"
"6582","205","0","İç Aydınlatma","Indoor Lighting"
"6582","281","1","Sıva Üstü Dekoratif Sarkıt Armatürler ve Aplikler","Sıva Üstü Dekoratif Sarkıt Armatürler ve Aplikler"
"6583","205","0","İç Aydınlatma","Indoor Lighting"
"6583","281","1","Sıva Üstü Dekoratif Sarkıt Armatürler ve Aplikler","Sıva Üstü Dekoratif Sarkıt Armatürler ve Aplikler"
"6584","205","0","İç Aydınlatma","Indoor Lighting"
"6584","281","1","Sıva Üstü Dekoratif Sarkıt Armatürler ve Aplikler","Sıva Üstü Dekoratif Sarkıt Armatürler ve Aplikler"
"6585","205","0","İç Aydınlatma","Indoor Lighting"
"6585","281","1","Sıva Üstü Dekoratif Sarkıt Armatürler ve Aplikler","Sıva Üstü Dekoratif Sarkıt Armatürler ve Aplikler"
"6586","205","0","İç Aydınlatma","Indoor Lighting"
"6586","281","1","Sıva Üstü Dekoratif Sarkıt Armatürler ve Aplikler","Sıva Üstü Dekoratif Sarkıt Armatürler ve Aplikler"
"6587","205","0","İç Aydınlatma","Indoor Lighting"
"6587","281","1","Sıva Üstü Dekoratif Sarkıt Armatürler ve Aplikler","Sıva Üstü Dekoratif Sarkıt Armatürler ve Aplikler"
"6588","205","0","İç Aydınlatma","Indoor Lighting"
"6588","281","1","Sıva Üstü Dekoratif Sarkıt Armatürler ve Aplikler","Sıva Üstü Dekoratif Sarkıt Armatürler ve Aplikler"
"6589","205","0","İç Aydınlatma","Indoor Lighting"
"6589","281","1","Sıva Üstü Dekoratif Sarkıt Armatürler ve Aplikler","Sıva Üstü Dekoratif Sarkıt Armatürler ve Aplikler"
"6590","205","0","İç Aydınlatma","Indoor Lighting"
"6590","281","1","Sıva Üstü Dekoratif Sarkıt Armatürler ve Aplikler","Sıva Üstü Dekoratif Sarkıt Armatürler ve Aplikler"
"6591","205","0","İç Aydınlatma","Indoor Lighting"
"6591","281","1","Sıva Üstü Dekoratif Sarkıt Armatürler ve Aplikler","Sıva Üstü Dekoratif Sarkıt Armatürler ve Aplikler"
"6592","205","0","İç Aydınlatma","Indoor Lighting"
"6592","281","1","Sıva Üstü Dekoratif Sarkıt Armatürler ve Aplikler","Sıva Üstü Dekoratif Sarkıt Armatürler ve Aplikler"
"6593","205","0","İç Aydınlatma","Indoor Lighting"
"6593","281","1","Sıva Üstü Dekoratif Sarkıt Armatürler ve Aplikler","Sıva Üstü Dekoratif Sarkıt Armatürler ve Aplikler"
"6594","205","0","İç Aydınlatma","Indoor Lighting"
"6594","281","1","Sıva Üstü Dekoratif Sarkıt Armatürler ve Aplikler","Sıva Üstü Dekoratif Sarkıt Armatürler ve Aplikler"
"6595","205","0","İç Aydınlatma","Indoor Lighting"
"6595","281","1","Sıva Üstü Dekoratif Sarkıt Armatürler ve Aplikler","Sıva Üstü Dekoratif Sarkıt Armatürler ve Aplikler"
"6596","205","0","İç Aydınlatma","Indoor Lighting"
"6596","281","1","Sıva Üstü Dekoratif Sarkıt Armatürler ve Aplikler","Sıva Üstü Dekoratif Sarkıt Armatürler ve Aplikler"
"6597","205","0","İç Aydınlatma","Indoor Lighting"
"6597","281","1","Sıva Üstü Dekoratif Sarkıt Armatürler ve Aplikler","Sıva Üstü Dekoratif Sarkıt Armatürler ve Aplikler"
"6598","205","0","İç Aydınlatma","Indoor Lighting"
"6598","281","1","Sıva Üstü Dekoratif Sarkıt Armatürler ve Aplikler","Sıva Üstü Dekoratif Sarkıt Armatürler ve Aplikler"
"6599","205","0","İç Aydınlatma","Indoor Lighting"
"6599","281","1","Sıva Üstü Dekoratif Sarkıt Armatürler ve Aplikler","Sıva Üstü Dekoratif Sarkıt Armatürler ve Aplikler"
"6600","205","0","İç Aydınlatma","Indoor Lighting"
"6600","281","1","Sıva Üstü Dekoratif Sarkıt Armatürler ve Aplikler","Sıva Üstü Dekoratif Sarkıt Armatürler ve Aplikler"
"6601","205","0","İç Aydınlatma","Indoor Lighting"
"6601","281","1","Sıva Üstü Dekoratif Sarkıt Armatürler ve Aplikler","Sıva Üstü Dekoratif Sarkıt Armatürler ve Aplikler"
"6602","205","0","İç Aydınlatma","Indoor Lighting"
"6602","281","1","Sıva Üstü Dekoratif Sarkıt Armatürler ve Aplikler","Sıva Üstü Dekoratif Sarkıt Armatürler ve Aplikler"
"6603","205","0","İç Aydınlatma","Indoor Lighting"
"6603","281","1","Sıva Üstü Dekoratif Sarkıt Armatürler ve Aplikler","Sıva Üstü Dekoratif Sarkıt Armatürler ve Aplikler"
"6604","205","0","İç Aydınlatma","Indoor Lighting"
"6604","281","1","Sıva Üstü Dekoratif Sarkıt Armatürler ve Aplikler","Sıva Üstü Dekoratif Sarkıt Armatürler ve Aplikler"
"6605","205","0","İç Aydınlatma","Indoor Lighting"
"6605","281","1","Sıva Üstü Dekoratif Sarkıt Armatürler ve Aplikler","Sıva Üstü Dekoratif Sarkıt Armatürler ve Aplikler"
"6606","205","0","İç Aydınlatma","Indoor Lighting"
"6606","281","1","Sıva Üstü Dekoratif Sarkıt Armatürler ve Aplikler","Sıva Üstü Dekoratif Sarkıt Armatürler ve Aplikler"
"6607","205","0","İç Aydınlatma","Indoor Lighting"
"6607","281","1","Sıva Üstü Dekoratif Sarkıt Armatürler ve Aplikler","Sıva Üstü Dekoratif Sarkıt Armatürler ve Aplikler"
"6608","205","0","İç Aydınlatma","Indoor Lighting"
"6608","281","1","Sıva Üstü Dekoratif Sarkıt Armatürler ve Aplikler","Sıva Üstü Dekoratif Sarkıt Armatürler ve Aplikler"
"6609","205","0","İç Aydınlatma","Indoor Lighting"
"6609","281","1","Sıva Üstü Dekoratif Sarkıt Armatürler ve Aplikler","Sıva Üstü Dekoratif Sarkıt Armatürler ve Aplikler"
"6610","205","0","İç Aydınlatma","Indoor Lighting"
"6610","281","1","Sıva Üstü Dekoratif Sarkıt Armatürler ve Aplikler","Sıva Üstü Dekoratif Sarkıt Armatürler ve Aplikler"
"6611","205","0","İç Aydınlatma","Indoor Lighting"
"6611","281","1","Sıva Üstü Dekoratif Sarkıt Armatürler ve Aplikler","Sıva Üstü Dekoratif Sarkıt Armatürler ve Aplikler"
"6612","205","0","İç Aydınlatma","Indoor Lighting"
"6612","281","1","Sıva Üstü Dekoratif Sarkıt Armatürler ve Aplikler","Sıva Üstü Dekoratif Sarkıt Armatürler ve Aplikler"
"6613","205","0","İç Aydınlatma","Indoor Lighting"
"6613","281","1","Sıva Üstü Dekoratif Sarkıt Armatürler ve Aplikler","Sıva Üstü Dekoratif Sarkıt Armatürler ve Aplikler"
"6614","205","0","İç Aydınlatma","Indoor Lighting"
"6614","281","1","Sıva Üstü Dekoratif Sarkıt Armatürler ve Aplikler","Sıva Üstü Dekoratif Sarkıt Armatürler ve Aplikler"
"6615","205","0","İç Aydınlatma","Indoor Lighting"
"6615","281","1","Sıva Üstü Dekoratif Sarkıt Armatürler ve Aplikler","Sıva Üstü Dekoratif Sarkıt Armatürler ve Aplikler"
"6616","205","0","İç Aydınlatma","Indoor Lighting"
"6616","281","1","Sıva Üstü Dekoratif Sarkıt Armatürler ve Aplikler","Sıva Üstü Dekoratif Sarkıt Armatürler ve Aplikler"
"6617","205","0","İç Aydınlatma","Indoor Lighting"
"6617","281","1","Sıva Üstü Dekoratif Sarkıt Armatürler ve Aplikler","Sıva Üstü Dekoratif Sarkıt Armatürler ve Aplikler"
"6618","205","0","İç Aydınlatma","Indoor Lighting"
"6618","281","1","Sıva Üstü Dekoratif Sarkıt Armatürler ve Aplikler","Sıva Üstü Dekoratif Sarkıt Armatürler ve Aplikler"
"6619","205","0","İç Aydınlatma","Indoor Lighting"
"6619","281","1","Sıva Üstü Dekoratif Sarkıt Armatürler ve Aplikler","Sıva Üstü Dekoratif Sarkıt Armatürler ve Aplikler"
"6620","205","0","İç Aydınlatma","Indoor Lighting"
"6620","281","1","Sıva Üstü Dekoratif Sarkıt Armatürler ve Aplikler","Sıva Üstü Dekoratif Sarkıt Armatürler ve Aplikler"
"6621","205","0","İç Aydınlatma","Indoor Lighting"
"6621","281","1","Sıva Üstü Dekoratif Sarkıt Armatürler ve Aplikler","Sıva Üstü Dekoratif Sarkıt Armatürler ve Aplikler"
"6622","205","0","İç Aydınlatma","Indoor Lighting"
"6622","281","1","Sıva Üstü Dekoratif Sarkıt Armatürler ve Aplikler","Sıva Üstü Dekoratif Sarkıt Armatürler ve Aplikler"
"6623","205","0","İç Aydınlatma","Indoor Lighting"
"6623","281","1","Sıva Üstü Dekoratif Sarkıt Armatürler ve Aplikler","Sıva Üstü Dekoratif Sarkıt Armatürler ve Aplikler"
"6624","205","0","İç Aydınlatma","Indoor Lighting"
"6624","281","1","Sıva Üstü Dekoratif Sarkıt Armatürler ve Aplikler","Sıva Üstü Dekoratif Sarkıt Armatürler ve Aplikler"
"6625","205","0","İç Aydınlatma","Indoor Lighting"
"6625","281","1","Sıva Üstü Dekoratif Sarkıt Armatürler ve Aplikler","Sıva Üstü Dekoratif Sarkıt Armatürler ve Aplikler"
"6626","205","0","İç Aydınlatma","Indoor Lighting"
"6626","281","1","Sıva Üstü Dekoratif Sarkıt Armatürler ve Aplikler","Sıva Üstü Dekoratif Sarkıt Armatürler ve Aplikler"
"6627","205","0","İç Aydınlatma","Indoor Lighting"
"6627","281","1","Sıva Üstü Dekoratif Sarkıt Armatürler ve Aplikler","Sıva Üstü Dekoratif Sarkıt Armatürler ve Aplikler"
"6628","205","0","İç Aydınlatma","Indoor Lighting"
"6628","281","1","Sıva Üstü Dekoratif Sarkıt Armatürler ve Aplikler","Sıva Üstü Dekoratif Sarkıt Armatürler ve Aplikler"
"6629","205","0","İç Aydınlatma","Indoor Lighting"
"6629","281","1","Sıva Üstü Dekoratif Sarkıt Armatürler ve Aplikler","Sıva Üstü Dekoratif Sarkıt Armatürler ve Aplikler"
"6630","205","0","İç Aydınlatma","Indoor Lighting"
"6630","281","1","Sıva Üstü Dekoratif Sarkıt Armatürler ve Aplikler","Sıva Üstü Dekoratif Sarkıt Armatürler ve Aplikler"
"6631","205","0","İç Aydınlatma","Indoor Lighting"
"6631","281","1","Sıva Üstü Dekoratif Sarkıt Armatürler ve Aplikler","Sıva Üstü Dekoratif Sarkıt Armatürler ve Aplikler"
"6632","205","0","İç Aydınlatma","Indoor Lighting"
"6632","281","1","Sıva Üstü Dekoratif Sarkıt Armatürler ve Aplikler","Sıva Üstü Dekoratif Sarkıt Armatürler ve Aplikler"
"6633","205","0","İç Aydınlatma","Indoor Lighting"
"6633","281","1","Sıva Üstü Dekoratif Sarkıt Armatürler ve Aplikler","Sıva Üstü Dekoratif Sarkıt Armatürler ve Aplikler"
"6634","205","0","İç Aydınlatma","Indoor Lighting"
"6634","281","1","Sıva Üstü Dekoratif Sarkıt Armatürler ve Aplikler","Sıva Üstü Dekoratif Sarkıt Armatürler ve Aplikler"
"6635","205","0","İç Aydınlatma","Indoor Lighting"
"6635","281","1","Sıva Üstü Dekoratif Sarkıt Armatürler ve Aplikler","Sıva Üstü Dekoratif Sarkıt Armatürler ve Aplikler"
"6636","205","0","İç Aydınlatma","Indoor Lighting"
"6636","281","1","Sıva Üstü Dekoratif Sarkıt Armatürler ve Aplikler","Sıva Üstü Dekoratif Sarkıt Armatürler ve Aplikler"
"6637","205","0","İç Aydınlatma","Indoor Lighting"
"6637","281","1","Sıva Üstü Dekoratif Sarkıt Armatürler ve Aplikler","Sıva Üstü Dekoratif Sarkıt Armatürler ve Aplikler"
"6638","205","0","İç Aydınlatma","Indoor Lighting"
"6638","281","1","Sıva Üstü Dekoratif Sarkıt Armatürler ve Aplikler","Sıva Üstü Dekoratif Sarkıt Armatürler ve Aplikler"
"6639","205","0","İç Aydınlatma","Indoor Lighting"
"6639","281","1","Sıva Üstü Dekoratif Sarkıt Armatürler ve Aplikler","Sıva Üstü Dekoratif Sarkıt Armatürler ve Aplikler"
"6640","205","0","İç Aydınlatma","Indoor Lighting"
"6640","281","1","Sıva Üstü Dekoratif Sarkıt Armatürler ve Aplikler","Sıva Üstü Dekoratif Sarkıt Armatürler ve Aplikler"
"6641","205","0","İç Aydınlatma","Indoor Lighting"
"6641","281","1","Sıva Üstü Dekoratif Sarkıt Armatürler ve Aplikler","Sıva Üstü Dekoratif Sarkıt Armatürler ve Aplikler"
"6642","205","0","İç Aydınlatma","Indoor Lighting"
"6642","281","1","Sıva Üstü Dekoratif Sarkıt Armatürler ve Aplikler","Sıva Üstü Dekoratif Sarkıt Armatürler ve Aplikler"
"6643","205","0","İç Aydınlatma","Indoor Lighting"
"6643","281","1","Sıva Üstü Dekoratif Sarkıt Armatürler ve Aplikler","Sıva Üstü Dekoratif Sarkıt Armatürler ve Aplikler"
"6644","205","0","İç Aydınlatma","Indoor Lighting"
"6644","281","1","Sıva Üstü Dekoratif Sarkıt Armatürler ve Aplikler","Sıva Üstü Dekoratif Sarkıt Armatürler ve Aplikler"
"6645","205","0","İç Aydınlatma","Indoor Lighting"
"6645","281","1","Sıva Üstü Dekoratif Sarkıt Armatürler ve Aplikler","Sıva Üstü Dekoratif Sarkıt Armatürler ve Aplikler"
"6646","205","0","İç Aydınlatma","Indoor Lighting"
"6646","281","1","Sıva Üstü Dekoratif Sarkıt Armatürler ve Aplikler","Sıva Üstü Dekoratif Sarkıt Armatürler ve Aplikler"
"6647","205","0","İç Aydınlatma","Indoor Lighting"
"6647","281","1","Sıva Üstü Dekoratif Sarkıt Armatürler ve Aplikler","Sıva Üstü Dekoratif Sarkıt Armatürler ve Aplikler"
"6648","205","0","İç Aydınlatma","Indoor Lighting"
"6648","281","1","Sıva Üstü Dekoratif Sarkıt Armatürler ve Aplikler","Sıva Üstü Dekoratif Sarkıt Armatürler ve Aplikler"
"6649","205","0","İç Aydınlatma","Indoor Lighting"
"6649","281","1","Sıva Üstü Dekoratif Sarkıt Armatürler ve Aplikler","Sıva Üstü Dekoratif Sarkıt Armatürler ve Aplikler"
"6650","205","0","İç Aydınlatma","Indoor Lighting"
"6650","281","1","Sıva Üstü Dekoratif Sarkıt Armatürler ve Aplikler","Sıva Üstü Dekoratif Sarkıt Armatürler ve Aplikler"
"6651","205","0","İç Aydınlatma","Indoor Lighting"
"6651","281","1","Sıva Üstü Dekoratif Sarkıt Armatürler ve Aplikler","Sıva Üstü Dekoratif Sarkıt Armatürler ve Aplikler"
"6652","205","0","İç Aydınlatma","Indoor Lighting"
"6652","281","1","Sıva Üstü Dekoratif Sarkıt Armatürler ve Aplikler","Sıva Üstü Dekoratif Sarkıt Armatürler ve Aplikler"
"6653","205","0","İç Aydınlatma","Indoor Lighting"
"6653","281","1","Sıva Üstü Dekoratif Sarkıt Armatürler ve Aplikler","Sıva Üstü Dekoratif Sarkıt Armatürler ve Aplikler"
"6654","205","0","İç Aydınlatma","Indoor Lighting"
"6654","281","1","Sıva Üstü Dekoratif Sarkıt Armatürler ve Aplikler","Sıva Üstü Dekoratif Sarkıt Armatürler ve Aplikler"
"6655","205","0","İç Aydınlatma","Indoor Lighting"
"6655","281","1","Sıva Üstü Dekoratif Sarkıt Armatürler ve Aplikler","Sıva Üstü Dekoratif Sarkıt Armatürler ve Aplikler"
"6656","205","0","İç Aydınlatma","Indoor Lighting"
"6656","281","1","Sıva Üstü Dekoratif Sarkıt Armatürler ve Aplikler","Sıva Üstü Dekoratif Sarkıt Armatürler ve Aplikler"
"6657","205","0","İç Aydınlatma","Indoor Lighting"
"6657","281","1","Sıva Üstü Dekoratif Sarkıt Armatürler ve Aplikler","Sıva Üstü Dekoratif Sarkıt Armatürler ve Aplikler"
"6658","205","0","İç Aydınlatma","Indoor Lighting"
"6658","281","1","Sıva Üstü Dekoratif Sarkıt Armatürler ve Aplikler","Sıva Üstü Dekoratif Sarkıt Armatürler ve Aplikler"
"6659","205","0","İç Aydınlatma","Indoor Lighting"
"6659","281","1","Sıva Üstü Dekoratif Sarkıt Armatürler ve Aplikler","Sıva Üstü Dekoratif Sarkıt Armatürler ve Aplikler"
"6660","205","0","İç Aydınlatma","Indoor Lighting"
"6660","281","1","Sıva Üstü Dekoratif Sarkıt Armatürler ve Aplikler","Sıva Üstü Dekoratif Sarkıt Armatürler ve Aplikler"
"6661","205","0","İç Aydınlatma","Indoor Lighting"
"6661","281","1","Sıva Üstü Dekoratif Sarkıt Armatürler ve Aplikler","Sıva Üstü Dekoratif Sarkıt Armatürler ve Aplikler"
"6662","205","0","İç Aydınlatma","Indoor Lighting"
"6662","281","1","Sıva Üstü Dekoratif Sarkıt Armatürler ve Aplikler","Sıva Üstü Dekoratif Sarkıt Armatürler ve Aplikler"
"6663","205","0","İç Aydınlatma","Indoor Lighting"
"6663","281","1","Sıva Üstü Dekoratif Sarkıt Armatürler ve Aplikler","Sıva Üstü Dekoratif Sarkıt Armatürler ve Aplikler"
"6664","205","0","İç Aydınlatma","Indoor Lighting"
"6664","281","1","Sıva Üstü Dekoratif Sarkıt Armatürler ve Aplikler","Sıva Üstü Dekoratif Sarkıt Armatürler ve Aplikler"
"6665","205","0","İç Aydınlatma","Indoor Lighting"
"6665","281","1","Sıva Üstü Dekoratif Sarkıt Armatürler ve Aplikler","Sıva Üstü Dekoratif Sarkıt Armatürler ve Aplikler"
"6666","205","0","İç Aydınlatma","Indoor Lighting"
"6666","281","1","Sıva Üstü Dekoratif Sarkıt Armatürler ve Aplikler","Sıva Üstü Dekoratif Sarkıt Armatürler ve Aplikler"
"6667","205","0","İç Aydınlatma","Indoor Lighting"
"6667","281","1","Sıva Üstü Dekoratif Sarkıt Armatürler ve Aplikler","Sıva Üstü Dekoratif Sarkıt Armatürler ve Aplikler"
"6668","205","0","İç Aydınlatma","Indoor Lighting"
"6668","281","1","Sıva Üstü Dekoratif Sarkıt Armatürler ve Aplikler","Sıva Üstü Dekoratif Sarkıt Armatürler ve Aplikler"
"6669","205","0","İç Aydınlatma","Indoor Lighting"
"6669","281","1","Sıva Üstü Dekoratif Sarkıt Armatürler ve Aplikler","Sıva Üstü Dekoratif Sarkıt Armatürler ve Aplikler"
"6670","205","0","İç Aydınlatma","Indoor Lighting"
"6670","281","1","Sıva Üstü Dekoratif Sarkıt Armatürler ve Aplikler","Sıva Üstü Dekoratif Sarkıt Armatürler ve Aplikler"
"6671","205","0","İç Aydınlatma","Indoor Lighting"
"6671","281","1","Sıva Üstü Dekoratif Sarkıt Armatürler ve Aplikler","Sıva Üstü Dekoratif Sarkıt Armatürler ve Aplikler"
"6672","205","0","İç Aydınlatma","Indoor Lighting"
"6672","281","1","Sıva Üstü Dekoratif Sarkıt Armatürler ve Aplikler","Sıva Üstü Dekoratif Sarkıt Armatürler ve Aplikler"
"6673","205","0","İç Aydınlatma","Indoor Lighting"
"6673","281","1","Sıva Üstü Dekoratif Sarkıt Armatürler ve Aplikler","Sıva Üstü Dekoratif Sarkıt Armatürler ve Aplikler"
"6674","205","0","İç Aydınlatma","Indoor Lighting"
"6674","281","1","Sıva Üstü Dekoratif Sarkıt Armatürler ve Aplikler","Sıva Üstü Dekoratif Sarkıt Armatürler ve Aplikler"
"6675","205","0","İç Aydınlatma","Indoor Lighting"
"6675","281","1","Sıva Üstü Dekoratif Sarkıt Armatürler ve Aplikler","Sıva Üstü Dekoratif Sarkıt Armatürler ve Aplikler"
"6676","205","0","İç Aydınlatma","Indoor Lighting"
"6676","281","1","Sıva Üstü Dekoratif Sarkıt Armatürler ve Aplikler","Sıva Üstü Dekoratif Sarkıt Armatürler ve Aplikler"
"6677","205","0","İç Aydınlatma","Indoor Lighting"
"6677","281","1","Sıva Üstü Dekoratif Sarkıt Armatürler ve Aplikler","Sıva Üstü Dekoratif Sarkıt Armatürler ve Aplikler"
"6678","205","0","İç Aydınlatma","Indoor Lighting"
"6678","281","1","Sıva Üstü Dekoratif Sarkıt Armatürler ve Aplikler","Sıva Üstü Dekoratif Sarkıt Armatürler ve Aplikler"
"6679","205","0","İç Aydınlatma","Indoor Lighting"
"6679","281","1","Sıva Üstü Dekoratif Sarkıt Armatürler ve Aplikler","Sıva Üstü Dekoratif Sarkıt Armatürler ve Aplikler"
"6680","205","0","İç Aydınlatma","Indoor Lighting"
"6680","281","1","Sıva Üstü Dekoratif Sarkıt Armatürler ve Aplikler","Sıva Üstü Dekoratif Sarkıt Armatürler ve Aplikler"
"6681","205","0","İç Aydınlatma","Indoor Lighting"
"6681","281","1","Sıva Üstü Dekoratif Sarkıt Armatürler ve Aplikler","Sıva Üstü Dekoratif Sarkıt Armatürler ve Aplikler"
"6682","205","0","İç Aydınlatma","Indoor Lighting"
"6682","281","1","Sıva Üstü Dekoratif Sarkıt Armatürler ve Aplikler","Sıva Üstü Dekoratif Sarkıt Armatürler ve Aplikler"
"6683","205","0","İç Aydınlatma","Indoor Lighting"
"6683","281","1","Sıva Üstü Dekoratif Sarkıt Armatürler ve Aplikler","Sıva Üstü Dekoratif Sarkıt Armatürler ve Aplikler"
"6684","205","0","İç Aydınlatma","Indoor Lighting"
"6684","281","1","Sıva Üstü Dekoratif Sarkıt Armatürler ve Aplikler","Sıva Üstü Dekoratif Sarkıt Armatürler ve Aplikler"
"6685","205","0","İç Aydınlatma","Indoor Lighting"
"6685","281","1","Sıva Üstü Dekoratif Sarkıt Armatürler ve Aplikler","Sıva Üstü Dekoratif Sarkıt Armatürler ve Aplikler"
"6686","205","0","İç Aydınlatma","Indoor Lighting"
"6686","281","1","Sıva Üstü Dekoratif Sarkıt Armatürler ve Aplikler","Sıva Üstü Dekoratif Sarkıt Armatürler ve Aplikler"
"6687","205","0","İç Aydınlatma","Indoor Lighting"
"6687","281","1","Sıva Üstü Dekoratif Sarkıt Armatürler ve Aplikler","Sıva Üstü Dekoratif Sarkıt Armatürler ve Aplikler"
"6688","205","0","İç Aydınlatma","Indoor Lighting"
"6688","281","1","Sıva Üstü Dekoratif Sarkıt Armatürler ve Aplikler","Sıva Üstü Dekoratif Sarkıt Armatürler ve Aplikler"
"6689","205","0","İç Aydınlatma","Indoor Lighting"
"6689","281","1","Sıva Üstü Dekoratif Sarkıt Armatürler ve Aplikler","Sıva Üstü Dekoratif Sarkıt Armatürler ve Aplikler"
"6690","205","0","İç Aydınlatma","Indoor Lighting"
"6690","281","1","Sıva Üstü Dekoratif Sarkıt Armatürler ve Aplikler","Sıva Üstü Dekoratif Sarkıt Armatürler ve Aplikler"
"6691","205","0","İç Aydınlatma","Indoor Lighting"
"6691","281","1","Sıva Üstü Dekoratif Sarkıt Armatürler ve Aplikler","Sıva Üstü Dekoratif Sarkıt Armatürler ve Aplikler"
"6692","205","0","İç Aydınlatma","Indoor Lighting"
"6692","281","1","Sıva Üstü Dekoratif Sarkıt Armatürler ve Aplikler","Sıva Üstü Dekoratif Sarkıt Armatürler ve Aplikler"
"6693","205","0","İç Aydınlatma","Indoor Lighting"
"6693","281","1","Sıva Üstü Dekoratif Sarkıt Armatürler ve Aplikler","Sıva Üstü Dekoratif Sarkıt Armatürler ve Aplikler"
"6694","205","0","İç Aydınlatma","Indoor Lighting"
"6694","281","1","Sıva Üstü Dekoratif Sarkıt Armatürler ve Aplikler","Sıva Üstü Dekoratif Sarkıt Armatürler ve Aplikler"
"6695","205","0","İç Aydınlatma","Indoor Lighting"
"6695","281","1","Sıva Üstü Dekoratif Sarkıt Armatürler ve Aplikler","Sıva Üstü Dekoratif Sarkıt Armatürler ve Aplikler"
"6696","205","0","İç Aydınlatma","Indoor Lighting"
"6696","281","1","Sıva Üstü Dekoratif Sarkıt Armatürler ve Aplikler","Sıva Üstü Dekoratif Sarkıt Armatürler ve Aplikler"
"6697","205","0","İç Aydınlatma","Indoor Lighting"
"6697","281","1","Sıva Üstü Dekoratif Sarkıt Armatürler ve Aplikler","Sıva Üstü Dekoratif Sarkıt Armatürler ve Aplikler"
"6698","205","0","İç Aydınlatma","Indoor Lighting"
"6698","281","1","Sıva Üstü Dekoratif Sarkıt Armatürler ve Aplikler","Sıva Üstü Dekoratif Sarkıt Armatürler ve Aplikler"
"6699","205","0","İç Aydınlatma","Indoor Lighting"
"6699","281","1","Sıva Üstü Dekoratif Sarkıt Armatürler ve Aplikler","Sıva Üstü Dekoratif Sarkıt Armatürler ve Aplikler"
"6700","205","0","İç Aydınlatma","Indoor Lighting"
"6700","281","1","Sıva Üstü Dekoratif Sarkıt Armatürler ve Aplikler","Sıva Üstü Dekoratif Sarkıt Armatürler ve Aplikler"
"6701","205","0","İç Aydınlatma","Indoor Lighting"
"6701","281","1","Sıva Üstü Dekoratif Sarkıt Armatürler ve Aplikler","Sıva Üstü Dekoratif Sarkıt Armatürler ve Aplikler"
"6702","205","0","İç Aydınlatma","Indoor Lighting"
"6702","281","1","Sıva Üstü Dekoratif Sarkıt Armatürler ve Aplikler","Sıva Üstü Dekoratif Sarkıt Armatürler ve Aplikler"
"6703","205","0","İç Aydınlatma","Indoor Lighting"
"6703","281","1","Sıva Üstü Dekoratif Sarkıt Armatürler ve Aplikler","Sıva Üstü Dekoratif Sarkıt Armatürler ve Aplikler"
"6704","205","0","İç Aydınlatma","Indoor Lighting"
"6704","281","1","Sıva Üstü Dekoratif Sarkıt Armatürler ve Aplikler","Sıva Üstü Dekoratif Sarkıt Armatürler ve Aplikler"
"6705","205","0","İç Aydınlatma","Indoor Lighting"
"6705","281","1","Sıva Üstü Dekoratif Sarkıt Armatürler ve Aplikler","Sıva Üstü Dekoratif Sarkıt Armatürler ve Aplikler"
"6706","205","0","İç Aydınlatma","Indoor Lighting"
"6706","281","1","Sıva Üstü Dekoratif Sarkıt Armatürler ve Aplikler","Sıva Üstü Dekoratif Sarkıt Armatürler ve Aplikler"
"6707","205","0","İç Aydınlatma","Indoor Lighting"
"6707","281","1","Sıva Üstü Dekoratif Sarkıt Armatürler ve Aplikler","Sıva Üstü Dekoratif Sarkıt Armatürler ve Aplikler"
"6708","205","0","İç Aydınlatma","Indoor Lighting"
"6708","281","1","Sıva Üstü Dekoratif Sarkıt Armatürler ve Aplikler","Sıva Üstü Dekoratif Sarkıt Armatürler ve Aplikler"
"6709","205","0","İç Aydınlatma","Indoor Lighting"
"6709","281","1","Sıva Üstü Dekoratif Sarkıt Armatürler ve Aplikler","Sıva Üstü Dekoratif Sarkıt Armatürler ve Aplikler"
"6710","205","0","İç Aydınlatma","Indoor Lighting"
"6710","281","1","Sıva Üstü Dekoratif Sarkıt Armatürler ve Aplikler","Sıva Üstü Dekoratif Sarkıt Armatürler ve Aplikler"
"6711","205","0","İç Aydınlatma","Indoor Lighting"
"6711","281","1","Sıva Üstü Dekoratif Sarkıt Armatürler ve Aplikler","Sıva Üstü Dekoratif Sarkıt Armatürler ve Aplikler"
"6712","205","0","İç Aydınlatma","Indoor Lighting"
"6712","281","1","Sıva Üstü Dekoratif Sarkıt Armatürler ve Aplikler","Sıva Üstü Dekoratif Sarkıt Armatürler ve Aplikler"
"6713","205","0","İç Aydınlatma","Indoor Lighting"
"6713","281","1","Sıva Üstü Dekoratif Sarkıt Armatürler ve Aplikler","Sıva Üstü Dekoratif Sarkıt Armatürler ve Aplikler"
"6714","205","0","İç Aydınlatma","Indoor Lighting"
"6714","281","1","Sıva Üstü Dekoratif Sarkıt Armatürler ve Aplikler","Sıva Üstü Dekoratif Sarkıt Armatürler ve Aplikler"
"6715","205","0","İç Aydınlatma","Indoor Lighting"
"6715","281","1","Sıva Üstü Dekoratif Sarkıt Armatürler ve Aplikler","Sıva Üstü Dekoratif Sarkıt Armatürler ve Aplikler"
"6716","205","0","İç Aydınlatma","Indoor Lighting"
"6716","281","1","Sıva Üstü Dekoratif Sarkıt Armatürler ve Aplikler","Sıva Üstü Dekoratif Sarkıt Armatürler ve Aplikler"
"6717","205","0","İç Aydınlatma","Indoor Lighting"
"6717","281","1","Sıva Üstü Dekoratif Sarkıt Armatürler ve Aplikler","Sıva Üstü Dekoratif Sarkıt Armatürler ve Aplikler"
"6718","205","0","İç Aydınlatma","Indoor Lighting"
"6718","281","1","Sıva Üstü Dekoratif Sarkıt Armatürler ve Aplikler","Sıva Üstü Dekoratif Sarkıt Armatürler ve Aplikler"
"6719","205","0","İç Aydınlatma","Indoor Lighting"
"6719","281","1","Sıva Üstü Dekoratif Sarkıt Armatürler ve Aplikler","Sıva Üstü Dekoratif Sarkıt Armatürler ve Aplikler"
"6720","205","0","İç Aydınlatma","Indoor Lighting"
"6720","281","1","Sıva Üstü Dekoratif Sarkıt Armatürler ve Aplikler","Sıva Üstü Dekoratif Sarkıt Armatürler ve Aplikler"
"6721","205","0","İç Aydınlatma","Indoor Lighting"
"6721","281","1","Sıva Üstü Dekoratif Sarkıt Armatürler ve Aplikler","Sıva Üstü Dekoratif Sarkıt Armatürler ve Aplikler"
"6722","205","0","İç Aydınlatma","Indoor Lighting"
"6722","281","1","Sıva Üstü Dekoratif Sarkıt Armatürler ve Aplikler","Sıva Üstü Dekoratif Sarkıt Armatürler ve Aplikler"
"6723","205","0","İç Aydınlatma","Indoor Lighting"
"6723","281","1","Sıva Üstü Dekoratif Sarkıt Armatürler ve Aplikler","Sıva Üstü Dekoratif Sarkıt Armatürler ve Aplikler"
"6724","205","0","İç Aydınlatma","Indoor Lighting"
"6724","281","1","Sıva Üstü Dekoratif Sarkıt Armatürler ve Aplikler","Sıva Üstü Dekoratif Sarkıt Armatürler ve Aplikler"
"6725","205","0","İç Aydınlatma","Indoor Lighting"
"6725","281","1","Sıva Üstü Dekoratif Sarkıt Armatürler ve Aplikler","Sıva Üstü Dekoratif Sarkıt Armatürler ve Aplikler"
"6726","205","0","İç Aydınlatma","Indoor Lighting"
"6726","281","1","Sıva Üstü Dekoratif Sarkıt Armatürler ve Aplikler","Sıva Üstü Dekoratif Sarkıt Armatürler ve Aplikler"
"6727","205","0","İç Aydınlatma","Indoor Lighting"
"6727","281","1","Sıva Üstü Dekoratif Sarkıt Armatürler ve Aplikler","Sıva Üstü Dekoratif Sarkıt Armatürler ve Aplikler"
"6728","205","0","İç Aydınlatma","Indoor Lighting"
"6728","281","1","Sıva Üstü Dekoratif Sarkıt Armatürler ve Aplikler","Sıva Üstü Dekoratif Sarkıt Armatürler ve Aplikler"
"6729","205","0","İç Aydınlatma","Indoor Lighting"
"6729","281","1","Sıva Üstü Dekoratif Sarkıt Armatürler ve Aplikler","Sıva Üstü Dekoratif Sarkıt Armatürler ve Aplikler"
"6730","205","0","İç Aydınlatma","Indoor Lighting"
"6730","281","1","Sıva Üstü Dekoratif Sarkıt Armatürler ve Aplikler","Sıva Üstü Dekoratif Sarkıt Armatürler ve Aplikler"
"6731","205","0","İç Aydınlatma","Indoor Lighting"
"6731","281","1","Sıva Üstü Dekoratif Sarkıt Armatürler ve Aplikler","Sıva Üstü Dekoratif Sarkıt Armatürler ve Aplikler"
"6732","205","0","İç Aydınlatma","Indoor Lighting"
"6732","281","1","Sıva Üstü Dekoratif Sarkıt Armatürler ve Aplikler","Sıva Üstü Dekoratif Sarkıt Armatürler ve Aplikler"
"6733","205","0","İç Aydınlatma","Indoor Lighting"
"6733","281","1","Sıva Üstü Dekoratif Sarkıt Armatürler ve Aplikler","Sıva Üstü Dekoratif Sarkıt Armatürler ve Aplikler"
"6734","205","0","İç Aydınlatma","Indoor Lighting"
"6734","281","1","Sıva Üstü Dekoratif Sarkıt Armatürler ve Aplikler","Sıva Üstü Dekoratif Sarkıt Armatürler ve Aplikler"
"6735","205","0","İç Aydınlatma","Indoor Lighting"
"6735","281","1","Sıva Üstü Dekoratif Sarkıt Armatürler ve Aplikler","Sıva Üstü Dekoratif Sarkıt Armatürler ve Aplikler"
"6736","205","0","İç Aydınlatma","Indoor Lighting"
"6736","281","1","Sıva Üstü Dekoratif Sarkıt Armatürler ve Aplikler","Sıva Üstü Dekoratif Sarkıt Armatürler ve Aplikler"
"6737","205","0","İç Aydınlatma","Indoor Lighting"
"6737","281","1","Sıva Üstü Dekoratif Sarkıt Armatürler ve Aplikler","Sıva Üstü Dekoratif Sarkıt Armatürler ve Aplikler"
"6738","205","0","İç Aydınlatma","Indoor Lighting"
"6738","281","1","Sıva Üstü Dekoratif Sarkıt Armatürler ve Aplikler","Sıva Üstü Dekoratif Sarkıt Armatürler ve Aplikler"
"6739","205","0","İç Aydınlatma","Indoor Lighting"
"6739","281","1","Sıva Üstü Dekoratif Sarkıt Armatürler ve Aplikler","Sıva Üstü Dekoratif Sarkıt Armatürler ve Aplikler"
"6740","205","0","İç Aydınlatma","Indoor Lighting"
"6740","281","1","Sıva Üstü Dekoratif Sarkıt Armatürler ve Aplikler","Sıva Üstü Dekoratif Sarkıt Armatürler ve Aplikler"
"6741","205","0","İç Aydınlatma","Indoor Lighting"
"6741","281","1","Sıva Üstü Dekoratif Sarkıt Armatürler ve Aplikler","Sıva Üstü Dekoratif Sarkıt Armatürler ve Aplikler"
"6742","205","0","İç Aydınlatma","Indoor Lighting"
"6742","281","1","Sıva Üstü Dekoratif Sarkıt Armatürler ve Aplikler","Sıva Üstü Dekoratif Sarkıt Armatürler ve Aplikler"
"6743","205","0","İç Aydınlatma","Indoor Lighting"
"6743","281","1","Sıva Üstü Dekoratif Sarkıt Armatürler ve Aplikler","Sıva Üstü Dekoratif Sarkıt Armatürler ve Aplikler"
"6744","205","0","İç Aydınlatma","Indoor Lighting"
"6744","281","1","Sıva Üstü Dekoratif Sarkıt Armatürler ve Aplikler","Sıva Üstü Dekoratif Sarkıt Armatürler ve Aplikler"
"6745","205","0","İç Aydınlatma","Indoor Lighting"
"6745","281","1","Sıva Üstü Dekoratif Sarkıt Armatürler ve Aplikler","Sıva Üstü Dekoratif Sarkıt Armatürler ve Aplikler"
"6746","205","0","İç Aydınlatma","Indoor Lighting"
"6746","281","1","Sıva Üstü Dekoratif Sarkıt Armatürler ve Aplikler","Sıva Üstü Dekoratif Sarkıt Armatürler ve Aplikler"
"6747","205","0","İç Aydınlatma","Indoor Lighting"
"6747","281","1","Sıva Üstü Dekoratif Sarkıt Armatürler ve Aplikler","Sıva Üstü Dekoratif Sarkıt Armatürler ve Aplikler"
"6748","205","0","İç Aydınlatma","Indoor Lighting"
"6748","281","1","Sıva Üstü Dekoratif Sarkıt Armatürler ve Aplikler","Sıva Üstü Dekoratif Sarkıt Armatürler ve Aplikler"
"6749","205","0","İç Aydınlatma","Indoor Lighting"
"6749","281","1","Sıva Üstü Dekoratif Sarkıt Armatürler ve Aplikler","Sıva Üstü Dekoratif Sarkıt Armatürler ve Aplikler"
"6750","205","0","İç Aydınlatma","Indoor Lighting"
"6750","281","1","Sıva Üstü Dekoratif Sarkıt Armatürler ve Aplikler","Sıva Üstü Dekoratif Sarkıt Armatürler ve Aplikler"
"6751","205","0","İç Aydınlatma","Indoor Lighting"
"6751","281","1","Sıva Üstü Dekoratif Sarkıt Armatürler ve Aplikler","Sıva Üstü Dekoratif Sarkıt Armatürler ve Aplikler"
"6752","205","0","İç Aydınlatma","Indoor Lighting"
"6752","281","1","Sıva Üstü Dekoratif Sarkıt Armatürler ve Aplikler","Sıva Üstü Dekoratif Sarkıt Armatürler ve Aplikler"
"6753","205","0","İç Aydınlatma","Indoor Lighting"
"6753","281","1","Sıva Üstü Dekoratif Sarkıt Armatürler ve Aplikler","Sıva Üstü Dekoratif Sarkıt Armatürler ve Aplikler"
"6754","205","0","İç Aydınlatma","Indoor Lighting"
"6754","281","1","Sıva Üstü Dekoratif Sarkıt Armatürler ve Aplikler","Sıva Üstü Dekoratif Sarkıt Armatürler ve Aplikler"
"6755","205","0","İç Aydınlatma","Indoor Lighting"
"6755","281","1","Sıva Üstü Dekoratif Sarkıt Armatürler ve Aplikler","Sıva Üstü Dekoratif Sarkıt Armatürler ve Aplikler"
"6756","205","0","İç Aydınlatma","Indoor Lighting"
"6756","281","1","Sıva Üstü Dekoratif Sarkıt Armatürler ve Aplikler","Sıva Üstü Dekoratif Sarkıt Armatürler ve Aplikler"
"6757","205","0","İç Aydınlatma","Indoor Lighting"
"6757","281","1","Sıva Üstü Dekoratif Sarkıt Armatürler ve Aplikler","Sıva Üstü Dekoratif Sarkıt Armatürler ve Aplikler"
"6758","205","0","İç Aydınlatma","Indoor Lighting"
"6758","281","1","Sıva Üstü Dekoratif Sarkıt Armatürler ve Aplikler","Sıva Üstü Dekoratif Sarkıt Armatürler ve Aplikler"
"6759","205","0","İç Aydınlatma","Indoor Lighting"
"6759","281","1","Sıva Üstü Dekoratif Sarkıt Armatürler ve Aplikler","Sıva Üstü Dekoratif Sarkıt Armatürler ve Aplikler"
"6760","205","0","İç Aydınlatma","Indoor Lighting"
"6760","281","1","Sıva Üstü Dekoratif Sarkıt Armatürler ve Aplikler","Sıva Üstü Dekoratif Sarkıt Armatürler ve Aplikler"
"6761","205","0","İç Aydınlatma","Indoor Lighting"
"6761","281","1","Sıva Üstü Dekoratif Sarkıt Armatürler ve Aplikler","Sıva Üstü Dekoratif Sarkıt Armatürler ve Aplikler"
"6762","205","0","İç Aydınlatma","Indoor Lighting"
"6762","281","1","Sıva Üstü Dekoratif Sarkıt Armatürler ve Aplikler","Sıva Üstü Dekoratif Sarkıt Armatürler ve Aplikler"
"6763","205","0","İç Aydınlatma","Indoor Lighting"
"6763","281","1","Sıva Üstü Dekoratif Sarkıt Armatürler ve Aplikler","Sıva Üstü Dekoratif Sarkıt Armatürler ve Aplikler"
"6764","205","0","İç Aydınlatma","Indoor Lighting"
"6764","281","1","Sıva Üstü Dekoratif Sarkıt Armatürler ve Aplikler","Sıva Üstü Dekoratif Sarkıt Armatürler ve Aplikler"
"6765","205","0","İç Aydınlatma","Indoor Lighting"
"6765","281","1","Sıva Üstü Dekoratif Sarkıt Armatürler ve Aplikler","Sıva Üstü Dekoratif Sarkıt Armatürler ve Aplikler"
"6766","205","0","İç Aydınlatma","Indoor Lighting"
"6766","281","1","Sıva Üstü Dekoratif Sarkıt Armatürler ve Aplikler","Sıva Üstü Dekoratif Sarkıt Armatürler ve Aplikler"
"6767","205","0","İç Aydınlatma","Indoor Lighting"
"6767","281","1","Sıva Üstü Dekoratif Sarkıt Armatürler ve Aplikler","Sıva Üstü Dekoratif Sarkıt Armatürler ve Aplikler"
"6768","205","0","İç Aydınlatma","Indoor Lighting"
"6768","281","1","Sıva Üstü Dekoratif Sarkıt Armatürler ve Aplikler","Sıva Üstü Dekoratif Sarkıt Armatürler ve Aplikler"
"6769","205","0","İç Aydınlatma","Indoor Lighting"
"6769","281","1","Sıva Üstü Dekoratif Sarkıt Armatürler ve Aplikler","Sıva Üstü Dekoratif Sarkıt Armatürler ve Aplikler"
"6770","205","0","İç Aydınlatma","Indoor Lighting"
"6770","281","1","Sıva Üstü Dekoratif Sarkıt Armatürler ve Aplikler","Sıva Üstü Dekoratif Sarkıt Armatürler ve Aplikler"
"6771","205","0","İç Aydınlatma","Indoor Lighting"
"6771","281","1","Sıva Üstü Dekoratif Sarkıt Armatürler ve Aplikler","Sıva Üstü Dekoratif Sarkıt Armatürler ve Aplikler"
"6772","205","0","İç Aydınlatma","Indoor Lighting"
"6772","281","1","Sıva Üstü Dekoratif Sarkıt Armatürler ve Aplikler","Sıva Üstü Dekoratif Sarkıt Armatürler ve Aplikler"
"6773","205","0","İç Aydınlatma","Indoor Lighting"
"6773","281","1","Sıva Üstü Dekoratif Sarkıt Armatürler ve Aplikler","Sıva Üstü Dekoratif Sarkıt Armatürler ve Aplikler"
"6774","205","0","İç Aydınlatma","Indoor Lighting"
"6774","281","1","Sıva Üstü Dekoratif Sarkıt Armatürler ve Aplikler","Sıva Üstü Dekoratif Sarkıt Armatürler ve Aplikler"
"6775","205","0","İç Aydınlatma","Indoor Lighting"
"6775","281","1","Sıva Üstü Dekoratif Sarkıt Armatürler ve Aplikler","Sıva Üstü Dekoratif Sarkıt Armatürler ve Aplikler"
"6776","205","0","İç Aydınlatma","Indoor Lighting"
"6776","281","1","Sıva Üstü Dekoratif Sarkıt Armatürler ve Aplikler","Sıva Üstü Dekoratif Sarkıt Armatürler ve Aplikler"
"6777","205","0","İç Aydınlatma","Indoor Lighting"
"6777","281","1","Sıva Üstü Dekoratif Sarkıt Armatürler ve Aplikler","Sıva Üstü Dekoratif Sarkıt Armatürler ve Aplikler"
"6778","205","0","İç Aydınlatma","Indoor Lighting"
"6778","281","1","Sıva Üstü Dekoratif Sarkıt Armatürler ve Aplikler","Sıva Üstü Dekoratif Sarkıt Armatürler ve Aplikler"
"6779","205","0","İç Aydınlatma","Indoor Lighting"
"6779","281","1","Sıva Üstü Dekoratif Sarkıt Armatürler ve Aplikler","Sıva Üstü Dekoratif Sarkıt Armatürler ve Aplikler"
"6780","205","0","İç Aydınlatma","Indoor Lighting"
"6780","281","1","Sıva Üstü Dekoratif Sarkıt Armatürler ve Aplikler","Sıva Üstü Dekoratif Sarkıt Armatürler ve Aplikler"
"6781","205","0","İç Aydınlatma","Indoor Lighting"
"6781","281","1","Sıva Üstü Dekoratif Sarkıt Armatürler ve Aplikler","Sıva Üstü Dekoratif Sarkıt Armatürler ve Aplikler"
"6782","205","0","İç Aydınlatma","Indoor Lighting"
"6782","281","1","Sıva Üstü Dekoratif Sarkıt Armatürler ve Aplikler","Sıva Üstü Dekoratif Sarkıt Armatürler ve Aplikler"
"6783","205","0","İç Aydınlatma","Indoor Lighting"
"6783","281","1","Sıva Üstü Dekoratif Sarkıt Armatürler ve Aplikler","Sıva Üstü Dekoratif Sarkıt Armatürler ve Aplikler"
"6784","205","0","İç Aydınlatma","Indoor Lighting"
"6784","281","1","Sıva Üstü Dekoratif Sarkıt Armatürler ve Aplikler","Sıva Üstü Dekoratif Sarkıt Armatürler ve Aplikler"
"6785","205","0","İç Aydınlatma","Indoor Lighting"
"6785","281","1","Sıva Üstü Dekoratif Sarkıt Armatürler ve Aplikler","Sıva Üstü Dekoratif Sarkıt Armatürler ve Aplikler"
"6786","205","0","İç Aydınlatma","Indoor Lighting"
"6786","281","1","Sıva Üstü Dekoratif Sarkıt Armatürler ve Aplikler","Sıva Üstü Dekoratif Sarkıt Armatürler ve Aplikler"
"6787","205","0","İç Aydınlatma","Indoor Lighting"
"6787","281","1","Sıva Üstü Dekoratif Sarkıt Armatürler ve Aplikler","Sıva Üstü Dekoratif Sarkıt Armatürler ve Aplikler"
"6788","205","0","İç Aydınlatma","Indoor Lighting"
"6788","281","1","Sıva Üstü Dekoratif Sarkıt Armatürler ve Aplikler","Sıva Üstü Dekoratif Sarkıt Armatürler ve Aplikler"
"6789","205","0","İç Aydınlatma","Indoor Lighting"
"6789","281","1","Sıva Üstü Dekoratif Sarkıt Armatürler ve Aplikler","Sıva Üstü Dekoratif Sarkıt Armatürler ve Aplikler"
"6790","205","0","İç Aydınlatma","Indoor Lighting"
"6790","281","1","Sıva Üstü Dekoratif Sarkıt Armatürler ve Aplikler","Sıva Üstü Dekoratif Sarkıt Armatürler ve Aplikler"
"6791","205","0","İç Aydınlatma","Indoor Lighting"
"6791","281","1","Sıva Üstü Dekoratif Sarkıt Armatürler ve Aplikler","Sıva Üstü Dekoratif Sarkıt Armatürler ve Aplikler"
"6792","205","0","İç Aydınlatma","Indoor Lighting"
"6792","281","1","Sıva Üstü Dekoratif Sarkıt Armatürler ve Aplikler","Sıva Üstü Dekoratif Sarkıt Armatürler ve Aplikler"
"6793","205","0","İç Aydınlatma","Indoor Lighting"
"6793","281","1","Sıva Üstü Dekoratif Sarkıt Armatürler ve Aplikler","Sıva Üstü Dekoratif Sarkıt Armatürler ve Aplikler"
"6794","205","0","İç Aydınlatma","Indoor Lighting"
"6794","281","1","Sıva Üstü Dekoratif Sarkıt Armatürler ve Aplikler","Sıva Üstü Dekoratif Sarkıt Armatürler ve Aplikler"
"6795","205","0","İç Aydınlatma","Indoor Lighting"
"6795","281","1","Sıva Üstü Dekoratif Sarkıt Armatürler ve Aplikler","Sıva Üstü Dekoratif Sarkıt Armatürler ve Aplikler"
"6796","205","0","İç Aydınlatma","Indoor Lighting"
"6796","281","1","Sıva Üstü Dekoratif Sarkıt Armatürler ve Aplikler","Sıva Üstü Dekoratif Sarkıt Armatürler ve Aplikler"
"6797","205","0","İç Aydınlatma","Indoor Lighting"
"6797","281","1","Sıva Üstü Dekoratif Sarkıt Armatürler ve Aplikler","Sıva Üstü Dekoratif Sarkıt Armatürler ve Aplikler"
"6798","205","0","İç Aydınlatma","Indoor Lighting"
"6798","281","1","Sıva Üstü Dekoratif Sarkıt Armatürler ve Aplikler","Sıva Üstü Dekoratif Sarkıt Armatürler ve Aplikler"
"6799","205","0","İç Aydınlatma","Indoor Lighting"
"6799","281","1","Sıva Üstü Dekoratif Sarkıt Armatürler ve Aplikler","Sıva Üstü Dekoratif Sarkıt Armatürler ve Aplikler"
"6800","205","0","İç Aydınlatma","Indoor Lighting"
"6800","281","1","Sıva Üstü Dekoratif Sarkıt Armatürler ve Aplikler","Sıva Üstü Dekoratif Sarkıt Armatürler ve Aplikler"
"6801","205","0","İç Aydınlatma","Indoor Lighting"
"6801","281","1","Sıva Üstü Dekoratif Sarkıt Armatürler ve Aplikler","Sıva Üstü Dekoratif Sarkıt Armatürler ve Aplikler"
"6802","205","0","İç Aydınlatma","Indoor Lighting"
"6802","281","1","Sıva Üstü Dekoratif Sarkıt Armatürler ve Aplikler","Sıva Üstü Dekoratif Sarkıt Armatürler ve Aplikler"
"6803","205","0","İç Aydınlatma","Indoor Lighting"
"6803","281","1","Sıva Üstü Dekoratif Sarkıt Armatürler ve Aplikler","Sıva Üstü Dekoratif Sarkıt Armatürler ve Aplikler"
"6804","205","0","İç Aydınlatma","Indoor Lighting"
"6804","281","1","Sıva Üstü Dekoratif Sarkıt Armatürler ve Aplikler","Sıva Üstü Dekoratif Sarkıt Armatürler ve Aplikler"
"6805","205","0","İç Aydınlatma","Indoor Lighting"
"6805","281","1","Sıva Üstü Dekoratif Sarkıt Armatürler ve Aplikler","Sıva Üstü Dekoratif Sarkıt Armatürler ve Aplikler"
"6806","205","0","İç Aydınlatma","Indoor Lighting"
"6806","281","1","Sıva Üstü Dekoratif Sarkıt Armatürler ve Aplikler","Sıva Üstü Dekoratif Sarkıt Armatürler ve Aplikler"
"6807","205","0","İç Aydınlatma","Indoor Lighting"
"6807","281","1","Sıva Üstü Dekoratif Sarkıt Armatürler ve Aplikler","Sıva Üstü Dekoratif Sarkıt Armatürler ve Aplikler"
"6808","205","0","İç Aydınlatma","Indoor Lighting"
"6808","281","1","Sıva Üstü Dekoratif Sarkıt Armatürler ve Aplikler","Sıva Üstü Dekoratif Sarkıt Armatürler ve Aplikler"
"6809","205","0","İç Aydınlatma","Indoor Lighting"
"6809","281","1","Sıva Üstü Dekoratif Sarkıt Armatürler ve Aplikler","Sıva Üstü Dekoratif Sarkıt Armatürler ve Aplikler"
"6810","205","0","İç Aydınlatma","Indoor Lighting"
"6810","281","1","Sıva Üstü Dekoratif Sarkıt Armatürler ve Aplikler","Sıva Üstü Dekoratif Sarkıt Armatürler ve Aplikler"
"6811","205","0","İç Aydınlatma","Indoor Lighting"
"6811","281","1","Sıva Üstü Dekoratif Sarkıt Armatürler ve Aplikler","Sıva Üstü Dekoratif Sarkıt Armatürler ve Aplikler"
"6812","205","0","İç Aydınlatma","Indoor Lighting"
"6812","281","1","Sıva Üstü Dekoratif Sarkıt Armatürler ve Aplikler","Sıva Üstü Dekoratif Sarkıt Armatürler ve Aplikler"
"6813","205","0","İç Aydınlatma","Indoor Lighting"
"6813","281","1","Sıva Üstü Dekoratif Sarkıt Armatürler ve Aplikler","Sıva Üstü Dekoratif Sarkıt Armatürler ve Aplikler"
"6814","205","0","İç Aydınlatma","Indoor Lighting"
"6814","281","1","Sıva Üstü Dekoratif Sarkıt Armatürler ve Aplikler","Sıva Üstü Dekoratif Sarkıt Armatürler ve Aplikler"
"6815","205","0","İç Aydınlatma","Indoor Lighting"
"6815","281","1","Sıva Üstü Dekoratif Sarkıt Armatürler ve Aplikler","Sıva Üstü Dekoratif Sarkıt Armatürler ve Aplikler"
"6816","205","0","İç Aydınlatma","Indoor Lighting"
"6816","281","1","Sıva Üstü Dekoratif Sarkıt Armatürler ve Aplikler","Sıva Üstü Dekoratif Sarkıt Armatürler ve Aplikler"
"6817","205","0","İç Aydınlatma","Indoor Lighting"
"6817","281","1","Sıva Üstü Dekoratif Sarkıt Armatürler ve Aplikler","Sıva Üstü Dekoratif Sarkıt Armatürler ve Aplikler"
"6818","205","0","İç Aydınlatma","Indoor Lighting"
"6818","281","1","Sıva Üstü Dekoratif Sarkıt Armatürler ve Aplikler","Sıva Üstü Dekoratif Sarkıt Armatürler ve Aplikler"
"6819","205","0","İç Aydınlatma","Indoor Lighting"
"6819","281","1","Sıva Üstü Dekoratif Sarkıt Armatürler ve Aplikler","Sıva Üstü Dekoratif Sarkıt Armatürler ve Aplikler"
"6820","205","0","İç Aydınlatma","Indoor Lighting"
"6820","281","1","Sıva Üstü Dekoratif Sarkıt Armatürler ve Aplikler","Sıva Üstü Dekoratif Sarkıt Armatürler ve Aplikler"
"6821","205","0","İç Aydınlatma","Indoor Lighting"
"6821","281","1","Sıva Üstü Dekoratif Sarkıt Armatürler ve Aplikler","Sıva Üstü Dekoratif Sarkıt Armatürler ve Aplikler"
"6822","205","0","İç Aydınlatma","Indoor Lighting"
"6822","281","1","Sıva Üstü Dekoratif Sarkıt Armatürler ve Aplikler","Sıva Üstü Dekoratif Sarkıt Armatürler ve Aplikler"
"6823","205","0","İç Aydınlatma","Indoor Lighting"
"6823","281","1","Sıva Üstü Dekoratif Sarkıt Armatürler ve Aplikler","Sıva Üstü Dekoratif Sarkıt Armatürler ve Aplikler"
"6824","205","0","İç Aydınlatma","Indoor Lighting"
"6824","281","1","Sıva Üstü Dekoratif Sarkıt Armatürler ve Aplikler","Sıva Üstü Dekoratif Sarkıt Armatürler ve Aplikler"
"6825","205","0","İç Aydınlatma","Indoor Lighting"
"6825","281","1","Sıva Üstü Dekoratif Sarkıt Armatürler ve Aplikler","Sıva Üstü Dekoratif Sarkıt Armatürler ve Aplikler"
"6826","205","0","İç Aydınlatma","Indoor Lighting"
"6826","281","1","Sıva Üstü Dekoratif Sarkıt Armatürler ve Aplikler","Sıva Üstü Dekoratif Sarkıt Armatürler ve Aplikler"
"6827","205","0","İç Aydınlatma","Indoor Lighting"
"6827","281","1","Sıva Üstü Dekoratif Sarkıt Armatürler ve Aplikler","Sıva Üstü Dekoratif Sarkıt Armatürler ve Aplikler"
"6828","205","0","İç Aydınlatma","Indoor Lighting"
"6828","281","1","Sıva Üstü Dekoratif Sarkıt Armatürler ve Aplikler","Sıva Üstü Dekoratif Sarkıt Armatürler ve Aplikler"
"6829","205","0","İç Aydınlatma","Indoor Lighting"
"6829","281","1","Sıva Üstü Dekoratif Sarkıt Armatürler ve Aplikler","Sıva Üstü Dekoratif Sarkıt Armatürler ve Aplikler"
"6830","205","0","İç Aydınlatma","Indoor Lighting"
"6830","281","1","Sıva Üstü Dekoratif Sarkıt Armatürler ve Aplikler","Sıva Üstü Dekoratif Sarkıt Armatürler ve Aplikler"
"6831","205","0","İç Aydınlatma","Indoor Lighting"
"6831","281","1","Sıva Üstü Dekoratif Sarkıt Armatürler ve Aplikler","Sıva Üstü Dekoratif Sarkıt Armatürler ve Aplikler"
"6832","205","0","İç Aydınlatma","Indoor Lighting"
"6832","281","1","Sıva Üstü Dekoratif Sarkıt Armatürler ve Aplikler","Sıva Üstü Dekoratif Sarkıt Armatürler ve Aplikler"
"6833","205","0","İç Aydınlatma","Indoor Lighting"
"6833","281","1","Sıva Üstü Dekoratif Sarkıt Armatürler ve Aplikler","Sıva Üstü Dekoratif Sarkıt Armatürler ve Aplikler"
"6834","205","0","İç Aydınlatma","Indoor Lighting"
"6834","281","1","Sıva Üstü Dekoratif Sarkıt Armatürler ve Aplikler","Sıva Üstü Dekoratif Sarkıt Armatürler ve Aplikler"
"6835","205","0","İç Aydınlatma","Indoor Lighting"
"6835","281","1","Sıva Üstü Dekoratif Sarkıt Armatürler ve Aplikler","Sıva Üstü Dekoratif Sarkıt Armatürler ve Aplikler"
"6836","205","0","İç Aydınlatma","Indoor Lighting"
"6836","281","1","Sıva Üstü Dekoratif Sarkıt Armatürler ve Aplikler","Sıva Üstü Dekoratif Sarkıt Armatürler ve Aplikler"
"6837","205","0","İç Aydınlatma","Indoor Lighting"
"6837","281","1","Sıva Üstü Dekoratif Sarkıt Armatürler ve Aplikler","Sıva Üstü Dekoratif Sarkıt Armatürler ve Aplikler"
"6838","205","0","İç Aydınlatma","Indoor Lighting"
"6838","281","1","Sıva Üstü Dekoratif Sarkıt Armatürler ve Aplikler","Sıva Üstü Dekoratif Sarkıt Armatürler ve Aplikler"
"6839","205","0","İç Aydınlatma","Indoor Lighting"
"6839","281","1","Sıva Üstü Dekoratif Sarkıt Armatürler ve Aplikler","Sıva Üstü Dekoratif Sarkıt Armatürler ve Aplikler"
"6840","205","0","İç Aydınlatma","Indoor Lighting"
"6840","281","1","Sıva Üstü Dekoratif Sarkıt Armatürler ve Aplikler","Sıva Üstü Dekoratif Sarkıt Armatürler ve Aplikler"
"6841","205","0","İç Aydınlatma","Indoor Lighting"
"6841","281","1","Sıva Üstü Dekoratif Sarkıt Armatürler ve Aplikler","Sıva Üstü Dekoratif Sarkıt Armatürler ve Aplikler"
"6842","205","0","İç Aydınlatma","Indoor Lighting"
"6842","281","1","Sıva Üstü Dekoratif Sarkıt Armatürler ve Aplikler","Sıva Üstü Dekoratif Sarkıt Armatürler ve Aplikler"
"6843","205","0","İç Aydınlatma","Indoor Lighting"
"6843","281","1","Sıva Üstü Dekoratif Sarkıt Armatürler ve Aplikler","Sıva Üstü Dekoratif Sarkıt Armatürler ve Aplikler"
"6844","205","0","İç Aydınlatma","Indoor Lighting"
"6844","281","1","Sıva Üstü Dekoratif Sarkıt Armatürler ve Aplikler","Sıva Üstü Dekoratif Sarkıt Armatürler ve Aplikler"
"6845","205","0","İç Aydınlatma","Indoor Lighting"
"6845","281","1","Sıva Üstü Dekoratif Sarkıt Armatürler ve Aplikler","Sıva Üstü Dekoratif Sarkıt Armatürler ve Aplikler"
"6846","205","0","İç Aydınlatma","Indoor Lighting"
"6846","281","1","Sıva Üstü Dekoratif Sarkıt Armatürler ve Aplikler","Sıva Üstü Dekoratif Sarkıt Armatürler ve Aplikler"
"6847","205","0","İç Aydınlatma","Indoor Lighting"
"6847","281","1","Sıva Üstü Dekoratif Sarkıt Armatürler ve Aplikler","Sıva Üstü Dekoratif Sarkıt Armatürler ve Aplikler"
"6848","205","0","İç Aydınlatma","Indoor Lighting"
"6848","281","1","Sıva Üstü Dekoratif Sarkıt Armatürler ve Aplikler","Sıva Üstü Dekoratif Sarkıt Armatürler ve Aplikler"
"6849","205","0","İç Aydınlatma","Indoor Lighting"
"6849","281","1","Sıva Üstü Dekoratif Sarkıt Armatürler ve Aplikler","Sıva Üstü Dekoratif Sarkıt Armatürler ve Aplikler"
"6850","205","0","İç Aydınlatma","Indoor Lighting"
"6850","281","1","Sıva Üstü Dekoratif Sarkıt Armatürler ve Aplikler","Sıva Üstü Dekoratif Sarkıt Armatürler ve Aplikler"
"6851","205","0","İç Aydınlatma","Indoor Lighting"
"6851","281","1","Sıva Üstü Dekoratif Sarkıt Armatürler ve Aplikler","Sıva Üstü Dekoratif Sarkıt Armatürler ve Aplikler"
"6852","205","0","İç Aydınlatma","Indoor Lighting"
"6852","281","1","Sıva Üstü Dekoratif Sarkıt Armatürler ve Aplikler","Sıva Üstü Dekoratif Sarkıt Armatürler ve Aplikler"
"6853","205","0","İç Aydınlatma","Indoor Lighting"
"6853","281","1","Sıva Üstü Dekoratif Sarkıt Armatürler ve Aplikler","Sıva Üstü Dekoratif Sarkıt Armatürler ve Aplikler"
"6854","205","0","İç Aydınlatma","Indoor Lighting"
"6854","281","1","Sıva Üstü Dekoratif Sarkıt Armatürler ve Aplikler","Sıva Üstü Dekoratif Sarkıt Armatürler ve Aplikler"
"6855","205","0","İç Aydınlatma","Indoor Lighting"
"6855","281","1","Sıva Üstü Dekoratif Sarkıt Armatürler ve Aplikler","Sıva Üstü Dekoratif Sarkıt Armatürler ve Aplikler"
"6856","205","0","İç Aydınlatma","Indoor Lighting"
"6856","281","1","Sıva Üstü Dekoratif Sarkıt Armatürler ve Aplikler","Sıva Üstü Dekoratif Sarkıt Armatürler ve Aplikler"
"6857","205","0","İç Aydınlatma","Indoor Lighting"
"6857","281","1","Sıva Üstü Dekoratif Sarkıt Armatürler ve Aplikler","Sıva Üstü Dekoratif Sarkıt Armatürler ve Aplikler"
"6858","205","0","İç Aydınlatma","Indoor Lighting"
"6858","281","1","Sıva Üstü Dekoratif Sarkıt Armatürler ve Aplikler","Sıva Üstü Dekoratif Sarkıt Armatürler ve Aplikler"
"6859","205","0","İç Aydınlatma","Indoor Lighting"
"6859","281","1","Sıva Üstü Dekoratif Sarkıt Armatürler ve Aplikler","Sıva Üstü Dekoratif Sarkıt Armatürler ve Aplikler"
"6860","205","0","İç Aydınlatma","Indoor Lighting"
"6860","281","1","Sıva Üstü Dekoratif Sarkıt Armatürler ve Aplikler","Sıva Üstü Dekoratif Sarkıt Armatürler ve Aplikler"
"6861","205","0","İç Aydınlatma","Indoor Lighting"
"6861","281","1","Sıva Üstü Dekoratif Sarkıt Armatürler ve Aplikler","Sıva Üstü Dekoratif Sarkıt Armatürler ve Aplikler"
"6862","205","0","İç Aydınlatma","Indoor Lighting"
"6862","281","1","Sıva Üstü Dekoratif Sarkıt Armatürler ve Aplikler","Sıva Üstü Dekoratif Sarkıt Armatürler ve Aplikler"
"6863","205","0","İç Aydınlatma","Indoor Lighting"
"6863","281","1","Sıva Üstü Dekoratif Sarkıt Armatürler ve Aplikler","Sıva Üstü Dekoratif Sarkıt Armatürler ve Aplikler"
"6864","205","0","İç Aydınlatma","Indoor Lighting"
"6864","281","1","Sıva Üstü Dekoratif Sarkıt Armatürler ve Aplikler","Sıva Üstü Dekoratif Sarkıt Armatürler ve Aplikler"
"6865","205","0","İç Aydınlatma","Indoor Lighting"
"6865","281","1","Sıva Üstü Dekoratif Sarkıt Armatürler ve Aplikler","Sıva Üstü Dekoratif Sarkıt Armatürler ve Aplikler"
"6866","205","0","İç Aydınlatma","Indoor Lighting"
"6866","281","1","Sıva Üstü Dekoratif Sarkıt Armatürler ve Aplikler","Sıva Üstü Dekoratif Sarkıt Armatürler ve Aplikler"
"6867","205","0","İç Aydınlatma","Indoor Lighting"
"6867","281","1","Sıva Üstü Dekoratif Sarkıt Armatürler ve Aplikler","Sıva Üstü Dekoratif Sarkıt Armatürler ve Aplikler"
"6868","205","0","İç Aydınlatma","Indoor Lighting"
"6868","281","1","Sıva Üstü Dekoratif Sarkıt Armatürler ve Aplikler","Sıva Üstü Dekoratif Sarkıt Armatürler ve Aplikler"
"6869","205","0","İç Aydınlatma","Indoor Lighting"
"6869","281","1","Sıva Üstü Dekoratif Sarkıt Armatürler ve Aplikler","Sıva Üstü Dekoratif Sarkıt Armatürler ve Aplikler"
"6870","205","0","İç Aydınlatma","Indoor Lighting"
"6870","281","1","Sıva Üstü Dekoratif Sarkıt Armatürler ve Aplikler","Sıva Üstü Dekoratif Sarkıt Armatürler ve Aplikler"
"6871","205","0","İç Aydınlatma","Indoor Lighting"
"6871","281","1","Sıva Üstü Dekoratif Sarkıt Armatürler ve Aplikler","Sıva Üstü Dekoratif Sarkıt Armatürler ve Aplikler"
"6872","205","0","İç Aydınlatma","Indoor Lighting"
"6872","281","1","Sıva Üstü Dekoratif Sarkıt Armatürler ve Aplikler","Sıva Üstü Dekoratif Sarkıt Armatürler ve Aplikler"
"6873","205","0","İç Aydınlatma","Indoor Lighting"
"6873","281","1","Sıva Üstü Dekoratif Sarkıt Armatürler ve Aplikler","Sıva Üstü Dekoratif Sarkıt Armatürler ve Aplikler"
"6874","205","0","İç Aydınlatma","Indoor Lighting"
"6874","281","1","Sıva Üstü Dekoratif Sarkıt Armatürler ve Aplikler","Sıva Üstü Dekoratif Sarkıt Armatürler ve Aplikler"
"6875","205","0","İç Aydınlatma","Indoor Lighting"
"6875","281","1","Sıva Üstü Dekoratif Sarkıt Armatürler ve Aplikler","Sıva Üstü Dekoratif Sarkıt Armatürler ve Aplikler"
"6876","205","0","İç Aydınlatma","Indoor Lighting"
"6876","281","1","Sıva Üstü Dekoratif Sarkıt Armatürler ve Aplikler","Sıva Üstü Dekoratif Sarkıt Armatürler ve Aplikler"
"6877","205","0","İç Aydınlatma","Indoor Lighting"
"6877","281","1","Sıva Üstü Dekoratif Sarkıt Armatürler ve Aplikler","Sıva Üstü Dekoratif Sarkıt Armatürler ve Aplikler"
"6878","205","0","İç Aydınlatma","Indoor Lighting"
"6878","281","1","Sıva Üstü Dekoratif Sarkıt Armatürler ve Aplikler","Sıva Üstü Dekoratif Sarkıt Armatürler ve Aplikler"
"6879","205","0","İç Aydınlatma","Indoor Lighting"
"6879","281","1","Sıva Üstü Dekoratif Sarkıt Armatürler ve Aplikler","Sıva Üstü Dekoratif Sarkıt Armatürler ve Aplikler"
"6880","205","0","İç Aydınlatma","Indoor Lighting"
"6880","281","1","Sıva Üstü Dekoratif Sarkıt Armatürler ve Aplikler","Sıva Üstü Dekoratif Sarkıt Armatürler ve Aplikler"
"6881","205","0","İç Aydınlatma","Indoor Lighting"
"6881","281","1","Sıva Üstü Dekoratif Sarkıt Armatürler ve Aplikler","Sıva Üstü Dekoratif Sarkıt Armatürler ve Aplikler"
"6882","205","0","İç Aydınlatma","Indoor Lighting"
"6882","281","1","Sıva Üstü Dekoratif Sarkıt Armatürler ve Aplikler","Sıva Üstü Dekoratif Sarkıt Armatürler ve Aplikler"
"6883","205","0","İç Aydınlatma","Indoor Lighting"
"6883","281","1","Sıva Üstü Dekoratif Sarkıt Armatürler ve Aplikler","Sıva Üstü Dekoratif Sarkıt Armatürler ve Aplikler"
"6884","205","0","İç Aydınlatma","Indoor Lighting"
"6884","281","1","Sıva Üstü Dekoratif Sarkıt Armatürler ve Aplikler","Sıva Üstü Dekoratif Sarkıt Armatürler ve Aplikler"
"6885","205","0","İç Aydınlatma","Indoor Lighting"
"6885","281","1","Sıva Üstü Dekoratif Sarkıt Armatürler ve Aplikler","Sıva Üstü Dekoratif Sarkıt Armatürler ve Aplikler"
"6886","205","0","İç Aydınlatma","Indoor Lighting"
"6886","281","1","Sıva Üstü Dekoratif Sarkıt Armatürler ve Aplikler","Sıva Üstü Dekoratif Sarkıt Armatürler ve Aplikler"
"6887","205","0","İç Aydınlatma","Indoor Lighting"
"6887","281","1","Sıva Üstü Dekoratif Sarkıt Armatürler ve Aplikler","Sıva Üstü Dekoratif Sarkıt Armatürler ve Aplikler"
"6888","205","0","İç Aydınlatma","Indoor Lighting"
"6888","281","1","Sıva Üstü Dekoratif Sarkıt Armatürler ve Aplikler","Sıva Üstü Dekoratif Sarkıt Armatürler ve Aplikler"
"6889","205","0","İç Aydınlatma","Indoor Lighting"
"6889","281","1","Sıva Üstü Dekoratif Sarkıt Armatürler ve Aplikler","Sıva Üstü Dekoratif Sarkıt Armatürler ve Aplikler"
"6890","205","0","İç Aydınlatma","Indoor Lighting"
"6890","281","1","Sıva Üstü Dekoratif Sarkıt Armatürler ve Aplikler","Sıva Üstü Dekoratif Sarkıt Armatürler ve Aplikler"
"6891","205","0","İç Aydınlatma","Indoor Lighting"
"6891","281","1","Sıva Üstü Dekoratif Sarkıt Armatürler ve Aplikler","Sıva Üstü Dekoratif Sarkıt Armatürler ve Aplikler"
"6892","205","0","İç Aydınlatma","Indoor Lighting"
"6892","281","1","Sıva Üstü Dekoratif Sarkıt Armatürler ve Aplikler","Sıva Üstü Dekoratif Sarkıt Armatürler ve Aplikler"
"6893","205","0","İç Aydınlatma","Indoor Lighting"
"6893","281","1","Sıva Üstü Dekoratif Sarkıt Armatürler ve Aplikler","Sıva Üstü Dekoratif Sarkıt Armatürler ve Aplikler"
"6894","205","0","İç Aydınlatma","Indoor Lighting"
"6894","281","1","Sıva Üstü Dekoratif Sarkıt Armatürler ve Aplikler","Sıva Üstü Dekoratif Sarkıt Armatürler ve Aplikler"
"6895","205","0","İç Aydınlatma","Indoor Lighting"
"6895","281","1","Sıva Üstü Dekoratif Sarkıt Armatürler ve Aplikler","Sıva Üstü Dekoratif Sarkıt Armatürler ve Aplikler"
"6896","205","0","İç Aydınlatma","Indoor Lighting"
"6896","281","1","Sıva Üstü Dekoratif Sarkıt Armatürler ve Aplikler","Sıva Üstü Dekoratif Sarkıt Armatürler ve Aplikler"
"6897","205","0","İç Aydınlatma","Indoor Lighting"
"6897","281","1","Sıva Üstü Dekoratif Sarkıt Armatürler ve Aplikler","Sıva Üstü Dekoratif Sarkıt Armatürler ve Aplikler"
"6898","205","0","İç Aydınlatma","Indoor Lighting"
"6898","281","1","Sıva Üstü Dekoratif Sarkıt Armatürler ve Aplikler","Sıva Üstü Dekoratif Sarkıt Armatürler ve Aplikler"
"6899","205","0","İç Aydınlatma","Indoor Lighting"
"6899","281","1","Sıva Üstü Dekoratif Sarkıt Armatürler ve Aplikler","Sıva Üstü Dekoratif Sarkıt Armatürler ve Aplikler"
"6900","205","0","İç Aydınlatma","Indoor Lighting"
"6900","281","1","Sıva Üstü Dekoratif Sarkıt Armatürler ve Aplikler","Sıva Üstü Dekoratif Sarkıt Armatürler ve Aplikler"
"6901","205","0","İç Aydınlatma","Indoor Lighting"
"6901","281","1","Sıva Üstü Dekoratif Sarkıt Armatürler ve Aplikler","Sıva Üstü Dekoratif Sarkıt Armatürler ve Aplikler"
"6902","205","0","İç Aydınlatma","Indoor Lighting"
"6902","281","1","Sıva Üstü Dekoratif Sarkıt Armatürler ve Aplikler","Sıva Üstü Dekoratif Sarkıt Armatürler ve Aplikler"
"6903","205","0","İç Aydınlatma","Indoor Lighting"
"6903","281","1","Sıva Üstü Dekoratif Sarkıt Armatürler ve Aplikler","Sıva Üstü Dekoratif Sarkıt Armatürler ve Aplikler"
"6904","205","0","İç Aydınlatma","Indoor Lighting"
"6904","281","1","Sıva Üstü Dekoratif Sarkıt Armatürler ve Aplikler","Sıva Üstü Dekoratif Sarkıt Armatürler ve Aplikler"
"6905","205","0","İç Aydınlatma","Indoor Lighting"
"6905","281","1","Sıva Üstü Dekoratif Sarkıt Armatürler ve Aplikler","Sıva Üstü Dekoratif Sarkıt Armatürler ve Aplikler"
"6906","205","0","İç Aydınlatma","Indoor Lighting"
"6906","281","1","Sıva Üstü Dekoratif Sarkıt Armatürler ve Aplikler","Sıva Üstü Dekoratif Sarkıt Armatürler ve Aplikler"
"6907","205","0","İç Aydınlatma","Indoor Lighting"
"6907","281","1","Sıva Üstü Dekoratif Sarkıt Armatürler ve Aplikler","Sıva Üstü Dekoratif Sarkıt Armatürler ve Aplikler"
"6908","205","0","İç Aydınlatma","Indoor Lighting"
"6908","281","1","Sıva Üstü Dekoratif Sarkıt Armatürler ve Aplikler","Sıva Üstü Dekoratif Sarkıt Armatürler ve Aplikler"
"6909","205","0","İç Aydınlatma","Indoor Lighting"
"6909","281","1","Sıva Üstü Dekoratif Sarkıt Armatürler ve Aplikler","Sıva Üstü Dekoratif Sarkıt Armatürler ve Aplikler"
"6910","205","0","İç Aydınlatma","Indoor Lighting"
"6910","281","1","Sıva Üstü Dekoratif Sarkıt Armatürler ve Aplikler","Sıva Üstü Dekoratif Sarkıt Armatürler ve Aplikler"
"6911","205","0","İç Aydınlatma","Indoor Lighting"
"6911","281","1","Sıva Üstü Dekoratif Sarkıt Armatürler ve Aplikler","Sıva Üstü Dekoratif Sarkıt Armatürler ve Aplikler"
"6912","205","0","İç Aydınlatma","Indoor Lighting"
"6912","281","1","Sıva Üstü Dekoratif Sarkıt Armatürler ve Aplikler","Sıva Üstü Dekoratif Sarkıt Armatürler ve Aplikler"
"6913","205","0","İç Aydınlatma","Indoor Lighting"
"6913","281","1","Sıva Üstü Dekoratif Sarkıt Armatürler ve Aplikler","Sıva Üstü Dekoratif Sarkıt Armatürler ve Aplikler"
"6914","205","0","İç Aydınlatma","Indoor Lighting"
"6914","281","1","Sıva Üstü Dekoratif Sarkıt Armatürler ve Aplikler","Sıva Üstü Dekoratif Sarkıt Armatürler ve Aplikler"
"6915","205","0","İç Aydınlatma","Indoor Lighting"
"6915","281","1","Sıva Üstü Dekoratif Sarkıt Armatürler ve Aplikler","Sıva Üstü Dekoratif Sarkıt Armatürler ve Aplikler"
"6916","205","0","İç Aydınlatma","Indoor Lighting"
"6916","281","1","Sıva Üstü Dekoratif Sarkıt Armatürler ve Aplikler","Sıva Üstü Dekoratif Sarkıt Armatürler ve Aplikler"
"6917","205","0","İç Aydınlatma","Indoor Lighting"
"6917","281","1","Sıva Üstü Dekoratif Sarkıt Armatürler ve Aplikler","Sıva Üstü Dekoratif Sarkıt Armatürler ve Aplikler"
"6918","205","0","İç Aydınlatma","Indoor Lighting"
"6918","281","1","Sıva Üstü Dekoratif Sarkıt Armatürler ve Aplikler","Sıva Üstü Dekoratif Sarkıt Armatürler ve Aplikler"
"6919","205","0","İç Aydınlatma","Indoor Lighting"
"6919","281","1","Sıva Üstü Dekoratif Sarkıt Armatürler ve Aplikler","Sıva Üstü Dekoratif Sarkıt Armatürler ve Aplikler"
"6920","205","0","İç Aydınlatma","Indoor Lighting"
"6920","281","1","Sıva Üstü Dekoratif Sarkıt Armatürler ve Aplikler","Sıva Üstü Dekoratif Sarkıt Armatürler ve Aplikler"
"6921","205","0","İç Aydınlatma","Indoor Lighting"
"6921","281","1","Sıva Üstü Dekoratif Sarkıt Armatürler ve Aplikler","Sıva Üstü Dekoratif Sarkıt Armatürler ve Aplikler"
"6922","205","0","İç Aydınlatma","Indoor Lighting"
"6922","281","1","Sıva Üstü Dekoratif Sarkıt Armatürler ve Aplikler","Sıva Üstü Dekoratif Sarkıt Armatürler ve Aplikler"
"6923","205","0","İç Aydınlatma","Indoor Lighting"
"6923","281","1","Sıva Üstü Dekoratif Sarkıt Armatürler ve Aplikler","Sıva Üstü Dekoratif Sarkıt Armatürler ve Aplikler"
"6924","205","0","İç Aydınlatma","Indoor Lighting"
"6924","281","1","Sıva Üstü Dekoratif Sarkıt Armatürler ve Aplikler","Sıva Üstü Dekoratif Sarkıt Armatürler ve Aplikler"
"6925","205","0","İç Aydınlatma","Indoor Lighting"
"6925","281","1","Sıva Üstü Dekoratif Sarkıt Armatürler ve Aplikler","Sıva Üstü Dekoratif Sarkıt Armatürler ve Aplikler"
"6926","205","0","İç Aydınlatma","Indoor Lighting"
"6926","281","1","Sıva Üstü Dekoratif Sarkıt Armatürler ve Aplikler","Sıva Üstü Dekoratif Sarkıt Armatürler ve Aplikler"
"6927","205","0","İç Aydınlatma","Indoor Lighting"
"6927","281","1","Sıva Üstü Dekoratif Sarkıt Armatürler ve Aplikler","Sıva Üstü Dekoratif Sarkıt Armatürler ve Aplikler"
"6928","205","0","İç Aydınlatma","Indoor Lighting"
"6928","281","1","Sıva Üstü Dekoratif Sarkıt Armatürler ve Aplikler","Sıva Üstü Dekoratif Sarkıt Armatürler ve Aplikler"
"6929","205","0","İç Aydınlatma","Indoor Lighting"
"6929","281","1","Sıva Üstü Dekoratif Sarkıt Armatürler ve Aplikler","Sıva Üstü Dekoratif Sarkıt Armatürler ve Aplikler"
"6930","205","0","İç Aydınlatma","Indoor Lighting"
"6930","281","1","Sıva Üstü Dekoratif Sarkıt Armatürler ve Aplikler","Sıva Üstü Dekoratif Sarkıt Armatürler ve Aplikler"
"6931","205","0","İç Aydınlatma","Indoor Lighting"
"6931","283","1","Dekoratif Duvar Aplikleri","Dekoratif Duvar Aplikleri"
"6932","205","0","İç Aydınlatma","Indoor Lighting"
"6932","283","1","Dekoratif Duvar Aplikleri","Dekoratif Duvar Aplikleri"
"6933","205","0","İç Aydınlatma","Indoor Lighting"
"6933","283","1","Dekoratif Duvar Aplikleri","Dekoratif Duvar Aplikleri"
"6934","205","0","İç Aydınlatma","Indoor Lighting"
"6934","283","1","Dekoratif Duvar Aplikleri","Dekoratif Duvar Aplikleri"
"6935","205","0","İç Aydınlatma","Indoor Lighting"
"6935","283","1","Dekoratif Duvar Aplikleri","Dekoratif Duvar Aplikleri"
"6936","205","0","İç Aydınlatma","Indoor Lighting"
"6936","283","1","Dekoratif Duvar Aplikleri","Dekoratif Duvar Aplikleri"
"6937","205","0","İç Aydınlatma","Indoor Lighting"
"6937","283","1","Dekoratif Duvar Aplikleri","Dekoratif Duvar Aplikleri"
"6938","205","0","İç Aydınlatma","Indoor Lighting"
"6938","283","1","Dekoratif Duvar Aplikleri","Dekoratif Duvar Aplikleri"
"6939","205","0","İç Aydınlatma","Indoor Lighting"
"6939","283","1","Dekoratif Duvar Aplikleri","Dekoratif Duvar Aplikleri"
"6940","205","0","İç Aydınlatma","Indoor Lighting"
"6940","283","1","Dekoratif Duvar Aplikleri","Dekoratif Duvar Aplikleri"
"6941","205","0","İç Aydınlatma","Indoor Lighting"
"6941","283","1","Dekoratif Duvar Aplikleri","Dekoratif Duvar Aplikleri"
"6942","205","0","İç Aydınlatma","Indoor Lighting"
"6942","283","1","Dekoratif Duvar Aplikleri","Dekoratif Duvar Aplikleri"
"6943","205","0","İç Aydınlatma","Indoor Lighting"
"6943","283","1","Dekoratif Duvar Aplikleri","Dekoratif Duvar Aplikleri"
"6944","205","0","İç Aydınlatma","Indoor Lighting"
"6944","283","1","Dekoratif Duvar Aplikleri","Dekoratif Duvar Aplikleri"
"6945","205","0","İç Aydınlatma","Indoor Lighting"
"6945","283","1","Dekoratif Duvar Aplikleri","Dekoratif Duvar Aplikleri"
"6946","205","0","İç Aydınlatma","Indoor Lighting"
"6946","283","1","Dekoratif Duvar Aplikleri","Dekoratif Duvar Aplikleri"
"6947","205","0","İç Aydınlatma","Indoor Lighting"
"6947","283","1","Dekoratif Duvar Aplikleri","Dekoratif Duvar Aplikleri"
"6948","205","0","İç Aydınlatma","Indoor Lighting"
"6948","283","1","Dekoratif Duvar Aplikleri","Dekoratif Duvar Aplikleri"
"6949","205","0","İç Aydınlatma","Indoor Lighting"
"6949","283","1","Dekoratif Duvar Aplikleri","Dekoratif Duvar Aplikleri"
"6950","205","0","İç Aydınlatma","Indoor Lighting"
"6950","283","1","Dekoratif Duvar Aplikleri","Dekoratif Duvar Aplikleri"
"6951","205","0","İç Aydınlatma","Indoor Lighting"
"6951","283","1","Dekoratif Duvar Aplikleri","Dekoratif Duvar Aplikleri"
"6952","205","0","İç Aydınlatma","Indoor Lighting"
"6952","283","1","Dekoratif Duvar Aplikleri","Dekoratif Duvar Aplikleri"
"6953","205","0","İç Aydınlatma","Indoor Lighting"
"6953","283","1","Dekoratif Duvar Aplikleri","Dekoratif Duvar Aplikleri"
"6954","205","0","İç Aydınlatma","Indoor Lighting"
"6954","283","1","Dekoratif Duvar Aplikleri","Dekoratif Duvar Aplikleri"
"6955","205","0","İç Aydınlatma","Indoor Lighting"
"6955","283","1","Dekoratif Duvar Aplikleri","Dekoratif Duvar Aplikleri"
"6956","205","0","İç Aydınlatma","Indoor Lighting"
"6956","283","1","Dekoratif Duvar Aplikleri","Dekoratif Duvar Aplikleri"
"6957","205","0","İç Aydınlatma","Indoor Lighting"
"6957","283","1","Dekoratif Duvar Aplikleri","Dekoratif Duvar Aplikleri"
"6958","205","0","İç Aydınlatma","Indoor Lighting"
"6958","283","1","Dekoratif Duvar Aplikleri","Dekoratif Duvar Aplikleri"
"6959","205","0","İç Aydınlatma","Indoor Lighting"
"6959","283","1","Dekoratif Duvar Aplikleri","Dekoratif Duvar Aplikleri"
"6960","205","0","İç Aydınlatma","Indoor Lighting"
"6960","283","1","Dekoratif Duvar Aplikleri","Dekoratif Duvar Aplikleri"
"6961","205","0","İç Aydınlatma","Indoor Lighting"
"6961","283","1","Dekoratif Duvar Aplikleri","Dekoratif Duvar Aplikleri"
"6962","205","0","İç Aydınlatma","Indoor Lighting"
"6962","283","1","Dekoratif Duvar Aplikleri","Dekoratif Duvar Aplikleri"
"6963","205","0","İç Aydınlatma","Indoor Lighting"
"6963","283","1","Dekoratif Duvar Aplikleri","Dekoratif Duvar Aplikleri"
"6964","205","0","İç Aydınlatma","Indoor Lighting"
"6964","283","1","Dekoratif Duvar Aplikleri","Dekoratif Duvar Aplikleri"
"6965","205","0","İç Aydınlatma","Indoor Lighting"
"6965","283","1","Dekoratif Duvar Aplikleri","Dekoratif Duvar Aplikleri"
"6966","205","0","İç Aydınlatma","Indoor Lighting"
"6966","283","1","Dekoratif Duvar Aplikleri","Dekoratif Duvar Aplikleri"
"6967","205","0","İç Aydınlatma","Indoor Lighting"
"6967","283","1","Dekoratif Duvar Aplikleri","Dekoratif Duvar Aplikleri"
"6968","205","0","İç Aydınlatma","Indoor Lighting"
"6968","283","1","Dekoratif Duvar Aplikleri","Dekoratif Duvar Aplikleri"
"6969","205","0","İç Aydınlatma","Indoor Lighting"
"6969","283","1","Dekoratif Duvar Aplikleri","Dekoratif Duvar Aplikleri"
"6970","205","0","İç Aydınlatma","Indoor Lighting"
"6970","283","1","Dekoratif Duvar Aplikleri","Dekoratif Duvar Aplikleri"
"6971","205","0","İç Aydınlatma","Indoor Lighting"
"6971","283","1","Dekoratif Duvar Aplikleri","Dekoratif Duvar Aplikleri"
"6972","205","0","İç Aydınlatma","Indoor Lighting"
"6972","283","1","Dekoratif Duvar Aplikleri","Dekoratif Duvar Aplikleri"
"6973","205","0","İç Aydınlatma","Indoor Lighting"
"6973","283","1","Dekoratif Duvar Aplikleri","Dekoratif Duvar Aplikleri"
"6974","205","0","İç Aydınlatma","Indoor Lighting"
"6974","283","1","Dekoratif Duvar Aplikleri","Dekoratif Duvar Aplikleri"
"6975","205","0","İç Aydınlatma","Indoor Lighting"
"6975","283","1","Dekoratif Duvar Aplikleri","Dekoratif Duvar Aplikleri"
"6976","205","0","İç Aydınlatma","Indoor Lighting"
"6976","283","1","Dekoratif Duvar Aplikleri","Dekoratif Duvar Aplikleri"
"6977","205","0","İç Aydınlatma","Indoor Lighting"
"6977","283","1","Dekoratif Duvar Aplikleri","Dekoratif Duvar Aplikleri"
"6978","205","0","İç Aydınlatma","Indoor Lighting"
"6978","283","1","Dekoratif Duvar Aplikleri","Dekoratif Duvar Aplikleri"
"6979","205","0","İç Aydınlatma","Indoor Lighting"
"6979","232","1","Dekoratif Sarkıt Armatürler ve Aplikler","Decorative Pendant Fixtures &amp; Appliques"
"6980","205","0","İç Aydınlatma","Indoor Lighting"
"6980","232","1","Dekoratif Sarkıt Armatürler ve Aplikler","Decorative Pendant Fixtures &amp; Appliques"
"6981","205","0","İç Aydınlatma","Indoor Lighting"
"6981","232","1","Dekoratif Sarkıt Armatürler ve Aplikler","Decorative Pendant Fixtures &amp; Appliques"
"6982","205","0","İç Aydınlatma","Indoor Lighting"
"6982","232","1","Dekoratif Sarkıt Armatürler ve Aplikler","Decorative Pendant Fixtures &amp; Appliques"
"6983","205","0","İç Aydınlatma","Indoor Lighting"
"6983","232","1","Dekoratif Sarkıt Armatürler ve Aplikler","Decorative Pendant Fixtures &amp; Appliques"
"6984","205","0","İç Aydınlatma","Indoor Lighting"
"6984","232","1","Dekoratif Sarkıt Armatürler ve Aplikler","Decorative Pendant Fixtures &amp; Appliques"
"6985","205","0","İç Aydınlatma","Indoor Lighting"
"6985","232","1","Dekoratif Sarkıt Armatürler ve Aplikler","Decorative Pendant Fixtures &amp; Appliques"
"6986","205","0","İç Aydınlatma","Indoor Lighting"
"6986","232","1","Dekoratif Sarkıt Armatürler ve Aplikler","Decorative Pendant Fixtures &amp; Appliques"
"6987","205","0","İç Aydınlatma","Indoor Lighting"
"6987","232","1","Dekoratif Sarkıt Armatürler ve Aplikler","Decorative Pendant Fixtures &amp; Appliques"
"6988","205","0","İç Aydınlatma","Indoor Lighting"
"6988","232","1","Dekoratif Sarkıt Armatürler ve Aplikler","Decorative Pendant Fixtures &amp; Appliques"
"6989","205","0","İç Aydınlatma","Indoor Lighting"
"6989","232","1","Dekoratif Sarkıt Armatürler ve Aplikler","Decorative Pendant Fixtures &amp; Appliques"
"6990","205","0","İç Aydınlatma","Indoor Lighting"
"6990","232","1","Dekoratif Sarkıt Armatürler ve Aplikler","Decorative Pendant Fixtures &amp; Appliques"
"6991","205","0","İç Aydınlatma","Indoor Lighting"
"6991","232","1","Dekoratif Sarkıt Armatürler ve Aplikler","Decorative Pendant Fixtures &amp; Appliques"
"6992","205","0","İç Aydınlatma","Indoor Lighting"
"6992","232","1","Dekoratif Sarkıt Armatürler ve Aplikler","Decorative Pendant Fixtures &amp; Appliques"
"6993","205","0","İç Aydınlatma","Indoor Lighting"
"6993","232","1","Dekoratif Sarkıt Armatürler ve Aplikler","Decorative Pendant Fixtures &amp; Appliques"
"6994","205","0","İç Aydınlatma","Indoor Lighting"
"6994","232","1","Dekoratif Sarkıt Armatürler ve Aplikler","Decorative Pendant Fixtures &amp; Appliques"
"6995","205","0","İç Aydınlatma","Indoor Lighting"
"6995","232","1","Dekoratif Sarkıt Armatürler ve Aplikler","Decorative Pendant Fixtures &amp; Appliques"
"6996","205","0","İç Aydınlatma","Indoor Lighting"
"6996","232","1","Dekoratif Sarkıt Armatürler ve Aplikler","Decorative Pendant Fixtures &amp; Appliques"
"6997","205","0","İç Aydınlatma","Indoor Lighting"
"6997","232","1","Dekoratif Sarkıt Armatürler ve Aplikler","Decorative Pendant Fixtures &amp; Appliques"
"6998","205","0","İç Aydınlatma","Indoor Lighting"
"6998","232","1","Dekoratif Sarkıt Armatürler ve Aplikler","Decorative Pendant Fixtures &amp; Appliques"
"6999","205","0","İç Aydınlatma","Indoor Lighting"
"6999","232","1","Dekoratif Sarkıt Armatürler ve Aplikler","Decorative Pendant Fixtures &amp; Appliques"
"7000","205","0","İç Aydınlatma","Indoor Lighting"
"7000","232","1","Dekoratif Sarkıt Armatürler ve Aplikler","Decorative Pendant Fixtures &amp; Appliques"
"7001","205","0","İç Aydınlatma","Indoor Lighting"
"7001","232","1","Dekoratif Sarkıt Armatürler ve Aplikler","Decorative Pendant Fixtures &amp; Appliques"
"7002","205","0","İç Aydınlatma","Indoor Lighting"
"7002","232","1","Dekoratif Sarkıt Armatürler ve Aplikler","Decorative Pendant Fixtures &amp; Appliques"
"7003","205","0","İç Aydınlatma","Indoor Lighting"
"7003","232","1","Dekoratif Sarkıt Armatürler ve Aplikler","Decorative Pendant Fixtures &amp; Appliques"
"7004","205","0","İç Aydınlatma","Indoor Lighting"
"7004","232","1","Dekoratif Sarkıt Armatürler ve Aplikler","Decorative Pendant Fixtures &amp; Appliques"
"7005","205","0","İç Aydınlatma","Indoor Lighting"
"7005","232","1","Dekoratif Sarkıt Armatürler ve Aplikler","Decorative Pendant Fixtures &amp; Appliques"
"7006","205","0","İç Aydınlatma","Indoor Lighting"
"7006","232","1","Dekoratif Sarkıt Armatürler ve Aplikler","Decorative Pendant Fixtures &amp; Appliques"
"7007","205","0","İç Aydınlatma","Indoor Lighting"
"7007","232","1","Dekoratif Sarkıt Armatürler ve Aplikler","Decorative Pendant Fixtures &amp; Appliques"
"7008","205","0","İç Aydınlatma","Indoor Lighting"
"7008","232","1","Dekoratif Sarkıt Armatürler ve Aplikler","Decorative Pendant Fixtures &amp; Appliques"
"7009","205","0","İç Aydınlatma","Indoor Lighting"
"7009","232","1","Dekoratif Sarkıt Armatürler ve Aplikler","Decorative Pendant Fixtures &amp; Appliques"
"7010","205","0","İç Aydınlatma","Indoor Lighting"
"7010","232","1","Dekoratif Sarkıt Armatürler ve Aplikler","Decorative Pendant Fixtures &amp; Appliques"
"7011","205","0","İç Aydınlatma","Indoor Lighting"
"7011","232","1","Dekoratif Sarkıt Armatürler ve Aplikler","Decorative Pendant Fixtures &amp; Appliques"
"7012","205","0","İç Aydınlatma","Indoor Lighting"
"7012","232","1","Dekoratif Sarkıt Armatürler ve Aplikler","Decorative Pendant Fixtures &amp; Appliques"
"7013","205","0","İç Aydınlatma","Indoor Lighting"
"7013","232","1","Dekoratif Sarkıt Armatürler ve Aplikler","Decorative Pendant Fixtures &amp; Appliques"
"7014","205","0","İç Aydınlatma","Indoor Lighting"
"7014","232","1","Dekoratif Sarkıt Armatürler ve Aplikler","Decorative Pendant Fixtures &amp; Appliques"
"7015","205","0","İç Aydınlatma","Indoor Lighting"
"7015","232","1","Dekoratif Sarkıt Armatürler ve Aplikler","Decorative Pendant Fixtures &amp; Appliques"
"7016","205","0","İç Aydınlatma","Indoor Lighting"
"7016","232","1","Dekoratif Sarkıt Armatürler ve Aplikler","Decorative Pendant Fixtures &amp; Appliques"
"7017","205","0","İç Aydınlatma","Indoor Lighting"
"7017","232","1","Dekoratif Sarkıt Armatürler ve Aplikler","Decorative Pendant Fixtures &amp; Appliques"
"7018","205","0","İç Aydınlatma","Indoor Lighting"
"7018","232","1","Dekoratif Sarkıt Armatürler ve Aplikler","Decorative Pendant Fixtures &amp; Appliques"
"7019","205","0","İç Aydınlatma","Indoor Lighting"
"7019","232","1","Dekoratif Sarkıt Armatürler ve Aplikler","Decorative Pendant Fixtures &amp; Appliques"
"7020","205","0","İç Aydınlatma","Indoor Lighting"
"7020","232","1","Dekoratif Sarkıt Armatürler ve Aplikler","Decorative Pendant Fixtures &amp; Appliques"
"7021","205","0","İç Aydınlatma","Indoor Lighting"
"7021","232","1","Dekoratif Sarkıt Armatürler ve Aplikler","Decorative Pendant Fixtures &amp; Appliques"
"7022","205","0","İç Aydınlatma","Indoor Lighting"
"7022","232","1","Dekoratif Sarkıt Armatürler ve Aplikler","Decorative Pendant Fixtures &amp; Appliques"
"7023","205","0","İç Aydınlatma","Indoor Lighting"
"7023","232","1","Dekoratif Sarkıt Armatürler ve Aplikler","Decorative Pendant Fixtures &amp; Appliques"
"7024","205","0","İç Aydınlatma","Indoor Lighting"
"7024","232","1","Dekoratif Sarkıt Armatürler ve Aplikler","Decorative Pendant Fixtures &amp; Appliques"
"7025","205","0","İç Aydınlatma","Indoor Lighting"
"7025","232","1","Dekoratif Sarkıt Armatürler ve Aplikler","Decorative Pendant Fixtures &amp; Appliques"
"7026","205","0","İç Aydınlatma","Indoor Lighting"
"7026","232","1","Dekoratif Sarkıt Armatürler ve Aplikler","Decorative Pendant Fixtures &amp; Appliques"
"7027","205","0","İç Aydınlatma","Indoor Lighting"
"7027","232","1","Dekoratif Sarkıt Armatürler ve Aplikler","Decorative Pendant Fixtures &amp; Appliques"
"7028","205","0","İç Aydınlatma","Indoor Lighting"
"7028","232","1","Dekoratif Sarkıt Armatürler ve Aplikler","Decorative Pendant Fixtures &amp; Appliques"
"7029","205","0","İç Aydınlatma","Indoor Lighting"
"7029","232","1","Dekoratif Sarkıt Armatürler ve Aplikler","Decorative Pendant Fixtures &amp; Appliques"
"7030","205","0","İç Aydınlatma","Indoor Lighting"
"7030","232","1","Dekoratif Sarkıt Armatürler ve Aplikler","Decorative Pendant Fixtures &amp; Appliques"
"7031","205","0","İç Aydınlatma","Indoor Lighting"
"7031","232","1","Dekoratif Sarkıt Armatürler ve Aplikler","Decorative Pendant Fixtures &amp; Appliques"
"7032","205","0","İç Aydınlatma","Indoor Lighting"
"7032","232","1","Dekoratif Sarkıt Armatürler ve Aplikler","Decorative Pendant Fixtures &amp; Appliques"
"7033","205","0","İç Aydınlatma","Indoor Lighting"
"7033","232","1","Dekoratif Sarkıt Armatürler ve Aplikler","Decorative Pendant Fixtures &amp; Appliques"
"7034","205","0","İç Aydınlatma","Indoor Lighting"
"7034","232","1","Dekoratif Sarkıt Armatürler ve Aplikler","Decorative Pendant Fixtures &amp; Appliques"
"7035","205","0","İç Aydınlatma","Indoor Lighting"
"7035","232","1","Dekoratif Sarkıt Armatürler ve Aplikler","Decorative Pendant Fixtures &amp; Appliques"
"7036","205","0","İç Aydınlatma","Indoor Lighting"
"7036","232","1","Dekoratif Sarkıt Armatürler ve Aplikler","Decorative Pendant Fixtures &amp; Appliques"
"7037","205","0","İç Aydınlatma","Indoor Lighting"
"7037","232","1","Dekoratif Sarkıt Armatürler ve Aplikler","Decorative Pendant Fixtures &amp; Appliques"
"7044","205","0","İç Aydınlatma","Indoor Lighting"
"7044","232","1","Dekoratif Sarkıt Armatürler ve Aplikler","Decorative Pendant Fixtures &amp; Appliques"
"7045","205","0","İç Aydınlatma","Indoor Lighting"
"7045","232","1","Dekoratif Sarkıt Armatürler ve Aplikler","Decorative Pendant Fixtures &amp; Appliques"
"7046","205","0","İç Aydınlatma","Indoor Lighting"
"7046","232","1","Dekoratif Sarkıt Armatürler ve Aplikler","Decorative Pendant Fixtures &amp; Appliques"
"7050","205","0","İç Aydınlatma","Indoor Lighting"
"7050","232","1","Dekoratif Sarkıt Armatürler ve Aplikler","Decorative Pendant Fixtures &amp; Appliques"
"7051","205","0","İç Aydınlatma","Indoor Lighting"
"7051","232","1","Dekoratif Sarkıt Armatürler ve Aplikler","Decorative Pendant Fixtures &amp; Appliques"
"7052","205","0","İç Aydınlatma","Indoor Lighting"
"7052","232","1","Dekoratif Sarkıt Armatürler ve Aplikler","Decorative Pendant Fixtures &amp; Appliques"
"7053","205","0","İç Aydınlatma","Indoor Lighting"
"7053","232","1","Dekoratif Sarkıt Armatürler ve Aplikler","Decorative Pendant Fixtures &amp; Appliques"
"7054","205","0","İç Aydınlatma","Indoor Lighting"
"7054","232","1","Dekoratif Sarkıt Armatürler ve Aplikler","Decorative Pendant Fixtures &amp; Appliques"
"7055","205","0","İç Aydınlatma","Indoor Lighting"
"7055","232","1","Dekoratif Sarkıt Armatürler ve Aplikler","Decorative Pendant Fixtures &amp; Appliques"
"7056","205","0","İç Aydınlatma","Indoor Lighting"
"7056","232","1","Dekoratif Sarkıt Armatürler ve Aplikler","Decorative Pendant Fixtures &amp; Appliques"
"7057","205","0","İç Aydınlatma","Indoor Lighting"
"7057","232","1","Dekoratif Sarkıt Armatürler ve Aplikler","Decorative Pendant Fixtures &amp; Appliques"
"7058","205","0","İç Aydınlatma","Indoor Lighting"
"7058","232","1","Dekoratif Sarkıt Armatürler ve Aplikler","Decorative Pendant Fixtures &amp; Appliques"
"7059","205","0","İç Aydınlatma","Indoor Lighting"
"7059","232","1","Dekoratif Sarkıt Armatürler ve Aplikler","Decorative Pendant Fixtures &amp; Appliques"
"7060","205","0","İç Aydınlatma","Indoor Lighting"
"7060","232","1","Dekoratif Sarkıt Armatürler ve Aplikler","Decorative Pendant Fixtures &amp; Appliques"
"7061","205","0","İç Aydınlatma","Indoor Lighting"
"7061","232","1","Dekoratif Sarkıt Armatürler ve Aplikler","Decorative Pendant Fixtures &amp; Appliques"
"7062","205","0","İç Aydınlatma","Indoor Lighting"
"7062","232","1","Dekoratif Sarkıt Armatürler ve Aplikler","Decorative Pendant Fixtures &amp; Appliques"
"7063","205","0","İç Aydınlatma","Indoor Lighting"
"7063","232","1","Dekoratif Sarkıt Armatürler ve Aplikler","Decorative Pendant Fixtures &amp; Appliques"
"7064","205","0","İç Aydınlatma","Indoor Lighting"
"7064","232","1","Dekoratif Sarkıt Armatürler ve Aplikler","Decorative Pendant Fixtures &amp; Appliques"
"7065","205","0","İç Aydınlatma","Indoor Lighting"
"7065","232","1","Dekoratif Sarkıt Armatürler ve Aplikler","Decorative Pendant Fixtures &amp; Appliques"
"7066","205","0","İç Aydınlatma","Indoor Lighting"
"7066","232","1","Dekoratif Sarkıt Armatürler ve Aplikler","Decorative Pendant Fixtures &amp; Appliques"
"7067","205","0","İç Aydınlatma","Indoor Lighting"
"7067","232","1","Dekoratif Sarkıt Armatürler ve Aplikler","Decorative Pendant Fixtures &amp; Appliques"
"7068","205","0","İç Aydınlatma","Indoor Lighting"
"7068","232","1","Dekoratif Sarkıt Armatürler ve Aplikler","Decorative Pendant Fixtures &amp; Appliques"
"7069","205","0","İç Aydınlatma","Indoor Lighting"
"7069","232","1","Dekoratif Sarkıt Armatürler ve Aplikler","Decorative Pendant Fixtures &amp; Appliques"
"7070","205","0","İç Aydınlatma","Indoor Lighting"
"7070","232","1","Dekoratif Sarkıt Armatürler ve Aplikler","Decorative Pendant Fixtures &amp; Appliques"
"7071","205","0","İç Aydınlatma","Indoor Lighting"
"7071","232","1","Dekoratif Sarkıt Armatürler ve Aplikler","Decorative Pendant Fixtures &amp; Appliques"
"7072","205","0","İç Aydınlatma","Indoor Lighting"
"7072","232","1","Dekoratif Sarkıt Armatürler ve Aplikler","Decorative Pendant Fixtures &amp; Appliques"
"7073","205","0","İç Aydınlatma","Indoor Lighting"
"7073","232","1","Dekoratif Sarkıt Armatürler ve Aplikler","Decorative Pendant Fixtures &amp; Appliques"
"7074","205","0","İç Aydınlatma","Indoor Lighting"
"7074","232","1","Dekoratif Sarkıt Armatürler ve Aplikler","Decorative Pendant Fixtures &amp; Appliques"
"7075","205","0","İç Aydınlatma","Indoor Lighting"
"7075","232","1","Dekoratif Sarkıt Armatürler ve Aplikler","Decorative Pendant Fixtures &amp; Appliques"
"7076","205","0","İç Aydınlatma","Indoor Lighting"
"7076","232","1","Dekoratif Sarkıt Armatürler ve Aplikler","Decorative Pendant Fixtures &amp; Appliques"
"7077","205","0","İç Aydınlatma","Indoor Lighting"
"7077","232","1","Dekoratif Sarkıt Armatürler ve Aplikler","Decorative Pendant Fixtures &amp; Appliques"
"7078","205","0","İç Aydınlatma","Indoor Lighting"
"7078","232","1","Dekoratif Sarkıt Armatürler ve Aplikler","Decorative Pendant Fixtures &amp; Appliques"
"7079","205","0","İç Aydınlatma","Indoor Lighting"
"7079","232","1","Dekoratif Sarkıt Armatürler ve Aplikler","Decorative Pendant Fixtures &amp; Appliques"
"7080","205","0","İç Aydınlatma","Indoor Lighting"
"7080","232","1","Dekoratif Sarkıt Armatürler ve Aplikler","Decorative Pendant Fixtures &amp; Appliques"
"7081","205","0","İç Aydınlatma","Indoor Lighting"
"7081","232","1","Dekoratif Sarkıt Armatürler ve Aplikler","Decorative Pendant Fixtures &amp; Appliques"
"7082","205","0","İç Aydınlatma","Indoor Lighting"
"7082","232","1","Dekoratif Sarkıt Armatürler ve Aplikler","Decorative Pendant Fixtures &amp; Appliques"
"7083","205","0","İç Aydınlatma","Indoor Lighting"
"7083","232","1","Dekoratif Sarkıt Armatürler ve Aplikler","Decorative Pendant Fixtures &amp; Appliques"
"7084","205","0","İç Aydınlatma","Indoor Lighting"
"7084","232","1","Dekoratif Sarkıt Armatürler ve Aplikler","Decorative Pendant Fixtures &amp; Appliques"
"7085","205","0","İç Aydınlatma","Indoor Lighting"
"7085","232","1","Dekoratif Sarkıt Armatürler ve Aplikler","Decorative Pendant Fixtures &amp; Appliques"
"7086","205","0","İç Aydınlatma","Indoor Lighting"
"7086","232","1","Dekoratif Sarkıt Armatürler ve Aplikler","Decorative Pendant Fixtures &amp; Appliques"
"7087","205","0","İç Aydınlatma","Indoor Lighting"
"7087","232","1","Dekoratif Sarkıt Armatürler ve Aplikler","Decorative Pendant Fixtures &amp; Appliques"
"7088","205","0","İç Aydınlatma","Indoor Lighting"
"7088","232","1","Dekoratif Sarkıt Armatürler ve Aplikler","Decorative Pendant Fixtures &amp; Appliques"
"7089","226","0","Diğer Ürünler","Other Items"
"7089","227","1","Muhtelif Ürünler","Other Items"
"7090","226","0","Diğer Ürünler","Other Items"
"7090","227","1","Muhtelif Ürünler","Other Items"
"7091","226","0","Diğer Ürünler","Other Items"
"7091","227","1","Muhtelif Ürünler","Other Items"
"7092","226","0","Diğer Ürünler","Other Items"
"7092","227","1","Muhtelif Ürünler","Other Items"
"7093","205","0","İç Aydınlatma","Indoor Lighting"
"7093","266","1","Mağaza Aydınlatma Armatürleri","Store Lighting Fixtures"
"7094","205","0","İç Aydınlatma","Indoor Lighting"
"7094","266","1","Mağaza Aydınlatma Armatürleri","Store Lighting Fixtures"
"7095","205","0","İç Aydınlatma","Indoor Lighting"
"7095","266","1","Mağaza Aydınlatma Armatürleri","Store Lighting Fixtures"
"7096","205","0","İç Aydınlatma","Indoor Lighting"
"7096","266","1","Mağaza Aydınlatma Armatürleri","Store Lighting Fixtures"
"7097","205","0","İç Aydınlatma","Indoor Lighting"
"7097","266","1","Mağaza Aydınlatma Armatürleri","Store Lighting Fixtures"
"7098","205","0","İç Aydınlatma","Indoor Lighting"
"7098","266","1","Mağaza Aydınlatma Armatürleri","Store Lighting Fixtures"
"7099","205","0","İç Aydınlatma","Indoor Lighting"
"7099","266","1","Mağaza Aydınlatma Armatürleri","Store Lighting Fixtures"
"7100","205","0","İç Aydınlatma","Indoor Lighting"
"7100","266","1","Mağaza Aydınlatma Armatürleri","Store Lighting Fixtures"
"7101","205","0","İç Aydınlatma","Indoor Lighting"
"7101","266","1","Mağaza Aydınlatma Armatürleri","Store Lighting Fixtures"
"7102","205","0","İç Aydınlatma","Indoor Lighting"
"7102","266","1","Mağaza Aydınlatma Armatürleri","Store Lighting Fixtures"
"7103","205","0","İç Aydınlatma","Indoor Lighting"
"7103","266","1","Mağaza Aydınlatma Armatürleri","Store Lighting Fixtures"
"7104","205","0","İç Aydınlatma","Indoor Lighting"
"7104","266","1","Mağaza Aydınlatma Armatürleri","Store Lighting Fixtures"
"7105","205","0","İç Aydınlatma","Indoor Lighting"
"7105","266","1","Mağaza Aydınlatma Armatürleri","Store Lighting Fixtures"
"7106","205","0","İç Aydınlatma","Indoor Lighting"
"7106","266","1","Mağaza Aydınlatma Armatürleri","Store Lighting Fixtures"
"7107","205","0","İç Aydınlatma","Indoor Lighting"
"7107","266","1","Mağaza Aydınlatma Armatürleri","Store Lighting Fixtures"
"7108","205","0","İç Aydınlatma","Indoor Lighting"
"7108","266","1","Mağaza Aydınlatma Armatürleri","Store Lighting Fixtures"
"7109","213","0","Dış Aydınlatma","Outdoor Lighting"
"7109","268","1","Wall Washer","Wall Washers"
"7110","213","0","Dış Aydınlatma","Outdoor Lighting"
"7110","268","1","Wall Washer","Wall Washers"
"7111","213","0","Dış Aydınlatma","Outdoor Lighting"
"7111","268","1","Wall Washer","Wall Washers"
"7112","213","0","Dış Aydınlatma","Outdoor Lighting"
"7112","268","1","Wall Washer","Wall Washers"
"7113","213","0","Dış Aydınlatma","Outdoor Lighting"
"7113","268","1","Wall Washer","Wall Washers"
"7114","213","0","Dış Aydınlatma","Outdoor Lighting"
"7114","268","1","Wall Washer","Wall Washers"
"7115","213","0","Dış Aydınlatma","Outdoor Lighting"
"7115","268","1","Wall Washer","Wall Washers"
"7116","205","0","İç Aydınlatma","Indoor Lighting"
"7116","267","1","Kuyumcu Armatürleri","Jeweller Fixtures"
"7117","205","0","İç Aydınlatma","Indoor Lighting"
"7117","267","1","Kuyumcu Armatürleri","Jeweller Fixtures"
"7118","205","0","İç Aydınlatma","Indoor Lighting"
"7118","267","1","Kuyumcu Armatürleri","Jeweller Fixtures"
"7119","205","0","İç Aydınlatma","Indoor Lighting"
"7119","267","1","Kuyumcu Armatürleri","Jeweller Fixtures"
"7120","205","0","İç Aydınlatma","Indoor Lighting"
"7120","267","1","Kuyumcu Armatürleri","Jeweller Fixtures"
"7121","205","0","İç Aydınlatma","Indoor Lighting"
"7121","267","1","Kuyumcu Armatürleri","Jeweller Fixtures"
"7122","205","0","İç Aydınlatma","Indoor Lighting"
"7122","267","1","Kuyumcu Armatürleri","Jeweller Fixtures"
"7123","205","0","İç Aydınlatma","Indoor Lighting"
"7123","267","1","Kuyumcu Armatürleri","Jeweller Fixtures"
"7124","205","0","İç Aydınlatma","Indoor Lighting"
"7124","267","1","Kuyumcu Armatürleri","Jeweller Fixtures"
"7125","205","0","İç Aydınlatma","Indoor Lighting"
"7125","267","1","Kuyumcu Armatürleri","Jeweller Fixtures"
"7126","205","0","İç Aydınlatma","Indoor Lighting"
"7126","267","1","Kuyumcu Armatürleri","Jeweller Fixtures"
"7127","205","0","İç Aydınlatma","Indoor Lighting"
"7127","267","1","Kuyumcu Armatürleri","Jeweller Fixtures"
"7128","205","0","İç Aydınlatma","Indoor Lighting"
"7128","267","1","Kuyumcu Armatürleri","Jeweller Fixtures"
"7129","205","0","İç Aydınlatma","Indoor Lighting"
"7129","267","1","Kuyumcu Armatürleri","Jeweller Fixtures"
"7130","205","0","İç Aydınlatma","Indoor Lighting"
"7130","267","1","Kuyumcu Armatürleri","Jeweller Fixtures"
"7131","205","0","İç Aydınlatma","Indoor Lighting"
"7131","267","1","Kuyumcu Armatürleri","Jeweller Fixtures"
"7132","205","0","İç Aydınlatma","Indoor Lighting"
"7132","267","1","Kuyumcu Armatürleri","Jeweller Fixtures"
"7134","213","0","Dış Aydınlatma","Outdoor Lighting"
"7134","268","1","Wall Washer","Wall Washers"
"7135","213","0","Dış Aydınlatma","Outdoor Lighting"
"7135","268","1","Wall Washer","Wall Washers"
"7136","213","0","Dış Aydınlatma","Outdoor Lighting"
"7136","268","1","Wall Washer","Wall Washers"
"7137","213","0","Dış Aydınlatma","Outdoor Lighting"
"7137","268","1","Wall Washer","Wall Washers"
"7138","213","0","Dış Aydınlatma","Outdoor Lighting"
"7138","268","1","Wall Washer","Wall Washers"
"7139","213","0","Dış Aydınlatma","Outdoor Lighting"
"7139","268","1","Wall Washer","Wall Washers"
"7140","213","0","Dış Aydınlatma","Outdoor Lighting"
"7140","268","1","Wall Washer","Wall Washers"
"7141","213","0","Dış Aydınlatma","Outdoor Lighting"
"7141","268","1","Wall Washer","Wall Washers"
"7142","213","0","Dış Aydınlatma","Outdoor Lighting"
"7142","268","1","Wall Washer","Wall Washers"
"7143","213","0","Dış Aydınlatma","Outdoor Lighting"
"7143","268","1","Wall Washer","Wall Washers"
"7144","213","0","Dış Aydınlatma","Outdoor Lighting"
"7144","268","1","Wall Washer","Wall Washers"
"7145","213","0","Dış Aydınlatma","Outdoor Lighting"
"7145","268","1","Wall Washer","Wall Washers"
"7147","213","0","Dış Aydınlatma","Outdoor Lighting"
"7147","268","1","Wall Washer","Wall Washers"
"7148","213","0","Dış Aydınlatma","Outdoor Lighting"
"7148","268","1","Wall Washer","Wall Washers"
"7149","213","0","Dış Aydınlatma","Outdoor Lighting"
"7149","268","1","Wall Washer","Wall Washers"
"7150","213","0","Dış Aydınlatma","Outdoor Lighting"
"7150","268","1","Wall Washer","Wall Washers"
"7151","213","0","Dış Aydınlatma","Outdoor Lighting"
"7151","268","1","Wall Washer","Wall Washers"
"7152","213","0","Dış Aydınlatma","Outdoor Lighting"
"7152","268","1","Wall Washer","Wall Washers"
"7153","213","0","Dış Aydınlatma","Outdoor Lighting"
"7153","268","1","Wall Washer","Wall Washers"
"7154","213","0","Dış Aydınlatma","Outdoor Lighting"
"7154","268","1","Wall Washer","Wall Washers"
"7155","213","0","Dış Aydınlatma","Outdoor Lighting"
"7155","268","1","Wall Washer","Wall Washers"
"7156","213","0","Dış Aydınlatma","Outdoor Lighting"
"7156","268","1","Wall Washer","Wall Washers"
"7157","213","0","Dış Aydınlatma","Outdoor Lighting"
"7157","268","1","Wall Washer","Wall Washers"
"7158","213","0","Dış Aydınlatma","Outdoor Lighting"
"7158","268","1","Wall Washer","Wall Washers"
"7159","213","0","Dış Aydınlatma","Outdoor Lighting"
"7159","268","1","Wall Washer","Wall Washers"
"7160","213","0","Dış Aydınlatma","Outdoor Lighting"
"7160","268","1","Wall Washer","Wall Washers"
"7161","213","0","Dış Aydınlatma","Outdoor Lighting"
"7161","268","1","Wall Washer","Wall Washers"
"7162","213","0","Dış Aydınlatma","Outdoor Lighting"
"7162","268","1","Wall Washer","Wall Washers"
"7163","213","0","Dış Aydınlatma","Outdoor Lighting"
"7163","268","1","Wall Washer","Wall Washers"
"7164","213","0","Dış Aydınlatma","Outdoor Lighting"
"7164","268","1","Wall Washer","Wall Washers"
"7165","213","0","Dış Aydınlatma","Outdoor Lighting"
"7165","268","1","Wall Washer","Wall Washers"
"7166","213","0","Dış Aydınlatma","Outdoor Lighting"
"7166","268","1","Wall Washer","Wall Washers"
"7167","213","0","Dış Aydınlatma","Outdoor Lighting"
"7167","268","1","Wall Washer","Wall Washers"
"7168","213","0","Dış Aydınlatma","Outdoor Lighting"
"7168","268","1","Wall Washer","Wall Washers"
"7169","213","0","Dış Aydınlatma","Outdoor Lighting"
"7169","268","1","Wall Washer","Wall Washers"
"7170","213","0","Dış Aydınlatma","Outdoor Lighting"
"7170","268","1","Wall Washer","Wall Washers"
"7171","213","0","Dış Aydınlatma","Outdoor Lighting"
"7171","268","1","Wall Washer","Wall Washers"
"7172","213","0","Dış Aydınlatma","Outdoor Lighting"
"7172","268","1","Wall Washer","Wall Washers"
"7173","213","0","Dış Aydınlatma","Outdoor Lighting"
"7173","268","1","Wall Washer","Wall Washers"
"7174","213","0","Dış Aydınlatma","Outdoor Lighting"
"7174","268","1","Wall Washer","Wall Washers"
"7175","205","0","İç Aydınlatma","Indoor Lighting"
"7175","252","1","Ledli Etanj Armatürler","Led Waterproof Fixtures"
"7176","205","0","İç Aydınlatma","Indoor Lighting"
"7176","252","1","Ledli Etanj Armatürler","Led Waterproof Fixtures"
"7177","205","0","İç Aydınlatma","Indoor Lighting"
"7177","252","1","Ledli Etanj Armatürler","Led Waterproof Fixtures"
"7178","205","0","İç Aydınlatma","Indoor Lighting"
"7178","252","1","Ledli Etanj Armatürler","Led Waterproof Fixtures"
"7179","205","0","İç Aydınlatma","Indoor Lighting"
"7179","252","1","Ledli Etanj Armatürler","Led Waterproof Fixtures"
"7180","205","0","İç Aydınlatma","Indoor Lighting"
"7180","252","1","Ledli Etanj Armatürler","Led Waterproof Fixtures"
"7181","205","0","İç Aydınlatma","Indoor Lighting"
"7181","252","1","Ledli Etanj Armatürler","Led Waterproof Fixtures"
"7182","205","0","İç Aydınlatma","Indoor Lighting"
"7182","252","1","Ledli Etanj Armatürler","Led Waterproof Fixtures"
"7183","205","0","İç Aydınlatma","Indoor Lighting"
"7183","252","1","Ledli Etanj Armatürler","Led Waterproof Fixtures"
"7184","205","0","İç Aydınlatma","Indoor Lighting"
"7184","252","1","Ledli Etanj Armatürler","Led Waterproof Fixtures"
"7185","205","0","İç Aydınlatma","Indoor Lighting"
"7185","252","1","Ledli Etanj Armatürler","Led Waterproof Fixtures"
"7186","205","0","İç Aydınlatma","Indoor Lighting"
"7186","252","1","Ledli Etanj Armatürler","Led Waterproof Fixtures"
"7187","205","0","İç Aydınlatma","Indoor Lighting"
"7187","252","1","Ledli Etanj Armatürler","Led Waterproof Fixtures"
"7188","205","0","İç Aydınlatma","Indoor Lighting"
"7188","252","1","Ledli Etanj Armatürler","Led Waterproof Fixtures"
"7189","205","0","İç Aydınlatma","Indoor Lighting"
"7189","252","1","Ledli Etanj Armatürler","Led Waterproof Fixtures"
"7190","205","0","İç Aydınlatma","Indoor Lighting"
"7190","252","1","Ledli Etanj Armatürler","Led Waterproof Fixtures"
"7191","205","0","İç Aydınlatma","Indoor Lighting"
"7191","252","1","Ledli Etanj Armatürler","Led Waterproof Fixtures"
"7192","205","0","İç Aydınlatma","Indoor Lighting"
"7192","252","1","Ledli Etanj Armatürler","Led Waterproof Fixtures"
"7193","205","0","İç Aydınlatma","Indoor Lighting"
"7193","272","1","Led Armatür Driverları","Led Fixture Drivers"
"7194","205","0","İç Aydınlatma","Indoor Lighting"
"7194","272","1","Led Armatür Driverları","Led Fixture Drivers"
"7195","205","0","İç Aydınlatma","Indoor Lighting"
"7195","247","1","Yüksek Tavan Armatürleri","High-Bay Ceiling Fixtures"
"7196","205","0","İç Aydınlatma","Indoor Lighting"
"7196","247","1","Yüksek Tavan Armatürleri","High-Bay Ceiling Fixtures"
"7197","205","0","İç Aydınlatma","Indoor Lighting"
"7197","247","1","Yüksek Tavan Armatürleri","High-Bay Ceiling Fixtures"
"7198","205","0","İç Aydınlatma","Indoor Lighting"
"7198","247","1","Yüksek Tavan Armatürleri","High-Bay Ceiling Fixtures"
"7199","205","0","İç Aydınlatma","Indoor Lighting"
"7199","247","1","Yüksek Tavan Armatürleri","High-Bay Ceiling Fixtures"
"7200","205","0","İç Aydınlatma","Indoor Lighting"
"7200","247","1","Yüksek Tavan Armatürleri","High-Bay Ceiling Fixtures"
"7201","205","0","İç Aydınlatma","Indoor Lighting"
"7201","247","1","Yüksek Tavan Armatürleri","High-Bay Ceiling Fixtures"
"7202","205","0","İç Aydınlatma","Indoor Lighting"
"7202","247","1","Yüksek Tavan Armatürleri","High-Bay Ceiling Fixtures"
"7203","205","0","İç Aydınlatma","Indoor Lighting"
"7203","247","1","Yüksek Tavan Armatürleri","High-Bay Ceiling Fixtures"
"7204","213","0","Dış Aydınlatma","Outdoor Lighting"
"7204","268","1","Wall Washer","Wall Washers"
"7205","213","0","Dış Aydınlatma","Outdoor Lighting"
"7205","268","1","Wall Washer","Wall Washers"
"7206","213","0","Dış Aydınlatma","Outdoor Lighting"
"7206","268","1","Wall Washer","Wall Washers"
"7207","213","0","Dış Aydınlatma","Outdoor Lighting"
"7207","268","1","Wall Washer","Wall Washers"
"7208","213","0","Dış Aydınlatma","Outdoor Lighting"
"7208","268","1","Wall Washer","Wall Washers"
"7209","213","0","Dış Aydınlatma","Outdoor Lighting"
"7209","268","1","Wall Washer","Wall Washers"
"7210","213","0","Dış Aydınlatma","Outdoor Lighting"
"7210","268","1","Wall Washer","Wall Washers"
"7211","213","0","Dış Aydınlatma","Outdoor Lighting"
"7211","268","1","Wall Washer","Wall Washers"
"7212","213","0","Dış Aydınlatma","Outdoor Lighting"
"7212","268","1","Wall Washer","Wall Washers"
"7213","213","0","Dış Aydınlatma","Outdoor Lighting"
"7213","268","1","Wall Washer","Wall Washers"
"7214","208","0","Ampuller","Bulbs"
"7214","243","1","Ledli Spot Ampuller","Led Spot Bulbs"
"7215","208","0","Ampuller","Bulbs"
"7215","243","1","Ledli Spot Ampuller","Led Spot Bulbs"
"7216","208","0","Ampuller","Bulbs"
"7216","243","1","Ledli Spot Ampuller","Led Spot Bulbs"
"7217","226","0","Diğer Ürünler","Other Items"
"7217","259","1","Gece Lambaları","Night Bulbs"
"7218","205","0","İç Aydınlatma","Indoor Lighting"
"7218","281","1","Sıva Üstü Dekoratif Sarkıt Armatürler ve Aplikler","Sıva Üstü Dekoratif Sarkıt Armatürler ve Aplikler"
"7219","205","0","İç Aydınlatma","Indoor Lighting"
"7219","281","1","Sıva Üstü Dekoratif Sarkıt Armatürler ve Aplikler","Sıva Üstü Dekoratif Sarkıt Armatürler ve Aplikler"
"7220","205","0","İç Aydınlatma","Indoor Lighting"
"7220","281","1","Sıva Üstü Dekoratif Sarkıt Armatürler ve Aplikler","Sıva Üstü Dekoratif Sarkıt Armatürler ve Aplikler"
"7221","205","0","İç Aydınlatma","Indoor Lighting"
"7221","281","1","Sıva Üstü Dekoratif Sarkıt Armatürler ve Aplikler","Sıva Üstü Dekoratif Sarkıt Armatürler ve Aplikler"
"7222","205","0","İç Aydınlatma","Indoor Lighting"
"7222","281","1","Sıva Üstü Dekoratif Sarkıt Armatürler ve Aplikler","Sıva Üstü Dekoratif Sarkıt Armatürler ve Aplikler"
"7223","205","0","İç Aydınlatma","Indoor Lighting"
"7223","281","1","Sıva Üstü Dekoratif Sarkıt Armatürler ve Aplikler","Sıva Üstü Dekoratif Sarkıt Armatürler ve Aplikler"
"7224","205","0","İç Aydınlatma","Indoor Lighting"
"7224","281","1","Sıva Üstü Dekoratif Sarkıt Armatürler ve Aplikler","Sıva Üstü Dekoratif Sarkıt Armatürler ve Aplikler"
"7225","205","0","İç Aydınlatma","Indoor Lighting"
"7225","281","1","Sıva Üstü Dekoratif Sarkıt Armatürler ve Aplikler","Sıva Üstü Dekoratif Sarkıt Armatürler ve Aplikler"
"7226","205","0","İç Aydınlatma","Indoor Lighting"
"7226","281","1","Sıva Üstü Dekoratif Sarkıt Armatürler ve Aplikler","Sıva Üstü Dekoratif Sarkıt Armatürler ve Aplikler"
"7227","205","0","İç Aydınlatma","Indoor Lighting"
"7227","212","1","Sıva Üstü Panel Kasaları","Panel Bodies &amp; Accesories"
"7228","208","0","Ampuller","Bulbs"
"7228","253","1","Led Kapsul Ampuller","Led Capsule Bulbs"
"7229","208","0","Ampuller","Bulbs"
"7229","253","1","Led Kapsul Ampuller","Led Capsule Bulbs"
"7230","205","0","İç Aydınlatma","Indoor Lighting"
"7230","281","1","Sıva Üstü Dekoratif Sarkıt Armatürler ve Aplikler","Sıva Üstü Dekoratif Sarkıt Armatürler ve Aplikler"
"7231","205","0","İç Aydınlatma","Indoor Lighting"
"7231","281","1","Sıva Üstü Dekoratif Sarkıt Armatürler ve Aplikler","Sıva Üstü Dekoratif Sarkıt Armatürler ve Aplikler"
"7232","205","0","İç Aydınlatma","Indoor Lighting"
"7232","281","1","Sıva Üstü Dekoratif Sarkıt Armatürler ve Aplikler","Sıva Üstü Dekoratif Sarkıt Armatürler ve Aplikler"
"7233","205","0","İç Aydınlatma","Indoor Lighting"
"7233","230","1","Led Ray Armatürler","Led Rail Lights"
"7234","205","0","İç Aydınlatma","Indoor Lighting"
"7234","230","1","Led Ray Armatürler","Led Rail Lights"
"7235","205","0","İç Aydınlatma","Indoor Lighting"
"7235","230","1","Led Ray Armatürler","Led Rail Lights"
"7236","205","0","İç Aydınlatma","Indoor Lighting"
"7236","230","1","Led Ray Armatürler","Led Rail Lights"
"7237","205","0","İç Aydınlatma","Indoor Lighting"
"7237","230","1","Led Ray Armatürler","Led Rail Lights"
"7238","205","0","İç Aydınlatma","Indoor Lighting"
"7238","230","1","Led Ray Armatürler","Led Rail Lights"
"7239","205","0","İç Aydınlatma","Indoor Lighting"
"7239","230","1","Led Ray Armatürler","Led Rail Lights"
"7240","205","0","İç Aydınlatma","Indoor Lighting"
"7240","230","1","Led Ray Armatürler","Led Rail Lights"
"7241","205","0","İç Aydınlatma","Indoor Lighting"
"7241","230","1","Led Ray Armatürler","Led Rail Lights"
"7242","205","0","İç Aydınlatma","Indoor Lighting"
"7242","230","1","Led Ray Armatürler","Led Rail Lights"
"7243","205","0","İç Aydınlatma","Indoor Lighting"
"7243","230","1","Led Ray Armatürler","Led Rail Lights"
"7244","205","0","İç Aydınlatma","Indoor Lighting"
"7244","230","1","Led Ray Armatürler","Led Rail Lights"
"7245","205","0","İç Aydınlatma","Indoor Lighting"
"7245","230","1","Led Ray Armatürler","Led Rail Lights"
"7246","205","0","İç Aydınlatma","Indoor Lighting"
"7246","230","1","Led Ray Armatürler","Led Rail Lights"
"7247","205","0","İç Aydınlatma","Indoor Lighting"
"7247","230","1","Led Ray Armatürler","Led Rail Lights"
"7248","205","0","İç Aydınlatma","Indoor Lighting"
"7248","230","1","Led Ray Armatürler","Led Rail Lights"
"7249","205","0","İç Aydınlatma","Indoor Lighting"
"7249","230","1","Led Ray Armatürler","Led Rail Lights"
"7250","205","0","İç Aydınlatma","Indoor Lighting"
"7250","230","1","Led Ray Armatürler","Led Rail Lights"
"7251","205","0","İç Aydınlatma","Indoor Lighting"
"7251","230","1","Led Ray Armatürler","Led Rail Lights"
"7252","205","0","İç Aydınlatma","Indoor Lighting"
"7252","230","1","Led Ray Armatürler","Led Rail Lights"
"7253","205","0","İç Aydınlatma","Indoor Lighting"
"7253","230","1","Led Ray Armatürler","Led Rail Lights"
"7254","205","0","İç Aydınlatma","Indoor Lighting"
"7254","230","1","Led Ray Armatürler","Led Rail Lights"
"7255","205","0","İç Aydınlatma","Indoor Lighting"
"7255","230","1","Led Ray Armatürler","Led Rail Lights"
"7256","205","0","İç Aydınlatma","Indoor Lighting"
"7256","230","1","Led Ray Armatürler","Led Rail Lights"
"7257","205","0","İç Aydınlatma","Indoor Lighting"
"7257","252","1","Ledli Etanj Armatürler","Led Waterproof Fixtures"
"7258","205","0","İç Aydınlatma","Indoor Lighting"
"7258","238","1","Sıva Üstü Led Paneller","Led Panels"
"7259","276","0","Ayın Ürünleri","Products of the Month"
"7259","205","0","İç Aydınlatma","Indoor Lighting"
"7259","238","1","Sıva Üstü Led Paneller","Led Panels"
"7260","276","0","Ayın Ürünleri","Products of the Month"
"7260","205","0","İç Aydınlatma","Indoor Lighting"
"7260","238","1","Sıva Üstü Led Paneller","Led Panels"
"7261","205","0","İç Aydınlatma","Indoor Lighting"
"7261","238","1","Sıva Üstü Led Paneller","Led Panels"
"7262","205","0","İç Aydınlatma","Indoor Lighting"
"7262","238","1","Sıva Üstü Led Paneller","Led Panels"
"7263","276","0","Ayın Ürünleri","Products of the Month"
"7263","205","0","İç Aydınlatma","Indoor Lighting"
"7263","238","1","Sıva Üstü Led Paneller","Led Panels"
"7264","276","0","Ayın Ürünleri","Products of the Month"
"7264","205","0","İç Aydınlatma","Indoor Lighting"
"7264","234","1","Modern Dekoratif Spot","Modern Decorative Spot Lights"
"7265","276","0","Ayın Ürünleri","Products of the Month"
"7265","205","0","İç Aydınlatma","Indoor Lighting"
"7265","234","1","Modern Dekoratif Spot","Modern Decorative Spot Lights"
"7266","205","0","İç Aydınlatma","Indoor Lighting"
"7266","232","1","Dekoratif Sarkıt Armatürler ve Aplikler","Decorative Pendant Fixtures &amp; Appliques"
"7267","213","0","Dış Aydınlatma","Outdoor Lighting"
"7267","268","1","Wall Washer","Wall Washers"
"7268","205","0","İç Aydınlatma","Indoor Lighting"
"7268","252","1","Ledli Etanj Armatürler","Led Waterproof Fixtures"
"7269","205","0","İç Aydınlatma","Indoor Lighting"
"7269","238","1","Sıva Üstü Led Paneller","Led Panels"
"7270","205","0","İç Aydınlatma","Indoor Lighting"
"7270","228","1","Kristal Cam Spotlar","Crystal Glass Spot Lights"
"7271","205","0","İç Aydınlatma","Indoor Lighting"
"7271","228","1","Kristal Cam Spotlar","Crystal Glass Spot Lights"
"7273","205","0","İç Aydınlatma","Indoor Lighting"
"7273","262","1","Sıva Üstü Dekoratif Armatürler ve Aplikler","Decorative Led Fixtures &amp; Appliques"
"7274","284","0","Diğer","Others"
"7274","285","1","Exit Armatürler","Exit Armatürler"
"7275","284","0","Diğer","Others"
"7275","285","1","Exit Armatürler","Exit Armatürler"
"7276","284","0","Diğer","Others"
"7276","285","1","Exit Armatürler","Exit Armatürler"
"7277","284","0","Diğer","Others"
"7277","285","1","Exit Armatürler","Exit Armatürler"
"7278","284","0","Diğer","Others"
"7278","285","1","Exit Armatürler","Exit Armatürler"
"7279","284","0","Diğer","Others"
"7279","285","1","Exit Armatürler","Exit Armatürler"
"7280","284","0","Diğer","Others"
"7280","285","1","Exit Armatürler","Exit Armatürler"
"7281","284","0","Diğer","Others"
"7281","285","1","Exit Armatürler","Exit Armatürler"
"7282","284","0","Diğer","Others"
"7282","285","1","Exit Armatürler","Exit Armatürler"
"7283","284","0","Diğer","Others"
"7283","285","1","Exit Armatürler","Exit Armatürler"
"7284","284","0","Diğer","Others"
"7284","285","1","Exit Armatürler","Exit Armatürler"
"7285","284","0","Diğer","Others"
"7285","285","1","Exit Armatürler","Exit Armatürler"
"7286","284","0","Diğer","Others"
"7286","285","1","Exit Armatürler","Exit Armatürler"
"7287","284","0","Diğer","Others"
"7287","285","1","Exit Armatürler","Exit Armatürler"
"7288","284","0","Diğer","Others"
"7288","285","1","Exit Armatürler","Exit Armatürler"
"7289","284","0","Diğer","Others"
"7289","285","1","Exit Armatürler","Exit Armatürler"
"7290","284","0","Diğer","Others"
"7290","285","1","Exit Armatürler","Exit Armatürler"
"7291","284","0","Diğer","Others"
"7291","285","1","Exit Armatürler","Exit Armatürler"
"7292","284","0","Diğer","Others"
"7292","285","1","Exit Armatürler","Exit Armatürler"
"7293","284","0","Diğer","Others"
"7293","285","1","Exit Armatürler","Exit Armatürler"
"7294","284","0","Diğer","Others"
"7294","285","1","Exit Armatürler","Exit Armatürler"
"7295","284","0","Diğer","Others"
"7295","285","1","Exit Armatürler","Exit Armatürler"
"7296","284","0","Diğer","Others"
"7296","285","1","Exit Armatürler","Exit Armatürler"
"7297","284","0","Diğer","Others"
"7297","285","1","Exit Armatürler","Exit Armatürler"
"7298","284","0","Diğer","Others"
"7298","285","1","Exit Armatürler","Exit Armatürler"
"7299","284","0","Diğer","Others"
"7299","285","1","Exit Armatürler","Exit Armatürler"
"7300","284","0","Diğer","Others"
"7300","285","1","Exit Armatürler","Exit Armatürler"
"7301","284","0","Diğer","Others"
"7301","285","1","Exit Armatürler","Exit Armatürler"
"7302","284","0","Diğer","Others"
"7302","285","1","Exit Armatürler","Exit Armatürler"
"7303","284","0","Diğer","Others"
"7303","285","1","Exit Armatürler","Exit Armatürler"
"7304","284","0","Diğer","Others"
"7304","285","1","Exit Armatürler","Exit Armatürler"
"7305","284","0","Diğer","Others"
"7305","285","1","Exit Armatürler","Exit Armatürler"
"7306","284","0","Diğer","Others"
"7306","285","1","Exit Armatürler","Exit Armatürler"
"7307","284","0","Diğer","Others"
"7307","285","1","Exit Armatürler","Exit Armatürler"
"7308","284","0","Diğer","Others"
"7308","285","1","Exit Armatürler","Exit Armatürler"
"7309","286","0","Ampul","Ampul"
"7309","287","1","Led Ampuller","Led Ampuller"
"7310","286","0","Ampul","Ampul"
"7310","287","1","Led Ampuller","Led Ampuller"
"7311","205","0","İç Aydınlatma","Indoor Lighting"
"7311","252","1","Ledli Etanj Armatürler","Led Waterproof Fixtures"
"7312","205","0","İç Aydınlatma","Indoor Lighting"
"7312","252","1","Ledli Etanj Armatürler","Led Waterproof Fixtures"
"7313","205","0","İç Aydınlatma","Indoor Lighting"
"7313","252","1","Ledli Etanj Armatürler","Led Waterproof Fixtures"
"7314","205","0","İç Aydınlatma","Indoor Lighting"
"7314","252","1","Ledli Etanj Armatürler","Led Waterproof Fixtures"
"7315","205","0","İç Aydınlatma","Indoor Lighting"
"7315","252","1","Ledli Etanj Armatürler","Led Waterproof Fixtures"
"7316","205","0","İç Aydınlatma","Indoor Lighting"
"7316","252","1","Ledli Etanj Armatürler","Led Waterproof Fixtures"
"7317","205","0","İç Aydınlatma","Indoor Lighting"
"7317","252","1","Ledli Etanj Armatürler","Led Waterproof Fixtures"
"7318","205","0","İç Aydınlatma","Indoor Lighting"
"7318","252","1","Ledli Etanj Armatürler","Led Waterproof Fixtures"
"7319","205","0","İç Aydınlatma","Indoor Lighting"
"7319","252","1","Ledli Etanj Armatürler","Led Waterproof Fixtures"
"7320","205","0","İç Aydınlatma","Indoor Lighting"
"7320","252","1","Ledli Etanj Armatürler","Led Waterproof Fixtures"
"7321","205","0","İç Aydınlatma","Indoor Lighting"
"7321","252","1","Ledli Etanj Armatürler","Led Waterproof Fixtures"
"7322","205","0","İç Aydınlatma","Indoor Lighting"
"7322","252","1","Ledli Etanj Armatürler","Led Waterproof Fixtures"
"7323","219","0","Şerit Led","Led Strip"
"7323","255","1","Şerit Led Trafoları","Led Strip Drivers"
"7324","219","0","Şerit Led","Led Strip"
"7324","255","1","Şerit Led Trafoları","Led Strip Drivers"
"7325","219","0","Şerit Led","Led Strip"
"7325","255","1","Şerit Led Trafoları","Led Strip Drivers"
"7326","219","0","Şerit Led","Led Strip"
"7326","255","1","Şerit Led Trafoları","Led Strip Drivers"
"7327","219","0","Şerit Led","Led Strip"
"7327","255","1","Şerit Led Trafoları","Led Strip Drivers"
"7328","219","0","Şerit Led","Led Strip"
"7328","255","1","Şerit Led Trafoları","Led Strip Drivers"
"7329","219","0","Şerit Led","Led Strip"
"7329","255","1","Şerit Led Trafoları","Led Strip Drivers"
"7330","219","0","Şerit Led","Led Strip"
"7330","255","1","Şerit Led Trafoları","Led Strip Drivers"
"7331","219","0","Şerit Led","Led Strip"
"7331","255","1","Şerit Led Trafoları","Led Strip Drivers"
"7332","205","0","İç Aydınlatma","Indoor Lighting"
"7332","234","1","Modern Dekoratif Spot","Modern Decorative Spot Lights"
"7333","205","0","İç Aydınlatma","Indoor Lighting"
"7333","234","1","Modern Dekoratif Spot","Modern Decorative Spot Lights"
"7334","205","0","İç Aydınlatma","Indoor Lighting"
"7334","234","1","Modern Dekoratif Spot","Modern Decorative Spot Lights"
"7335","205","0","İç Aydınlatma","Indoor Lighting"
"7335","234","1","Modern Dekoratif Spot","Modern Decorative Spot Lights"
"7336","205","0","İç Aydınlatma","Indoor Lighting"
"7336","234","1","Modern Dekoratif Spot","Modern Decorative Spot Lights"
"7337","205","0","İç Aydınlatma","Indoor Lighting"
"7337","234","1","Modern Dekoratif Spot","Modern Decorative Spot Lights"
"7338","205","0","İç Aydınlatma","Indoor Lighting"
"7338","234","1","Modern Dekoratif Spot","Modern Decorative Spot Lights"
"7339","205","0","İç Aydınlatma","Indoor Lighting"
"7339","234","1","Modern Dekoratif Spot","Modern Decorative Spot Lights"
"7340","205","0","İç Aydınlatma","Indoor Lighting"
"7340","234","1","Modern Dekoratif Spot","Modern Decorative Spot Lights"
"7341","205","0","İç Aydınlatma","Indoor Lighting"
"7341","234","1","Modern Dekoratif Spot","Modern Decorative Spot Lights"
"7342","205","0","İç Aydınlatma","Indoor Lighting"
"7342","262","1","Sıva Üstü Dekoratif Armatürler ve Aplikler","Decorative Led Fixtures &amp; Appliques"
"7343","205","0","İç Aydınlatma","Indoor Lighting"
"7343","262","1","Sıva Üstü Dekoratif Armatürler ve Aplikler","Decorative Led Fixtures &amp; Appliques"
"7344","205","0","İç Aydınlatma","Indoor Lighting"
"7344","262","1","Sıva Üstü Dekoratif Armatürler ve Aplikler","Decorative Led Fixtures &amp; Appliques"
"7345","205","0","İç Aydınlatma","Indoor Lighting"
"7345","262","1","Sıva Üstü Dekoratif Armatürler ve Aplikler","Decorative Led Fixtures &amp; Appliques"
"7346","205","0","İç Aydınlatma","Indoor Lighting"
"7346","262","1","Sıva Üstü Dekoratif Armatürler ve Aplikler","Decorative Led Fixtures &amp; Appliques"
"7347","205","0","İç Aydınlatma","Indoor Lighting"
"7347","262","1","Sıva Üstü Dekoratif Armatürler ve Aplikler","Decorative Led Fixtures &amp; Appliques"
"7348","205","0","İç Aydınlatma","Indoor Lighting"
"7348","262","1","Sıva Üstü Dekoratif Armatürler ve Aplikler","Decorative Led Fixtures &amp; Appliques"
"7349","205","0","İç Aydınlatma","Indoor Lighting"
"7349","262","1","Sıva Üstü Dekoratif Armatürler ve Aplikler","Decorative Led Fixtures &amp; Appliques"
"7350","205","0","İç Aydınlatma","Indoor Lighting"
"7350","262","1","Sıva Üstü Dekoratif Armatürler ve Aplikler","Decorative Led Fixtures &amp; Appliques"
"7351","213","0","Dış Aydınlatma","Outdoor Lighting"
"7351","264","1","Led Sokak Armatürleri ve Solar Ledli Sokak Armatürleri","Led Street Lights &amp; Solar Led Street Lights"
"7352","213","0","Dış Aydınlatma","Outdoor Lighting"
"7352","264","1","Led Sokak Armatürleri ve Solar Ledli Sokak Armatürleri","Led Street Lights &amp; Solar Led Street Lights"
"7353","213","0","Dış Aydınlatma","Outdoor Lighting"
"7353","264","1","Led Sokak Armatürleri ve Solar Ledli Sokak Armatürleri","Led Street Lights &amp; Solar Led Street Lights"
"7354","213","0","Dış Aydınlatma","Outdoor Lighting"
"7354","264","1","Led Sokak Armatürleri ve Solar Ledli Sokak Armatürleri","Led Street Lights &amp; Solar Led Street Lights"
"7355","213","0","Dış Aydınlatma","Outdoor Lighting"
"7355","264","1","Led Sokak Armatürleri ve Solar Ledli Sokak Armatürleri","Led Street Lights &amp; Solar Led Street Lights"
"7356","205","0","İç Aydınlatma","Indoor Lighting"
"7356","230","1","Led Ray Armatürler","Led Rail Lights"
"7357","205","0","İç Aydınlatma","Indoor Lighting"
"7357","230","1","Led Ray Armatürler","Led Rail Lights"
"7358","205","0","İç Aydınlatma","Indoor Lighting"
"7358","230","1","Led Ray Armatürler","Led Rail Lights"
"7359","205","0","İç Aydınlatma","Indoor Lighting"
"7359","230","1","Led Ray Armatürler","Led Rail Lights"
"7360","205","0","İç Aydınlatma","Indoor Lighting"
"7360","230","1","Led Ray Armatürler","Led Rail Lights"
"7361","205","0","İç Aydınlatma","Indoor Lighting"
"7361","230","1","Led Ray Armatürler","Led Rail Lights"
"7362","205","0","İç Aydınlatma","Indoor Lighting"
"7362","230","1","Led Ray Armatürler","Led Rail Lights"
"7363","205","0","İç Aydınlatma","Indoor Lighting"
"7363","230","1","Led Ray Armatürler","Led Rail Lights"
"7364","205","0","İç Aydınlatma","Indoor Lighting"
"7364","230","1","Led Ray Armatürler","Led Rail Lights"
"7365","205","0","İç Aydınlatma","Indoor Lighting"
"7365","230","1","Led Ray Armatürler","Led Rail Lights"
"7366","205","0","İç Aydınlatma","Indoor Lighting"
"7366","230","1","Led Ray Armatürler","Led Rail Lights"
"7367","205","0","İç Aydınlatma","Indoor Lighting"
"7367","230","1","Led Ray Armatürler","Led Rail Lights"
"7368","205","0","İç Aydınlatma","Indoor Lighting"
"7368","230","1","Led Ray Armatürler","Led Rail Lights"
"7369","205","0","İç Aydınlatma","Indoor Lighting"
"7369","230","1","Led Ray Armatürler","Led Rail Lights"
"7370","205","0","İç Aydınlatma","Indoor Lighting"
"7370","230","1","Led Ray Armatürler","Led Rail Lights"
"7371","205","0","İç Aydınlatma","Indoor Lighting"
"7371","230","1","Led Ray Armatürler","Led Rail Lights"
"7372","205","0","İç Aydınlatma","Indoor Lighting"
"7372","230","1","Led Ray Armatürler","Led Rail Lights"
"7373","205","0","İç Aydınlatma","Indoor Lighting"
"7373","230","1","Led Ray Armatürler","Led Rail Lights"
"7374","205","0","İç Aydınlatma","Indoor Lighting"
"7374","230","1","Led Ray Armatürler","Led Rail Lights"
"7375","205","0","İç Aydınlatma","Indoor Lighting"
"7375","230","1","Led Ray Armatürler","Led Rail Lights"
"7376","205","0","İç Aydınlatma","Indoor Lighting"
"7376","230","1","Led Ray Armatürler","Led Rail Lights"
"7377","205","0","İç Aydınlatma","Indoor Lighting"
"7377","230","1","Led Ray Armatürler","Led Rail Lights"
"7378","205","0","İç Aydınlatma","Indoor Lighting"
"7378","230","1","Led Ray Armatürler","Led Rail Lights"
"7379","205","0","İç Aydınlatma","Indoor Lighting"
"7379","230","1","Led Ray Armatürler","Led Rail Lights"
"7380","205","0","İç Aydınlatma","Indoor Lighting"
"7380","230","1","Led Ray Armatürler","Led Rail Lights"
"7381","205","0","İç Aydınlatma","Indoor Lighting"
"7381","230","1","Led Ray Armatürler","Led Rail Lights"
"7382","205","0","İç Aydınlatma","Indoor Lighting"
"7382","230","1","Led Ray Armatürler","Led Rail Lights"
"7383","205","0","İç Aydınlatma","Indoor Lighting"
"7383","230","1","Led Ray Armatürler","Led Rail Lights"
"7384","205","0","İç Aydınlatma","Indoor Lighting"
"7384","230","1","Led Ray Armatürler","Led Rail Lights"
"7385","205","0","İç Aydınlatma","Indoor Lighting"
"7385","230","1","Led Ray Armatürler","Led Rail Lights"
"7386","205","0","İç Aydınlatma","Indoor Lighting"
"7386","230","1","Led Ray Armatürler","Led Rail Lights"
"7387","205","0","İç Aydınlatma","Indoor Lighting"
"7387","230","1","Led Ray Armatürler","Led Rail Lights"
"7388","205","0","İç Aydınlatma","Indoor Lighting"
"7388","230","1","Led Ray Armatürler","Led Rail Lights"
"7389","205","0","İç Aydınlatma","Indoor Lighting"
"7389","230","1","Led Ray Armatürler","Led Rail Lights"
"7390","205","0","İç Aydınlatma","Indoor Lighting"
"7390","230","1","Led Ray Armatürler","Led Rail Lights"
"7391","205","0","İç Aydınlatma","Indoor Lighting"
"7391","230","1","Led Ray Armatürler","Led Rail Lights"
"7392","205","0","İç Aydınlatma","Indoor Lighting"
"7392","230","1","Led Ray Armatürler","Led Rail Lights"
"7393","205","0","İç Aydınlatma","Indoor Lighting"
"7393","230","1","Led Ray Armatürler","Led Rail Lights"
"7394","205","0","İç Aydınlatma","Indoor Lighting"
"7394","230","1","Led Ray Armatürler","Led Rail Lights"
"7395","205","0","İç Aydınlatma","Indoor Lighting"
"7395","230","1","Led Ray Armatürler","Led Rail Lights"
"7396","205","0","İç Aydınlatma","Indoor Lighting"
"7396","230","1","Led Ray Armatürler","Led Rail Lights"
"7397","205","0","İç Aydınlatma","Indoor Lighting"
"7397","230","1","Led Ray Armatürler","Led Rail Lights"
"7398","205","0","İç Aydınlatma","Indoor Lighting"
"7398","230","1","Led Ray Armatürler","Led Rail Lights"
"7399","205","0","İç Aydınlatma","Indoor Lighting"
"7399","230","1","Led Ray Armatürler","Led Rail Lights"
"7400","205","0","İç Aydınlatma","Indoor Lighting"
"7400","230","1","Led Ray Armatürler","Led Rail Lights"
"7401","213","0","Dış Aydınlatma","Outdoor Lighting"
"7401","268","1","Wall Washer","Wall Washers"
"7402","213","0","Dış Aydınlatma","Outdoor Lighting"
"7402","268","1","Wall Washer","Wall Washers"
"7403","213","0","Dış Aydınlatma","Outdoor Lighting"
"7403","268","1","Wall Washer","Wall Washers"
"7404","213","0","Dış Aydınlatma","Outdoor Lighting"
"7404","268","1","Wall Washer","Wall Washers"
"7405","213","0","Dış Aydınlatma","Outdoor Lighting"
"7405","268","1","Wall Washer","Wall Washers"
"7406","213","0","Dış Aydınlatma","Outdoor Lighting"
"7406","268","1","Wall Washer","Wall Washers"
"7407","213","0","Dış Aydınlatma","Outdoor Lighting"
"7407","268","1","Wall Washer","Wall Washers"
"7408","213","0","Dış Aydınlatma","Outdoor Lighting"
"7408","268","1","Wall Washer","Wall Washers"
"7409","213","0","Dış Aydınlatma","Outdoor Lighting"
"7409","214","1","Bahçe Armatürleri","Garden Fixtures"
"7410","213","0","Dış Aydınlatma","Outdoor Lighting"
"7410","214","1","Bahçe Armatürleri","Garden Fixtures"
"7411","213","0","Dış Aydınlatma","Outdoor Lighting"
"7411","214","1","Bahçe Armatürleri","Garden Fixtures"
"7414","205","0","İç Aydınlatma","Indoor Lighting"
"7414","266","1","Mağaza Aydınlatma Armatürleri","Store Lighting Fixtures"
"7415","205","0","İç Aydınlatma","Indoor Lighting"
"7415","266","1","Mağaza Aydınlatma Armatürleri","Store Lighting Fixtures"
"7416","205","0","İç Aydınlatma","Indoor Lighting"
"7416","266","1","Mağaza Aydınlatma Armatürleri","Store Lighting Fixtures"
"7417","205","0","İç Aydınlatma","Indoor Lighting"
"7417","266","1","Mağaza Aydınlatma Armatürleri","Store Lighting Fixtures"
"7418","205","0","İç Aydınlatma","Indoor Lighting"
"7418","266","1","Mağaza Aydınlatma Armatürleri","Store Lighting Fixtures"
"7419","205","0","İç Aydınlatma","Indoor Lighting"
"7419","266","1","Mağaza Aydınlatma Armatürleri","Store Lighting Fixtures"
"7420","205","0","İç Aydınlatma","Indoor Lighting"
"7420","266","1","Mağaza Aydınlatma Armatürleri","Store Lighting Fixtures"
"7421","205","0","İç Aydınlatma","Indoor Lighting"
"7421","266","1","Mağaza Aydınlatma Armatürleri","Store Lighting Fixtures"
"7422","205","0","İç Aydınlatma","Indoor Lighting"
"7422","266","1","Mağaza Aydınlatma Armatürleri","Store Lighting Fixtures"
"7423","205","0","İç Aydınlatma","Indoor Lighting"
"7423","266","1","Mağaza Aydınlatma Armatürleri","Store Lighting Fixtures"
"7424","205","0","İç Aydınlatma","Indoor Lighting"
"7424","266","1","Mağaza Aydınlatma Armatürleri","Store Lighting Fixtures"
"7425","205","0","İç Aydınlatma","Indoor Lighting"
"7425","266","1","Mağaza Aydınlatma Armatürleri","Store Lighting Fixtures"
"7426","205","0","İç Aydınlatma","Indoor Lighting"
"7426","266","1","Mağaza Aydınlatma Armatürleri","Store Lighting Fixtures"
"7427","205","0","İç Aydınlatma","Indoor Lighting"
"7427","206","1","Sıva Altı Slim Led Paneller","Slim Led Panels"
"7428","205","0","İç Aydınlatma","Indoor Lighting"
"7428","206","1","Sıva Altı Slim Led Paneller","Slim Led Panels"
"7429","205","0","İç Aydınlatma","Indoor Lighting"
"7429","232","1","Dekoratif Sarkıt Armatürler ve Aplikler","Decorative Pendant Fixtures &amp; Appliques"
"7430","205","0","İç Aydınlatma","Indoor Lighting"
"7430","232","1","Dekoratif Sarkıt Armatürler ve Aplikler","Decorative Pendant Fixtures &amp; Appliques"
"7431","205","0","İç Aydınlatma","Indoor Lighting"
"7431","232","1","Dekoratif Sarkıt Armatürler ve Aplikler","Decorative Pendant Fixtures &amp; Appliques"
"7432","205","0","İç Aydınlatma","Indoor Lighting"
"7432","252","1","Ledli Etanj Armatürler","Led Waterproof Fixtures"
"7433","205","0","İç Aydınlatma","Indoor Lighting"
"7433","252","1","Ledli Etanj Armatürler","Led Waterproof Fixtures"
"7434","205","0","İç Aydınlatma","Indoor Lighting"
"7434","252","1","Ledli Etanj Armatürler","Led Waterproof Fixtures"
"7435","213","0","Dış Aydınlatma","Outdoor Lighting"
"7435","277","1","Duvar Aplikleri","Duvar Aplikleri"
"7436","213","0","Dış Aydınlatma","Outdoor Lighting"
"7436","277","1","Duvar Aplikleri","Duvar Aplikleri"
"7437","213","0","Dış Aydınlatma","Outdoor Lighting"
"7437","277","1","Duvar Aplikleri","Duvar Aplikleri"
"7438","213","0","Dış Aydınlatma","Outdoor Lighting"
"7438","277","1","Duvar Aplikleri","Duvar Aplikleri"
"7439","213","0","Dış Aydınlatma","Outdoor Lighting"
"7439","277","1","Duvar Aplikleri","Duvar Aplikleri"
"7440","213","0","Dış Aydınlatma","Outdoor Lighting"
"7440","277","1","Duvar Aplikleri","Duvar Aplikleri"
"7441","213","0","Dış Aydınlatma","Outdoor Lighting"
"7441","277","1","Duvar Aplikleri","Duvar Aplikleri"
"7442","213","0","Dış Aydınlatma","Outdoor Lighting"
"7442","277","1","Duvar Aplikleri","Duvar Aplikleri"
"7443","213","0","Dış Aydınlatma","Outdoor Lighting"
"7443","277","1","Duvar Aplikleri","Duvar Aplikleri"
"7444","213","0","Dış Aydınlatma","Outdoor Lighting"
"7444","277","1","Duvar Aplikleri","Duvar Aplikleri"
"7445","213","0","Dış Aydınlatma","Outdoor Lighting"
"7445","277","1","Duvar Aplikleri","Duvar Aplikleri"
"7446","213","0","Dış Aydınlatma","Outdoor Lighting"
"7446","277","1","Duvar Aplikleri","Duvar Aplikleri"
"7447","208","0","Ampuller","Bulbs"
"7447","290","1","Gece Lambaları","Night Bulbs"
"7448","208","0","Ampuller","Bulbs"
"7448","290","1","Gece Lambaları","Night Bulbs"
"7451","219","0","Şerit Led","Led Strip"
"7451","220","1","İç Mekan Led Şeritler","Led Strip Lights (Inside)"
"7452","208","0","Ampuller","Bulbs"
"7452","290","1","Gece Lambaları","Night Bulbs"
"7453","208","0","Ampuller","Bulbs"
"7453","290","1","Gece Lambaları","Night Bulbs"
"7454","208","0","Ampuller","Bulbs"
"7454","290","1","Gece Lambaları","Night Bulbs"
"7455","208","0","Ampuller","Bulbs"
"7455","290","1","Gece Lambaları","Night Bulbs"
"7456","213","0","Dış Aydınlatma","Outdoor Lighting"
"7456","214","1","Bahçe Armatürleri","Garden Fixtures"
"7457","213","0","Dış Aydınlatma","Outdoor Lighting"
"7457","214","1","Bahçe Armatürleri","Garden Fixtures"
"7458","213","0","Dış Aydınlatma","Outdoor Lighting"
"7458","214","1","Bahçe Armatürleri","Garden Fixtures"
"7459","213","0","Dış Aydınlatma","Outdoor Lighting"
"7459","214","1","Bahçe Armatürleri","Garden Fixtures"
"7460","213","0","Dış Aydınlatma","Outdoor Lighting"
"7460","214","1","Bahçe Armatürleri","Garden Fixtures"
"7461","213","0","Dış Aydınlatma","Outdoor Lighting"
"7461","214","1","Bahçe Armatürleri","Garden Fixtures"
"7462","213","0","Dış Aydınlatma","Outdoor Lighting"
"7462","214","1","Bahçe Armatürleri","Garden Fixtures"
"7463","213","0","Dış Aydınlatma","Outdoor Lighting"
"7463","214","1","Bahçe Armatürleri","Garden Fixtures"
"7464","213","0","Dış Aydınlatma","Outdoor Lighting"
"7464","214","1","Bahçe Armatürleri","Garden Fixtures"
"7465","213","0","Dış Aydınlatma","Outdoor Lighting"
"7465","214","1","Bahçe Armatürleri","Garden Fixtures"
"7466","213","0","Dış Aydınlatma","Outdoor Lighting"
"7466","214","1","Bahçe Armatürleri","Garden Fixtures"
"7467","213","0","Dış Aydınlatma","Outdoor Lighting"
"7467","214","1","Bahçe Armatürleri","Garden Fixtures"
"7468","213","0","Dış Aydınlatma","Outdoor Lighting"
"7468","214","1","Bahçe Armatürleri","Garden Fixtures"
"7469","213","0","Dış Aydınlatma","Outdoor Lighting"
"7469","214","1","Bahçe Armatürleri","Garden Fixtures"
"7470","213","0","Dış Aydınlatma","Outdoor Lighting"
"7470","214","1","Bahçe Armatürleri","Garden Fixtures"
"7471","213","0","Dış Aydınlatma","Outdoor Lighting"
"7471","214","1","Bahçe Armatürleri","Garden Fixtures"
"7472","213","0","Dış Aydınlatma","Outdoor Lighting"
"7472","214","1","Bahçe Armatürleri","Garden Fixtures"
"7473","213","0","Dış Aydınlatma","Outdoor Lighting"
"7473","269","1","Slim Ledli Projektörler","Slim Led Flood Lights"
"7474","213","0","Dış Aydınlatma","Outdoor Lighting"
"7474","269","1","Slim Ledli Projektörler","Slim Led Flood Lights"
"7475","213","0","Dış Aydınlatma","Outdoor Lighting"
"7475","269","1","Slim Ledli Projektörler","Slim Led Flood Lights"
"7476","213","0","Dış Aydınlatma","Outdoor Lighting"
"7476","269","1","Slim Ledli Projektörler","Slim Led Flood Lights"
"7477","213","0","Dış Aydınlatma","Outdoor Lighting"
"7477","269","1","Slim Ledli Projektörler","Slim Led Flood Lights"
"7478","213","0","Dış Aydınlatma","Outdoor Lighting"
"7478","269","1","Slim Ledli Projektörler","Slim Led Flood Lights"
"7479","219","0","Şerit Led","Led Strip"
"7479","220","1","İç Mekan Led Şeritler","Led Strip Lights (Inside)"
"7480","205","0","İç Aydınlatma","Indoor Lighting"
"7480","232","1","Dekoratif Sarkıt Armatürler ve Aplikler","Decorative Pendant Fixtures &amp; Appliques"
"7481","205","0","İç Aydınlatma","Indoor Lighting"
"7481","232","1","Dekoratif Sarkıt Armatürler ve Aplikler","Decorative Pendant Fixtures &amp; Appliques"
"7482","205","0","İç Aydınlatma","Indoor Lighting"
"7482","232","1","Dekoratif Sarkıt Armatürler ve Aplikler","Decorative Pendant Fixtures &amp; Appliques"
"7483","205","0","İç Aydınlatma","Indoor Lighting"
"7483","232","1","Dekoratif Sarkıt Armatürler ve Aplikler","Decorative Pendant Fixtures &amp; Appliques"
"7484","205","0","İç Aydınlatma","Indoor Lighting"
"7484","232","1","Dekoratif Sarkıt Armatürler ve Aplikler","Decorative Pendant Fixtures &amp; Appliques"
"7485","205","0","İç Aydınlatma","Indoor Lighting"
"7485","232","1","Dekoratif Sarkıt Armatürler ve Aplikler","Decorative Pendant Fixtures &amp; Appliques"
"7486","213","0","Dış Aydınlatma","Outdoor Lighting"
"7486","269","1","Slim Ledli Projektörler","Slim Led Flood Lights"
"7487","213","0","Dış Aydınlatma","Outdoor Lighting"
"7487","269","1","Slim Ledli Projektörler","Slim Led Flood Lights"
"7488","213","0","Dış Aydınlatma","Outdoor Lighting"
"7488","269","1","Slim Ledli Projektörler","Slim Led Flood Lights"
"7489","286","0","Ampul","Ampul"
"7489","287","1","Led Ampuller","Led Ampuller"
"7490","286","0","Ampul","Ampul"
"7490","287","1","Led Ampuller","Led Ampuller"
"7491","286","0","Ampul","Ampul"
"7491","287","1","Led Ampuller","Led Ampuller"
"7492","286","0","Ampul","Ampul"
"7492","287","1","Led Ampuller","Led Ampuller"
"7493","286","0","Ampul","Ampul"
"7493","287","1","Led Ampuller","Led Ampuller"
"7494","286","0","Ampul","Ampul"
"7494","287","1","Led Ampuller","Led Ampuller"
"7495","286","0","Ampul","Ampul"
"7495","287","1","Led Ampuller","Led Ampuller"
"7496","286","0","Ampul","Ampul"
"7496","287","1","Led Ampuller","Led Ampuller"
"7497","205","0","İç Aydınlatma","Indoor Lighting"
"7497","211","1","Ledli Yatay Bant Armatürler","Led Wall Pictures"
"7498","205","0","İç Aydınlatma","Indoor Lighting"
"7498","211","1","Ledli Yatay Bant Armatürler","Led Wall Pictures"
"7499","205","0","İç Aydınlatma","Indoor Lighting"
"7499","211","1","Ledli Yatay Bant Armatürler","Led Wall Pictures"
"7500","205","0","İç Aydınlatma","Indoor Lighting"
"7500","211","1","Ledli Yatay Bant Armatürler","Led Wall Pictures"
"7501","213","0","Dış Aydınlatma","Outdoor Lighting"
"7502","213","0","Dış Aydınlatma","Outdoor Lighting"
"7502","256","1","Ledli Projektörler","Led Flood Lights"
"7503","213","0","Dış Aydınlatma","Outdoor Lighting"
"7503","256","1","Ledli Projektörler","Led Flood Lights"
"7504","213","0","Dış Aydınlatma","Outdoor Lighting"
"7504","256","1","Ledli Projektörler","Led Flood Lights"
"7505","205","0","İç Aydınlatma","Indoor Lighting"
"7505","232","1","Dekoratif Sarkıt Armatürler ve Aplikler","Decorative Pendant Fixtures &amp; Appliques"
"7506","205","0","İç Aydınlatma","Indoor Lighting"
"7506","232","1","Dekoratif Sarkıt Armatürler ve Aplikler","Decorative Pendant Fixtures &amp; Appliques"
"7507","205","0","İç Aydınlatma","Indoor Lighting"
"7507","232","1","Dekoratif Sarkıt Armatürler ve Aplikler","Decorative Pendant Fixtures &amp; Appliques"
"7508","284","0","Diğer","Others"
"7508","291","1","Muhtelif Ürünler","Muhtelif Ürünler"
"7509","284","0","Diğer","Others"
"7509","291","1","Muhtelif Ürünler","Muhtelif Ürünler"
"7510","284","0","Diğer","Others"
"7510","291","1","Muhtelif Ürünler","Muhtelif Ürünler"
"7511","284","0","Diğer","Others"
"7511","291","1","Muhtelif Ürünler","Muhtelif Ürünler"
"7512","284","0","Diğer","Others"
"7512","291","1","Muhtelif Ürünler","Muhtelif Ürünler"
"7513","205","0","İç Aydınlatma","Indoor Lighting"
"7513","230","1","Led Ray Armatürler","Led Rail Lights"
"7514","205","0","İç Aydınlatma","Indoor Lighting"
"7514","230","1","Led Ray Armatürler","Led Rail Lights"
"7515","205","0","İç Aydınlatma","Indoor Lighting"
"7515","230","1","Led Ray Armatürler","Led Rail Lights"
"7516","205","0","İç Aydınlatma","Indoor Lighting"
"7516","230","1","Led Ray Armatürler","Led Rail Lights"
"7517","205","0","İç Aydınlatma","Indoor Lighting"
"7517","230","1","Led Ray Armatürler","Led Rail Lights"
"7518","205","0","İç Aydınlatma","Indoor Lighting"
"7518","230","1","Led Ray Armatürler","Led Rail Lights"
"7519","205","0","İç Aydınlatma","Indoor Lighting"
"7519","230","1","Led Ray Armatürler","Led Rail Lights"
"7520","205","0","İç Aydınlatma","Indoor Lighting"
"7520","230","1","Led Ray Armatürler","Led Rail Lights"
"7521","205","0","İç Aydınlatma","Indoor Lighting"
"7521","230","1","Led Ray Armatürler","Led Rail Lights"
"7522","205","0","İç Aydınlatma","Indoor Lighting"
"7522","230","1","Led Ray Armatürler","Led Rail Lights"
"7523","205","0","İç Aydınlatma","Indoor Lighting"
"7523","261","1","Sensörlü Tavan Armatürleri","Ceiling Lights with Sensor"
"7524","205","0","İç Aydınlatma","Indoor Lighting"
"7524","261","1","Sensörlü Tavan Armatürleri","Ceiling Lights with Sensor"
"7525","284","0","Diğer","Others"
"7525","291","1","Muhtelif Ürünler","Muhtelif Ürünler"
"7526","284","0","Diğer","Others"
"7526","291","1","Muhtelif Ürünler","Muhtelif Ürünler"
"7527","284","0","Diğer","Others"
"7527","291","1","Muhtelif Ürünler","Muhtelif Ürünler"
"7528","205","0","İç Aydınlatma","Indoor Lighting"
"7528","262","1","Sıva Üstü Dekoratif Armatürler ve Aplikler","Decorative Led Fixtures &amp; Appliques"
"7529","205","0","İç Aydınlatma","Indoor Lighting"
"7529","262","1","Sıva Üstü Dekoratif Armatürler ve Aplikler","Decorative Led Fixtures &amp; Appliques"
"7530","205","0","İç Aydınlatma","Indoor Lighting"
"7530","262","1","Sıva Üstü Dekoratif Armatürler ve Aplikler","Decorative Led Fixtures &amp; Appliques"
"7531","205","0","İç Aydınlatma","Indoor Lighting"
"7531","262","1","Sıva Üstü Dekoratif Armatürler ve Aplikler","Decorative Led Fixtures &amp; Appliques"
"7532","205","0","İç Aydınlatma","Indoor Lighting"
"7532","262","1","Sıva Üstü Dekoratif Armatürler ve Aplikler","Decorative Led Fixtures &amp; Appliques"
"7533","205","0","İç Aydınlatma","Indoor Lighting"
"7533","262","1","Sıva Üstü Dekoratif Armatürler ve Aplikler","Decorative Led Fixtures &amp; Appliques"
"7534","205","0","İç Aydınlatma","Indoor Lighting"
"7534","262","1","Sıva Üstü Dekoratif Armatürler ve Aplikler","Decorative Led Fixtures &amp; Appliques"
"7535","205","0","İç Aydınlatma","Indoor Lighting"
"7535","262","1","Sıva Üstü Dekoratif Armatürler ve Aplikler","Decorative Led Fixtures &amp; Appliques"
"7536","205","0","İç Aydınlatma","Indoor Lighting"
"7536","262","1","Sıva Üstü Dekoratif Armatürler ve Aplikler","Decorative Led Fixtures &amp; Appliques"
"7537","205","0","İç Aydınlatma","Indoor Lighting"
"7537","262","1","Sıva Üstü Dekoratif Armatürler ve Aplikler","Decorative Led Fixtures &amp; Appliques"
"7538","205","0","İç Aydınlatma","Indoor Lighting"
"7538","262","1","Sıva Üstü Dekoratif Armatürler ve Aplikler","Decorative Led Fixtures &amp; Appliques"
"7539","205","0","İç Aydınlatma","Indoor Lighting"
"7539","262","1","Sıva Üstü Dekoratif Armatürler ve Aplikler","Decorative Led Fixtures &amp; Appliques"
"7552","205","0","İç Aydınlatma","Indoor Lighting"
"7552","262","1","Sıva Üstü Dekoratif Armatürler ve Aplikler","Decorative Led Fixtures &amp; Appliques"
"7553","205","0","İç Aydınlatma","Indoor Lighting"
"7553","262","1","Sıva Üstü Dekoratif Armatürler ve Aplikler","Decorative Led Fixtures &amp; Appliques"
"7554","205","0","İç Aydınlatma","Indoor Lighting"
"7554","262","1","Sıva Üstü Dekoratif Armatürler ve Aplikler","Decorative Led Fixtures &amp; Appliques"
"7555","205","0","İç Aydınlatma","Indoor Lighting"
"7555","262","1","Sıva Üstü Dekoratif Armatürler ve Aplikler","Decorative Led Fixtures &amp; Appliques"
"7556","205","0","İç Aydınlatma","Indoor Lighting"
"7556","262","1","Sıva Üstü Dekoratif Armatürler ve Aplikler","Decorative Led Fixtures &amp; Appliques"
"7557","205","0","İç Aydınlatma","Indoor Lighting"
"7557","262","1","Sıva Üstü Dekoratif Armatürler ve Aplikler","Decorative Led Fixtures &amp; Appliques"
"7558","205","0","İç Aydınlatma","Indoor Lighting"
"7558","262","1","Sıva Üstü Dekoratif Armatürler ve Aplikler","Decorative Led Fixtures &amp; Appliques"
"7559","205","0","İç Aydınlatma","Indoor Lighting"
"7559","262","1","Sıva Üstü Dekoratif Armatürler ve Aplikler","Decorative Led Fixtures &amp; Appliques"
"7560","205","0","İç Aydınlatma","Indoor Lighting"
"7560","262","1","Sıva Üstü Dekoratif Armatürler ve Aplikler","Decorative Led Fixtures &amp; Appliques"
"7561","205","0","İç Aydınlatma","Indoor Lighting"
"7561","262","1","Sıva Üstü Dekoratif Armatürler ve Aplikler","Decorative Led Fixtures &amp; Appliques"
"7562","205","0","İç Aydınlatma","Indoor Lighting"
"7562","262","1","Sıva Üstü Dekoratif Armatürler ve Aplikler","Decorative Led Fixtures &amp; Appliques"
"7563","205","0","İç Aydınlatma","Indoor Lighting"
"7563","262","1","Sıva Üstü Dekoratif Armatürler ve Aplikler","Decorative Led Fixtures &amp; Appliques"
"7564","205","0","İç Aydınlatma","Indoor Lighting"
"7564","262","1","Sıva Üstü Dekoratif Armatürler ve Aplikler","Decorative Led Fixtures &amp; Appliques"
"7565","205","0","İç Aydınlatma","Indoor Lighting"
"7565","262","1","Sıva Üstü Dekoratif Armatürler ve Aplikler","Decorative Led Fixtures &amp; Appliques"
"7566","205","0","İç Aydınlatma","Indoor Lighting"
"7566","262","1","Sıva Üstü Dekoratif Armatürler ve Aplikler","Decorative Led Fixtures &amp; Appliques"
"7567","205","0","İç Aydınlatma","Indoor Lighting"
"7567","262","1","Sıva Üstü Dekoratif Armatürler ve Aplikler","Decorative Led Fixtures &amp; Appliques"
"7568","205","0","İç Aydınlatma","Indoor Lighting"
"7568","262","1","Sıva Üstü Dekoratif Armatürler ve Aplikler","Decorative Led Fixtures &amp; Appliques"
"7569","205","0","İç Aydınlatma","Indoor Lighting"
"7569","262","1","Sıva Üstü Dekoratif Armatürler ve Aplikler","Decorative Led Fixtures &amp; Appliques"
"7570","205","0","İç Aydınlatma","Indoor Lighting"
"7570","262","1","Sıva Üstü Dekoratif Armatürler ve Aplikler","Decorative Led Fixtures &amp; Appliques"
"7571","205","0","İç Aydınlatma","Indoor Lighting"
"7571","262","1","Sıva Üstü Dekoratif Armatürler ve Aplikler","Decorative Led Fixtures &amp; Appliques"
"7572","205","0","İç Aydınlatma","Indoor Lighting"
"7572","262","1","Sıva Üstü Dekoratif Armatürler ve Aplikler","Decorative Led Fixtures &amp; Appliques"
"7573","208","0","Ampuller","Bulbs"
"7573","243","1","Ledli Spot Ampuller","Led Spot Bulbs"
"7574","208","0","Ampuller","Bulbs"
"7574","243","1","Ledli Spot Ampuller","Led Spot Bulbs"
"7575","208","0","Ampuller","Bulbs"
"7575","243","1","Ledli Spot Ampuller","Led Spot Bulbs"
"7576","213","0","Dış Aydınlatma","Outdoor Lighting"
"7576","264","1","Led Sokak Armatürleri ve Solar Ledli Sokak Armatürleri","Led Street Lights &amp; Solar Led Street Lights"
"7577","213","0","Dış Aydınlatma","Outdoor Lighting"
"7577","264","1","Led Sokak Armatürleri ve Solar Ledli Sokak Armatürleri","Led Street Lights &amp; Solar Led Street Lights"
"7578","213","0","Dış Aydınlatma","Outdoor Lighting"
"7578","264","1","Led Sokak Armatürleri ve Solar Ledli Sokak Armatürleri","Led Street Lights &amp; Solar Led Street Lights"
"7579","205","0","İç Aydınlatma","Indoor Lighting"
"7579","230","1","Led Ray Armatürler","Led Rail Lights"
"7580","205","0","İç Aydınlatma","Indoor Lighting"
"7580","230","1","Led Ray Armatürler","Led Rail Lights"
"7581","205","0","İç Aydınlatma","Indoor Lighting"
"7581","230","1","Led Ray Armatürler","Led Rail Lights"
"7582","205","0","İç Aydınlatma","Indoor Lighting"
"7582","230","1","Led Ray Armatürler","Led Rail Lights"
"7583","205","0","İç Aydınlatma","Indoor Lighting"
"7583","230","1","Led Ray Armatürler","Led Rail Lights"
"7584","205","0","İç Aydınlatma","Indoor Lighting"
"7584","230","1","Led Ray Armatürler","Led Rail Lights"
"7585","205","0","İç Aydınlatma","Indoor Lighting"
"7585","230","1","Led Ray Armatürler","Led Rail Lights"
"7586","205","0","İç Aydınlatma","Indoor Lighting"
"7586","230","1","Led Ray Armatürler","Led Rail Lights"
"7587","205","0","İç Aydınlatma","Indoor Lighting"
"7587","230","1","Led Ray Armatürler","Led Rail Lights"
"7588","205","0","İç Aydınlatma","Indoor Lighting"
"7588","230","1","Led Ray Armatürler","Led Rail Lights"
"7589","205","0","İç Aydınlatma","Indoor Lighting"
"7589","230","1","Led Ray Armatürler","Led Rail Lights"
"7590","205","0","İç Aydınlatma","Indoor Lighting"
"7590","230","1","Led Ray Armatürler","Led Rail Lights"
"7591","205","0","İç Aydınlatma","Indoor Lighting"
"7591","230","1","Led Ray Armatürler","Led Rail Lights"
"7592","205","0","İç Aydınlatma","Indoor Lighting"
"7592","230","1","Led Ray Armatürler","Led Rail Lights"
"7593","205","0","İç Aydınlatma","Indoor Lighting"
"7593","230","1","Led Ray Armatürler","Led Rail Lights"
"7594","205","0","İç Aydınlatma","Indoor Lighting"
"7594","230","1","Led Ray Armatürler","Led Rail Lights"
"7595","205","0","İç Aydınlatma","Indoor Lighting"
"7595","230","1","Led Ray Armatürler","Led Rail Lights"
"7596","205","0","İç Aydınlatma","Indoor Lighting"
"7596","230","1","Led Ray Armatürler","Led Rail Lights"
"7597","205","0","İç Aydınlatma","Indoor Lighting"
"7597","230","1","Led Ray Armatürler","Led Rail Lights"
"7598","205","0","İç Aydınlatma","Indoor Lighting"
"7598","230","1","Led Ray Armatürler","Led Rail Lights"
"7599","205","0","İç Aydınlatma","Indoor Lighting"
"7599","230","1","Led Ray Armatürler","Led Rail Lights"
"7600","205","0","İç Aydınlatma","Indoor Lighting"
"7600","281","1","Sıva Üstü Dekoratif Sarkıt Armatürler ve Aplikler","Sıva Üstü Dekoratif Sarkıt Armatürler ve Aplikler"
"7601","205","0","İç Aydınlatma","Indoor Lighting"
"7601","281","1","Sıva Üstü Dekoratif Sarkıt Armatürler ve Aplikler","Sıva Üstü Dekoratif Sarkıt Armatürler ve Aplikler"
"7602","205","0","İç Aydınlatma","Indoor Lighting"
"7602","281","1","Sıva Üstü Dekoratif Sarkıt Armatürler ve Aplikler","Sıva Üstü Dekoratif Sarkıt Armatürler ve Aplikler"
"7603","205","0","İç Aydınlatma","Indoor Lighting"
"7603","281","1","Sıva Üstü Dekoratif Sarkıt Armatürler ve Aplikler","Sıva Üstü Dekoratif Sarkıt Armatürler ve Aplikler"
"7604","205","0","İç Aydınlatma","Indoor Lighting"
"7604","281","1","Sıva Üstü Dekoratif Sarkıt Armatürler ve Aplikler","Sıva Üstü Dekoratif Sarkıt Armatürler ve Aplikler"
"7605","205","0","İç Aydınlatma","Indoor Lighting"
"7605","281","1","Sıva Üstü Dekoratif Sarkıt Armatürler ve Aplikler","Sıva Üstü Dekoratif Sarkıt Armatürler ve Aplikler"
"7612","205","0","İç Aydınlatma","Indoor Lighting"
"7612","281","1","Sıva Üstü Dekoratif Sarkıt Armatürler ve Aplikler","Sıva Üstü Dekoratif Sarkıt Armatürler ve Aplikler"
"7613","205","0","İç Aydınlatma","Indoor Lighting"
"7613","281","1","Sıva Üstü Dekoratif Sarkıt Armatürler ve Aplikler","Sıva Üstü Dekoratif Sarkıt Armatürler ve Aplikler"
"7614","205","0","İç Aydınlatma","Indoor Lighting"
"7614","281","1","Sıva Üstü Dekoratif Sarkıt Armatürler ve Aplikler","Sıva Üstü Dekoratif Sarkıt Armatürler ve Aplikler"
"7615","208","0","Ampuller","Bulbs"
"7615","290","1","Gece Lambaları","Night Bulbs"
"7616","213","0","Dış Aydınlatma","Outdoor Lighting"
"7616","269","1","Slim Ledli Projektörler","Slim Led Flood Lights"
"7617","213","0","Dış Aydınlatma","Outdoor Lighting"
"7617","269","1","Slim Ledli Projektörler","Slim Led Flood Lights"
"7618","213","0","Dış Aydınlatma","Outdoor Lighting"
"7618","269","1","Slim Ledli Projektörler","Slim Led Flood Lights"
"7622","213","0","Dış Aydınlatma","Outdoor Lighting"
"7622","269","1","Slim Ledli Projektörler","Slim Led Flood Lights"
"7623","213","0","Dış Aydınlatma","Outdoor Lighting"
"7623","269","1","Slim Ledli Projektörler","Slim Led Flood Lights"
"7624","213","0","Dış Aydınlatma","Outdoor Lighting"
"7624","269","1","Slim Ledli Projektörler","Slim Led Flood Lights"
"7625","205","0","İç Aydınlatma","Indoor Lighting"
"7625","252","1","Ledli Etanj Armatürler","Led Waterproof Fixtures"
"7626","205","0","İç Aydınlatma","Indoor Lighting"
"7626","252","1","Ledli Etanj Armatürler","Led Waterproof Fixtures"
"7627","205","0","İç Aydınlatma","Indoor Lighting"
"7627","252","1","Ledli Etanj Armatürler","Led Waterproof Fixtures"
"7628","205","0","İç Aydınlatma","Indoor Lighting"
"7628","252","1","Ledli Etanj Armatürler","Led Waterproof Fixtures"
"7629","205","0","İç Aydınlatma","Indoor Lighting"
"7629","252","1","Ledli Etanj Armatürler","Led Waterproof Fixtures"
"7630","205","0","İç Aydınlatma","Indoor Lighting"
"7630","252","1","Ledli Etanj Armatürler","Led Waterproof Fixtures"
"7631","205","0","İç Aydınlatma","Indoor Lighting"
"7631","252","1","Ledli Etanj Armatürler","Led Waterproof Fixtures"
"7635","205","0","İç Aydınlatma","Indoor Lighting"
"7635","252","1","Ledli Etanj Armatürler","Led Waterproof Fixtures"
"7636","205","0","İç Aydınlatma","Indoor Lighting"
"7636","252","1","Ledli Etanj Armatürler","Led Waterproof Fixtures"
"7637","205","0","İç Aydınlatma","Indoor Lighting"
"7637","252","1","Ledli Etanj Armatürler","Led Waterproof Fixtures"
"7638","205","0","İç Aydınlatma","Indoor Lighting"
"7638","281","1","Sıva Üstü Dekoratif Sarkıt Armatürler ve Aplikler","Sıva Üstü Dekoratif Sarkıt Armatürler ve Aplikler"
"7639","205","0","İç Aydınlatma","Indoor Lighting"
"7639","281","1","Sıva Üstü Dekoratif Sarkıt Armatürler ve Aplikler","Sıva Üstü Dekoratif Sarkıt Armatürler ve Aplikler"
"7640","205","0","İç Aydınlatma","Indoor Lighting"
"7640","281","1","Sıva Üstü Dekoratif Sarkıt Armatürler ve Aplikler","Sıva Üstü Dekoratif Sarkıt Armatürler ve Aplikler"
"7641","205","0","İç Aydınlatma","Indoor Lighting"
"7641","281","1","Sıva Üstü Dekoratif Sarkıt Armatürler ve Aplikler","Sıva Üstü Dekoratif Sarkıt Armatürler ve Aplikler"
"7642","205","0","İç Aydınlatma","Indoor Lighting"
"7642","281","1","Sıva Üstü Dekoratif Sarkıt Armatürler ve Aplikler","Sıva Üstü Dekoratif Sarkıt Armatürler ve Aplikler"
"7643","205","0","İç Aydınlatma","Indoor Lighting"
"7643","281","1","Sıva Üstü Dekoratif Sarkıt Armatürler ve Aplikler","Sıva Üstü Dekoratif Sarkıt Armatürler ve Aplikler"
"7644","222","0","Dış Mekan Şerit Led, Neon ve Ledli Hortumlar","Led Strips &amp; Led Neon Hoses"
"7644","225","1","Neon Led Hortumlar","Neon Led Hoses"
"7645","219","0","Şerit Led","Led Strip"
"7645","220","1","İç Mekan Led Şeritler","Led Strip Lights (Inside)"
"7646","213","0","Dış Aydınlatma","Outdoor Lighting"
"7647","213","0","Dış Aydınlatma","Outdoor Lighting"
"7648","286","0","Ampul","Ampul"
"7648","287","1","Led Ampuller","Led Ampuller"
"7649","226","0","Diğer Ürünler","Other Items"
"7650","226","0","Diğer Ürünler","Other Items"
"7651","213","0","Dış Aydınlatma","Outdoor Lighting"
"7651","277","1","Duvar Aplikleri","Duvar Aplikleri"
"7652","213","0","Dış Aydınlatma","Outdoor Lighting"
"7652","277","1","Duvar Aplikleri","Duvar Aplikleri"
"7653","213","0","Dış Aydınlatma","Outdoor Lighting"
"7653","268","1","Wall Washer","Wall Washers"
"7654","213","0","Dış Aydınlatma","Outdoor Lighting"
"7654","268","1","Wall Washer","Wall Washers"
"7660","213","0","Dış Aydınlatma","Outdoor Lighting"
"7660","268","1","Wall Washer","Wall Washers"
"7661","213","0","Dış Aydınlatma","Outdoor Lighting"
"7661","268","1","Wall Washer","Wall Washers"
"7662","213","0","Dış Aydınlatma","Outdoor Lighting"
"7662","268","1","Wall Washer","Wall Washers"
"7663","213","0","Dış Aydınlatma","Outdoor Lighting"
"7663","268","1","Wall Washer","Wall Washers"
"7664","213","0","Dış Aydınlatma","Outdoor Lighting"
"7664","268","1","Wall Washer","Wall Washers"
"7665","213","0","Dış Aydınlatma","Outdoor Lighting"
"7665","268","1","Wall Washer","Wall Washers"
"7666","213","0","Dış Aydınlatma","Outdoor Lighting"
"7666","268","1","Wall Washer","Wall Washers"
"7667","213","0","Dış Aydınlatma","Outdoor Lighting"
"7667","268","1","Wall Washer","Wall Washers"
"7668","213","0","Dış Aydınlatma","Outdoor Lighting"
"7668","268","1","Wall Washer","Wall Washers"
"7669","213","0","Dış Aydınlatma","Outdoor Lighting"
"7669","268","1","Wall Washer","Wall Washers"
"7670","213","0","Dış Aydınlatma","Outdoor Lighting"
"7670","268","1","Wall Washer","Wall Washers"
"7671","213","0","Dış Aydınlatma","Outdoor Lighting"
"7671","268","1","Wall Washer","Wall Washers"
"7672","208","0","Ampuller","Bulbs"
"7672","253","1","Led Kapsul Ampuller","Led Capsule Bulbs"
"7673","208","0","Ampuller","Bulbs"
"7673","253","1","Led Kapsul Ampuller","Led Capsule Bulbs"
"7674","208","0","Ampuller","Bulbs"
"7674","253","1","Led Kapsul Ampuller","Led Capsule Bulbs"
"7675","208","0","Ampuller","Bulbs"
"7675","253","1","Led Kapsul Ampuller","Led Capsule Bulbs"
"7676","208","0","Ampuller","Bulbs"
"7676","253","1","Led Kapsul Ampuller","Led Capsule Bulbs"
"7677","208","0","Ampuller","Bulbs"
"7677","253","1","Led Kapsul Ampuller","Led Capsule Bulbs"
"7680","208","0","Ampuller","Bulbs"
"7680","253","1","Led Kapsul Ampuller","Led Capsule Bulbs"
"7681","208","0","Ampuller","Bulbs"
"7681","253","1","Led Kapsul Ampuller","Led Capsule Bulbs"
"7682","208","0","Ampuller","Bulbs"
"7682","253","1","Led Kapsul Ampuller","Led Capsule Bulbs"
"7683","208","0","Ampuller","Bulbs"
"7683","253","1","Led Kapsul Ampuller","Led Capsule Bulbs"
"7684","208","0","Ampuller","Bulbs"
"7684","253","1","Led Kapsul Ampuller","Led Capsule Bulbs"
"7685","208","0","Ampuller","Bulbs"
"7685","253","1","Led Kapsul Ampuller","Led Capsule Bulbs"
"7686","208","0","Ampuller","Bulbs"
"7686","253","1","Led Kapsul Ampuller","Led Capsule Bulbs"
"7687","208","0","Ampuller","Bulbs"
"7687","253","1","Led Kapsul Ampuller","Led Capsule Bulbs"
"7688","208","0","Ampuller","Bulbs"
"7688","253","1","Led Kapsul Ampuller","Led Capsule Bulbs"
"7689","208","0","Ampuller","Bulbs"
"7689","287","1","Led Ampuller","Led Ampuller"
"7690","208","0","Ampuller","Bulbs"
"7690","287","1","Led Ampuller","Led Ampuller"
"7691","208","0","Ampuller","Bulbs"
"7691","287","1","Led Ampuller","Led Ampuller"
"7692","208","0","Ampuller","Bulbs"
"7692","253","1","Led Kapsul Ampuller","Led Capsule Bulbs"
"7695","208","0","Ampuller","Bulbs"
"7695","253","1","Led Kapsul Ampuller","Led Capsule Bulbs"
"7696","208","0","Ampuller","Bulbs"
"7696","253","1","Led Kapsul Ampuller","Led Capsule Bulbs"
"7697","208","0","Ampuller","Bulbs"
"7697","253","1","Led Kapsul Ampuller","Led Capsule Bulbs"
"7698","208","0","Ampuller","Bulbs"
"7698","253","1","Led Kapsul Ampuller","Led Capsule Bulbs"
"7699","208","0","Ampuller","Bulbs"
"7699","253","1","Led Kapsul Ampuller","Led Capsule Bulbs"
"7700","208","0","Ampuller","Bulbs"
"7700","253","1","Led Kapsul Ampuller","Led Capsule Bulbs"
"7701","208","0","Ampuller","Bulbs"
"7701","253","1","Led Kapsul Ampuller","Led Capsule Bulbs"
"7702","208","0","Ampuller","Bulbs"
"7702","253","1","Led Kapsul Ampuller","Led Capsule Bulbs"
"7703","226","0","Diğer Ürünler","Other Items"
"7703","241","1","Ledli Işıldak &amp; El Fenerleri","Lantern Light &amp; Hand Light"
"7704","226","0","Diğer Ürünler","Other Items"
"7704","241","1","Ledli Işıldak &amp; El Fenerleri","Lantern Light &amp; Hand Light"
"7705","226","0","Diğer Ürünler","Other Items"
"7705","241","1","Ledli Işıldak &amp; El Fenerleri","Lantern Light &amp; Hand Light"
"7706","226","0","Diğer Ürünler","Other Items"
"7706","241","1","Ledli Işıldak &amp; El Fenerleri","Lantern Light &amp; Hand Light"
"7707","226","0","Diğer Ürünler","Other Items"
"7707","241","1","Ledli Işıldak &amp; El Fenerleri","Lantern Light &amp; Hand Light"
"7708","226","0","Diğer Ürünler","Other Items"
"7708","241","1","Ledli Işıldak &amp; El Fenerleri","Lantern Light &amp; Hand Light"
"7709","226","0","Diğer Ürünler","Other Items"
"7709","241","1","Ledli Işıldak &amp; El Fenerleri","Lantern Light &amp; Hand Light"
"7710","226","0","Diğer Ürünler","Other Items"
"7710","241","1","Ledli Işıldak &amp; El Fenerleri","Lantern Light &amp; Hand Light"
"7711","208","0","Ampuller","Bulbs"
"7711","237","1","Led Ampuller","Led Bulbs"
"7712","208","0","Ampuller","Bulbs"
"7712","237","1","Led Ampuller","Led Bulbs"
"7713","208","0","Ampuller","Bulbs"
"7713","237","1","Led Ampuller","Led Bulbs"
"7719","221","1","Dış Mekan Led Şeritler","Led Strip Lights (Outside)"
"7721","220","1","İç Mekan Led Şeritler","Led Strip Lights (Inside)"
"7724","208","0","Ampuller","Bulbs"
"7724","237","1","Led Ampuller","Led Bulbs"
"7725","208","0","Ampuller","Bulbs"
"7725","210","1","Led Buji Ampuller","Led Candle Bulbs"
"7726","208","0","Ampuller","Bulbs"
"7726","237","1","Led Ampuller","Led Bulbs"
"7727","286","0","Ampul","Ampul"
"7727","237","1","Led Ampuller","Led Bulbs"
"7729","205","0","İç Aydınlatma","Indoor Lighting"
"7729","211","1","Ledli Yatay Bant Armatürler","Led Wall Pictures"
"7965","222","0","Dış Mekan Şerit Led, Neon ve Ledli Hortumlar","Led Strips &amp; Led Neon Hoses"
"7965","225","1","Neon Led Hortumlar","Neon Led Hoses"
"7980","208","0","Ampuller","Bulbs"
"7980","287","1","Led Ampuller","Led Ampuller"
