"query","keyword"
"product_id=5259","boş-seyyar-kablo-makarası"
"product_id=5259","boş-seyyar-kablo-makarası"
"product_id=4208","gdl414-25w-backlight-panel-3000k"
"product_id=4208","gdl414-25w-backlight-panel-3000k"
"product_id=4206","gdl414-25w-backlight-panel-4000k"
"product_id=4206","gdl414-25w-backlight-panel-4000k"
"product_id=4207","gdl414-25w-backlight-panel-6500k"
"product_id=4207","gdl414-25w-backlight-panel-6500k"
"product_id=4210","gdl415-30w-backlight-30*60-panel-6500k"
"product_id=4211","gdl415-30w-backlight-panel-3000k"
"product_id=4211","gdl415-30w-backlight-panel-3000k"
"product_id=4209","gdl415-30w-backlight-panel-4000k"
"product_id=4209","gdl415-30w-backlight-panel-4000k"
"product_id=4210","gdl415-30w-backlight-panel-6500k"
"product_id=4214","gdl418-40w-backlight-60*60-led-panel-3000k"
"product_id=4214","gdl418-40w-backlight-60*60-led-panel-3000k"
"product_id=4212","gdl418-40w-backlight-60*60-led-panel-4000k"
"product_id=4212","gdl418-40w-backlight-60*60-led-panel-4000k"
"product_id=4213","gdl418-40w-backlight-60*60-led-panel-6500k"
"product_id=4213","gdl418-40w-backlight-60*60-led-panel-6500k"
"product_id=4217","gdl419-48w-backlight-60*60-led-panel-3000k"
"product_id=4217","gdl419-48w-backlight-60*60-led-panel-3000k"
"product_id=4215","gdl419-48w-backlight-60*60-led-panel-4000k"
"product_id=4215","gdl419-48w-backlight-60*60-led-panel-4000k"
"product_id=4216","gdl419-48w-backlight-60*60-led-panel-6500k"
"product_id=4216","gdl419-48w-backlight-60*60-led-panel-6500k"
"product_id=4218","gdl422-48w-60*60-panel-sıva-altı-ararenk"
"product_id=4219","gdl422-48w-60*60-panel-sıva-altı-beyaz"
"product_id=4220","gdl422-48w-60*60-panel-sıva-altı-günışığı"
"product_id=4221","gdl423-60w-60*60-panel-sıva-altı-ararenk"
"product_id=4222","gdl423-60w-60*60-panel-sıva-altı-beyaz"
"product_id=4223","gdl423-60w-60*60-panel-sıva-altı-günışığı"
"product_id=4226","gdl425-40w-backlight-60*60-led-panel-3000k"
"product_id=4226","gdl425-40w-backlight-60*60-led-panel-3000k"
"product_id=4224","gdl425-40w-backlight-60*60-led-panel-4000k"
"product_id=4224","gdl425-40w-backlight-60*60-led-panel-4000k"
"product_id=4225","gdl425-40w-backlight-60*60-led-panel-6500k"
"product_id=4225","gdl425-40w-backlight-60*60-led-panel-6500k"
"product_id=4255","ges200-3w-candle-led-amp-beyaz"
"product_id=4256","ges200-3w-candle-led-amp-sarı"
"product_id=7731","ges230-20w-torch-led-ampul-beyaz"
"product_id=7731","ges230-20w-torch-led-bulb-white"
"product_id=7715","ges231-30w-torch-led-ampul-beyaz"
"product_id=7715","ges231-30w-torch-led-bulb-white"
"product_id=7714","ges232-40w-torch-led-ampul-beyaz"
"product_id=7714","ges232-40w-torch-led-bulb-white"
"product_id=7716","ges233-50w-torch-led-ampul-beyaz"
"product_id=7716","ges233-50w-torch-led-bulb-white"
"product_id=7970","ges234-60w-led-t-bulb"
"product_id=7970","ges234-60w-torch-led-ampul"
"product_id=7987","ges240-20w-led-crystal-torch-bulb"
"product_id=7987","ges240-20w-led-kristal-torch-ampul"
"product_id=7989","ges241-30w-led-crystal-torch-bulb"
"product_id=7989","ges241-30w-led-kristal-torch-ampul"
"product_id=8004","ges242-40w-led-crystal-torch-bulb"
"product_id=8004","ges242-40w-led-kristal-torch-ampul"
"product_id=8005","ges243-50w-led-crystal-torch-bulb"
"product_id=8005","ges243-50w-led-kristal-torch-ampul"
"product_id=8006","ges244-60w-led-crystal-torch-bulb"
"product_id=8006","ges244-60w-led-kristal-torch-ampul"
"product_id=4257","gfl155-ledli-yatay-arm-20w-beyaz"
"product_id=4258","gfl155-ledli-yatay-arm-20w-günışığı"
"product_id=4259","gfl156-ledli-yatay-arm-40w-beyaz"
"product_id=4259","gfl156-ledli-yatay-arm-40w-beyaz"
"product_id=4260","gfl156-ledli-yatay-arm-40w-günişiği"
"product_id=4260","gfl156-ledli-yatay-arm-40w-günışığı"
"product_id=8022","glf-292-50w-eco-led-projektör"
"product_id=8109","glf292-50w-eco-floodlight"
"product_id=8022","glf292-50w-eco-led-projector"
"product_id=8109","glf292-50w-eco-led-projektör"
"product_id=8023","glf293-100w-eco-led-projector"
"product_id=8023","glf293-100w-eco-led-projektör"
"product_id=8024","glf295-200w-eco-led-projector"
"product_id=8024","glf295-200w-eco-led-projektör"
"product_id=8025","glf296-300w-eco-led-projector"
"product_id=8025","glf296-300w-eco-led-projektör"
"product_id=8026","glf297-400w-eco-led-projector"
"product_id=8026","glf297-400w-eco-led-projektör"
"product_id=8053","global-kes170-9-5w-230v-led-ampul-ararenk"
"product_id=8053","global-kes170-9-5w-230v-led-ampul-ararenk"
"product_id=7717","global-kes170-9-5w-230v-led-ampul-beyaz"
"product_id=7718","global-kes170-9-5w-230v-led-ampul-günişiği"
"product_id=7718","global-kes170-9-5w-230v-led-ampul-warm-white"
"product_id=7717","global-kes170-9-5w-230v-led-bulb-white"
"product_id=7968","global-kes172-15w-220v-led-ampul"
"product_id=7968","global-kes172-15w-220v-led-bulb"
"product_id=7969","global-kes173-18w-220v-led-ampul"
"product_id=7969","global-kes173-18w-220v-led-bulb"
"product_id=4252","global-lotus-amp-55w-e27-sarı"
"product_id=4246","global-midi-spiral-amp-15w-e27-sarı"
"product_id=4232","global-mini-spiral-amp-11w-e27-sarı"
"product_id=4232","global-mini-spiral-amp-11w-e27-sari"
"product_id=4238","global-mini-spiral-amp-15w-e14-sari"
"product_id=4238","global-mini-spiral-amp-15w-e14-sarı"
"product_id=7227","han011-ray-aski-aparati-tekli-asansörlü"
"product_id=7227","han011-ray-aski-aparati-tekli-asansörlü"
"product_id=4261","han012-led-panel-aski-aparati"
"product_id=4262","han013a-led-panel-aski-aparati-bitmiş"
"product_id=4262","han013a-led-panel-aski-aparati-bitmiş"
"product_id=4263","han013b-led-panel-aski-aparati-demonte"
"product_id=4264","han013c-led-panel-aski-aparati-klipin"
"product_id=4265","han013d-led-panel-aski-aparati-alçipan"
"product_id=4266","han015-çerçeve-aparati"
"product_id=4266","han015-kdl414-çerçeve-aparati"
"product_id=4267","han016-kdl415-çerçeve-aparat"
"product_id=4267","han016-kdl415-çerçeve-aparat"
"product_id=4268","han017-kdl490-çerçeve-aparat"
"product_id=4269","han018-kdl491-çerçeve-aparat"
"product_id=5915","han019-bant-arm-birliştirme-aparati"
"product_id=5915","han019-bant-arm-birliştirme-aparati"
"product_id=5916","han021-s-ü-slim-backlight-panel-çerçevesi-30*60-demonte"
"product_id=5916","han021-s-ü-slim-backlight-panel-çerçevesi-30*60-demonte"
"product_id=5917","han022-s-ü-slim-backlight-panel-çerçevesi-30*120-demonte"
"product_id=5917","han022-s-ü-slim-backlight-panel-çerçevesi-30*120-demonte"
"product_id=7268","han023-metal-mandal-farki"
"product_id=7268","han023-metal-mandal-farki"
"product_id=4767","k2-g9-spiral-amp-11w-g9-sarı"
"product_id=4792","k2-j189-amp-40w-r7s-beyaz-1000w"
"product_id=4792","k2-j189-amp-40w-r7s-beyaz-1000w"
"product_id=4793","k2-j189-amp-40w-r7s-sari-1000w"
"product_id=4793","k2-j189-amp-40w-r7s-sarı-1000w"
"product_id=4756","k2-midi-spiral-amp-11w-e27-beyaz"
"product_id=4757","k2-midi-spiral-amp-11w-e27-sarı"
"product_id=4758","k2-midi-spiral-amp-15w-e27-beyaz"
"product_id=4759","k2-midi-spiral-amp-15w-e27-sarı"
"product_id=4743","k2-mini-spiral-amp-11w-e14-sari"
"product_id=4743","k2-mini-spiral-amp-11w-e14-sarı"
"product_id=4747","k2-mini-spiral-amp-13w-e14-sarı"
"product_id=4747","k2-mini-spiral-amp-13w-e14-sari"
"product_id=4752","k2-mini-spiral-amp-15w-e14-sarı"
"product_id=4752","k2-mini-spiral-amp-15w-e14-sari"
"product_id=4753","k2-mini-spiral-amp-15w-e27-ararenk"
"product_id=4753","k2-mini-spiral-amp-15w-e27-ararenk"
"product_id=4790","k2-r50-ref-amp-13w-e27-beyaz"
"product_id=4790","k2-r50-ref-amp-13w-e27-beyaz"
"product_id=4791","k2-r50-ref-amp-13w-e27-sari"
"product_id=4791","k2-r50-ref-amp-13w-e27-sarı"
"product_id=4762","k2-spiral-ampul-9w-e14-sarı"
"product_id=4762","k2-spiral-ampul-9w-e14-sari"
"product_id=4763","k2-spiral-ampul-9w-e27-ararenk"
"product_id=4763","k2-spiral-ampul-9w-e27-ararenk"
"product_id=4765","k2-spiral-ampul-9w-e27-sarı"
"product_id=4765","k2-spiral-ampul-9w-e27-sari"
"product_id=4721","k2-t2-mini-amp-11w-e14-sari"
"product_id=4721","k2-t2-mini-amp-11w-e14-sarı"
"product_id=4725","k2-t2-mini-amp-11w-e27-sarı"
"product_id=4725","k2-t2-mini-amp-11w-e27-sari"
"product_id=4729","k2-t2-mini-amp-13w-e14-sarı"
"product_id=4729","k2-t2-mini-amp-13w-e14-sari"
"product_id=4737","k2-t2-mini-amp-15w-e14-sarı"
"product_id=4737","k2-t2-mini-amp-15w-e14-sari"
"product_id=4768","k2-top-amp-30w-e27-beyaz"
"product_id=4769","k2-top-amp-30w-e27-sarı"
"product_id=4270","kba707-bahçe-arm-60w-e27-cam-şeffaf"
"product_id=4271","kba708-bahçe-arm-60w-e27-cam-şeffaf"
"product_id=8017","kba739-100w-solar-portable-projector-with-speaker"
"product_id=8017","kba739-hoparlörlü-100w-solar-taşinabilir-projektör"
"product_id=8072","kba741-sensörlü-solar-duvar-armatür"
"product_id=8072","kba741-solar-wall-fixture-with-sensor"
"product_id=8074","kba742-sensörlü-solar-duvar-armatür"
"product_id=8074","kba742-solar-wall-fixture-with-sensor"
"product_id=7744","kba744-10w-solar-garden-fixtures"
"product_id=7744","kba744-10w-solarli-bahçe-armatürleri"
"product_id=4272","kba745l-cob-led-bahçe-arm-5w-beyaz"
"product_id=4272","kba745l-cob-led-bahçe-arm-5w-beyaz"
"product_id=4273","kba745l-cob-led-bahçe-arm-5w-günışığı"
"product_id=4273","kba745l-cob-led-bahçe-arm-5w-günışığı"
"product_id=4274","kba745l-cob-led-bahçe-arm-5w-mavi"
"product_id=4274","kba745l-cob-led-bahçe-arm-5w-mavi"
"product_id=4275","kba745l-cob-led-bahçe-arm-5w-yeşil"
"product_id=4275","kba745l-cob-led-bahçe-arm-5w-yeşil"
"product_id=4276","kba746-solar-enerjili-bahçe-armatürü-7w-amber"
"product_id=4276","kba746-solar-enerjili-bahçe-armatürü-7w-amber"
"product_id=4277","kba746-solar-enerjili-bahçe-armatürü-7w-yeşil"
"product_id=4277","kba746-solar-enerjili-bahçe-armatürü-7w-yeşil"
"product_id=5918","kba747-kazikli-çim-armatürü-7w-amber"
"product_id=5918","kba747-kazikli-çim-armatürü-7w-amber"
"product_id=5919","kba747-kazikli-çim-armatürü-7w-gün-işiği"
"product_id=5919","kba747-kazikli-çim-armatürü-7w-gün-işiği"
"product_id=5920","kba747-kazikli-çim-armatürü-7w-mavi"
"product_id=5920","kba747-kazikli-çim-armatürü-7w-mavi"
"product_id=5921","kba747-kazikli-çim-armatürü-7w-yeşil"
"product_id=5921","kba747-kazikli-çim-armatürü-7w-yeşil"
"product_id=7743","kba748-12w-solar-garden-fixtures"
"product_id=7743","kba748-12w-solarli-bahçe-armatürleri"
"product_id=5922","kba749-solarli-duvar-apliği-15w-beyaz"
"product_id=5922","kba749-solarli-duvar-apliği-15w-beyaz"
"product_id=5923","kba750-solarli-duvar-apliği-30w-beyaz"
"product_id=5923","kba750-solarli-duvar-apliği-30w-beyaz"
"product_id=5924","kba751-set-üstü-solar-aplik-30w-beyaz"
"product_id=5924","kba751-set-üstü-solar-aplik-30w-beyaz"
"product_id=5925","kba751-set-üstü-solar-aplik-30w-günişiği"
"product_id=5925","kba751-set-üstü-solar-aplik-30w-günişiği"
"product_id=7447","kba752-nemrut-solar-kamp-feneri-5w-sari"
"product_id=7447","kba752-nemrut-solar-kamp-feneri-5w-sari"
"product_id=7448","kba752-nemrut-solar-kamp-feneri-5w-yeşil"
"product_id=7448","kba752-nemrut-solar-kamp-feneri-5w-yeşil"
"product_id=8030","kba753-50w-usb-li-portatif-solar-kamp-feneri"
"product_id=8030","kba753-portable-solar-camping-lantern-with-usb"
"product_id=7451","kba754-ağri-solar-taşinabilir-projektör-200w-sari"
"product_id=7451","kba754-ağri-solar-taşinabilir-projektör-200w-sari"
"product_id=7452","kba755-akasya-set-üstü-solar-armatür-30w-siyah-kasa"
"product_id=7452","kba755-akasya-set-üstü-solar-armatür-30w-siyah-kasa"
"product_id=7409","kba756-akasya-set-üstü-solar-armatür-60w-siyah-kasa"
"product_id=7409","kba756-akasya-set-üstü-solar-armatür-60w-siyah-kasa"
"product_id=7453","kba757-menekşe-bahçe-solar-armatür-150w-siyah-kasa"
"product_id=7453","kba757-menekşe-bahçe-solar-armatür-150w-siyah-kasa"
"product_id=7454","kba758-menekşe-bahçe-solar-armatür-300w-siyah-kasa"
"product_id=7454","kba758-menekşe-bahçe-solar-armatür-300w-siyah-kasa"
"product_id=7455","kba759-manolya-bahçe-solar-armatür-1w-siyah-kasa"
"product_id=7455","kba759-manolya-bahçe-solar-armatür-1w-siyah-kasa"
"product_id=7456","kba760-e27-kafesli-aplik-siyah-kasa"
"product_id=7456","kba760-e27-kafesli-aplik-siyah-kasa"
"product_id=7457","kba761-e27-kafesli-set-üstü-siyah-kasa"
"product_id=7457","kba761-e27-kafesli-set-üstü-siyah-kasa"
"product_id=7410","kba762-e27-kafesli-bollard-siyah-kasa"
"product_id=7410","kba762-e27-kafesli-bollard-siyah-kasa"
"product_id=7458","kba763-e27-mantar-aplik-siyah-kasa"
"product_id=7458","kba763-e27-mantar-aplik-siyah-kasa"
"product_id=7411","kba764-e27-mantar-set-üstü-siyah-kasa"
"product_id=7411","kba764-e27-mantar-set-üstü-siyah-kasa"
"product_id=7459","kba765-e27-mantar-bollard-siyah-kasa"
"product_id=7459","kba765-e27-mantar-bollard-siyah-kasa"
"product_id=7460","kba766-e27-kule-aplik-siyah-kasa"
"product_id=7460","kba766-e27-kule-aplik-siyah-kasa"
"product_id=7461","kba767-e27-kule-set-üstü-siyah-kasa"
"product_id=7461","kba767-e27-kule-set-üstü-siyah-kasa"
"product_id=7462","kba768-e27-kule-bollard-siyah-kasa"
"product_id=7462","kba768-e27-kule-bollard-siyah-kasa"
"product_id=7463","kba769-e27-kuğu-aplik-siyah-kasa"
"product_id=7463","kba769-e27-kuğu-aplik-siyah-kasa"
"product_id=7464","kba770-e27-kule-set-üstü-siyah-kasa"
"product_id=7464","kba770-e27-kule-set-üstü-siyah-kasa"
"product_id=7465","kba771-e27-kule-bollard-siyah-kasa"
"product_id=7465","kba771-e27-kule-bollard-siyah-kasa"
"product_id=7466","kba772-e27-mega-set-üstü-siyah-kasa"
"product_id=7466","kba772-e27-mega-set-üstü-siyah-kasa"
"product_id=7467","kba773-e27-mega-kafesli-set-üstü-siyah-kasa"
"product_id=7467","kba773-e27-mega-kafesli-set-üstü-siyah-kasa"
"product_id=7468","kba774-e27-ağaç-feneri-beyaz"
"product_id=7468","kba774-e27-ağaç-feneri-beyaz"
"product_id=7469","kba774-e27-ağaç-feneri-kirmizi"
"product_id=7469","kba774-e27-ağaç-feneri-kirmizi"
"product_id=7470","kba774-e27-ağaç-feneri-mavi"
"product_id=7470","kba774-e27-ağaç-feneri-mavi"
"product_id=7471","kba774-e27-ağaç-feneri-sari"
"product_id=7471","kba774-e27-ağaç-feneri-sari"
"product_id=7472","kba774-e27-ağaç-feneri-turuncu"
"product_id=7472","kba774-e27-ağaç-feneri-turuncu"
"product_id=7615","kba775-manolya-bahçe-solar-armatür-1w-siyah-kasa"
"product_id=7615","kba775-manolya-bahçe-solar-armatür-1w-siyah-kasa"
"product_id=7747","kba776-30w-ege-solar-armatürler"
"product_id=7747","kba776-30w-solar-led-garden-fixtures"
"product_id=7748","kba777-30w-ege-solar-armatürler"
"product_id=7748","kba777-30w-solar-led-garden-fixtures"
"product_id=7749","kba778-30w-ege-solar-armatürler"
"product_id=7749","kba778-30w-solar-led-garden-fixtures"
"product_id=7750","kba779-30w-ege-solar-armatürler"
"product_id=7750","kba779-30w-solar-led-garden-fixtures"
"product_id=7751","kba780-30w-marmara-set-üstü-solar-armatürler"
"product_id=7751","kba780-30w-solar-led-garden-fixtures"
"product_id=7752","kba781-60w-marmara-set-üstü-solar-armatürler"
"product_id=7752","kba781-60w-solar-led-garden-fixtures"
"product_id=7753","kba782-90w-marmara-set-üstü-solar-armatürler"
"product_id=7753","kba782-90w-solar-led-garden-fixtures"
"product_id=7754","kba783-10w-solar-garden-fixtures"
"product_id=7754","kba783-10w-solarli-bahçe-armatürleri"
"product_id=7755","kba784-10w-solar-garden-fixtures"
"product_id=7755","kba784-10w-solarli-bahçe-armatürleri"
"product_id=7722","kba785-led-solar-duvar-lambasi"
"product_id=7722","kba785-led-solar-wall-lamp"
"product_id=7737","kba786-20w-solar-led-duvar-lambasi"
"product_id=7737","kba786-20w-solar-wall-light"
"product_id=7738","kba787-akdeniz-set-üstü-armatür"
"product_id=7738","kba787-cube-garden-fixtures"
"product_id=7739","kba788-akdeniz-set-üstü-armatür"
"product_id=7739","kba788-cube-garden-fixtures"
"product_id=7740","kba789-akdeniz-set-üstü-armatür"
"product_id=7740","kba789-cube-garden-fixtures"
"product_id=8016","kba790-30w-counter-top-solar-led-fixture"
"product_id=8016","kba790-30w-set-üstü-solar-led-armatür"
"product_id=8073","kba795-countertop-solar-fixture"
"product_id=8073","kba795-set-üstü-solar-armatür"
"product_id=4278","kba800-wall-sensör-light-3w-amber"
"product_id=4279","kba800-wall-sensör-light-3w-beyaz"
"product_id=4279","kba800-wall-sensör-light-3w-beyaz"
"product_id=4280","kba800-wall-sensör-light-3w-günışığı"
"product_id=4280","kba800-wall-sensör-light-3w-günışığı"
"product_id=4281","kba800-wall-sensör-light-3w-mavi"
"product_id=4281","kba800-wall-sensör-light-3w-mavi"
"product_id=4282","kba800-wall-sensör-light-3w-yeşil"
"product_id=4282","kba800-wall-sensör-light-3w-yeşil"
"product_id=4283","kba801-wall-sensör-light-3w-amber"
"product_id=4284","kba801-wall-sensör-light-3w-beyaz"
"product_id=4284","kba801-wall-sensör-light-3w-beyaz"
"product_id=4285","kba801-wall-sensör-light-3w-günışığı"
"product_id=4285","kba801-wall-sensör-light-3w-günışığı"
"product_id=4286","kba801-wall-sensör-light-3w-mavi"
"product_id=4286","kba801-wall-sensör-light-3w-mavi"
"product_id=4287","kba801-wall-sensör-light-3w-yeşil"
"product_id=4287","kba801-wall-sensör-light-3w-yeşil"
"product_id=4288","kba802-wall-sensör-light-3w-amber"
"product_id=4289","kba802-wall-sensör-light-3w-beyaz"
"product_id=4289","kba802-wall-sensör-light-3w-beyaz"
"product_id=4290","kba802-wall-sensör-light-3w-günışığı"
"product_id=4290","kba802-wall-sensör-light-3w-günışığı"
"product_id=4291","kba802-wall-sensör-light-3w-mavi"
"product_id=4291","kba802-wall-sensör-light-3w-mavi"
"product_id=4292","kba802-wall-sensör-light-3w-yeşil"
"product_id=4292","kba802-wall-sensör-light-3w-yeşil"
"product_id=4293","kba803-wall-sensör-light-3w-amber"
"product_id=4293","kba803-wall-sensör-light-3w-amber"
"product_id=4294","kba803-wall-sensör-light-3w-beyaz"
"product_id=4294","kba803-wall-sensör-light-3w-beyaz"
"product_id=4295","kba803-wall-sensör-light-3w-günışığı"
"product_id=4295","kba803-wall-sensör-light-3w-günışığı"
"product_id=4296","kba803-wall-sensör-light-3w-mavi"
"product_id=4296","kba803-wall-sensör-light-3w-mavi"
"product_id=4297","kba803-wall-sensör-light-3w-yeşil"
"product_id=4297","kba803-wall-sensör-light-3w-yeşil"
"product_id=4298","kba804-wall-sensör-light-3w-amber"
"product_id=4299","kba804-wall-sensör-light-3w-beyaz"
"product_id=4299","kba804-wall-sensör-light-3w-beyaz"
"product_id=4300","kba804-wall-sensör-light-3w-günışığı"
"product_id=4300","kba804-wall-sensör-light-3w-günışığı"
"product_id=4301","kba804-wall-sensör-light-3w-mavi"
"product_id=4301","kba804-wall-sensör-light-3w-mavi"
"product_id=4302","kba804-wall-sensör-light-3w-yeşil"
"product_id=4302","kba804-wall-sensör-light-3w-yeşil"
"product_id=4303","kba805-wall-sensör-light-3w-amber"
"product_id=4304","kba805-wall-sensör-light-3w-beyaz"
"product_id=4304","kba805-wall-sensör-light-3w-beyaz"
"product_id=4305","kba805-wall-sensör-light-3w-günışığı"
"product_id=4305","kba805-wall-sensör-light-3w-günışığı"
"product_id=4306","kba805-wall-sensör-light-3w-mavi"
"product_id=4306","kba805-wall-sensör-light-3w-mavi"
"product_id=4307","kba805-wall-sensör-light-3w-yeşil"
"product_id=4307","kba805-wall-sensör-light-3w-yeşil"
"product_id=4308","kba806-wall-sensör-light-3w-amber"
"product_id=4309","kba806-wall-sensör-light-3w-beyaz"
"product_id=4309","kba806-wall-sensör-light-3w-beyaz"
"product_id=4310","kba806-wall-sensör-light-3w-günışığı"
"product_id=4310","kba806-wall-sensör-light-3w-günışığı"
"product_id=4311","kba806-wall-sensör-light-3w-mavi"
"product_id=4311","kba806-wall-sensör-light-3w-mavi"
"product_id=4312","kba806-wall-sensör-light-3w-yeşil"
"product_id=4312","kba806-wall-sensör-light-3w-yeşil"
"product_id=4313","kba807-wall-sensör-light-3w-amber"
"product_id=4314","kba807-wall-sensör-light-3w-beyaz"
"product_id=4314","kba807-wall-sensör-light-3w-beyaz"
"product_id=4315","kba807-wall-sensör-light-3w-günışığı"
"product_id=4315","kba807-wall-sensör-light-3w-günışığı"
"product_id=4316","kba807-wall-sensör-light-3w-mavi"
"product_id=4316","kba807-wall-sensör-light-3w-mavi"
"product_id=4317","kba807-wall-sensör-light-3w-yeşil"
"product_id=4317","kba807-wall-sensör-light-3w-yeşil"
"product_id=4318","kba808-wall-sensör-light-3w-amber"
"product_id=4319","kba808-wall-sensör-light-3w-beyaz"
"product_id=4319","kba808-wall-sensör-light-3w-beyaz"
"product_id=4320","kba808-wall-sensör-light-3w-günışığı"
"product_id=4320","kba808-wall-sensör-light-3w-günışığı"
"product_id=4321","kba808-wall-sensör-light-3w-mavi"
"product_id=4321","kba808-wall-sensör-light-3w-mavi"
"product_id=4322","kba808-wall-sensör-light-3w-yeşil"
"product_id=4322","kba808-wall-sensör-light-3w-yeşil"
"product_id=4323","kba809-wall-sensör-light-3w-amber"
"product_id=4324","kba809-wall-sensör-light-3w-beyaz"
"product_id=4324","kba809-wall-sensör-light-3w-beyaz"
"product_id=4325","kba809-wall-sensör-light-3w-günışığı"
"product_id=4325","kba809-wall-sensör-light-3w-günışığı"
"product_id=4326","kba809-wall-sensör-light-3w-mavi"
"product_id=4326","kba809-wall-sensör-light-3w-mavi"
"product_id=4327","kba809-wall-sensör-light-3w-yeşil"
"product_id=4327","kba809-wall-sensör-light-3w-yeşil"
"product_id=4328","kba810-wall-sensör-light-3w-amber"
"product_id=4329","kba810-wall-sensör-light-3w-beyaz"
"product_id=4329","kba810-wall-sensör-light-3w-beyaz"
"product_id=4330","kba810-wall-sensör-light-3w-günışığı"
"product_id=4330","kba810-wall-sensör-light-3w-günışığı"
"product_id=4331","kba810-wall-sensör-light-3w-mavi"
"product_id=4331","kba810-wall-sensör-light-3w-mavi"
"product_id=4332","kba810-wall-sensör-light-3w-yeşil"
"product_id=4332","kba810-wall-sensör-light-3w-yeşil"
"product_id=7971","kba816-led-step-light"
"product_id=7971","kba816-sensörlü-led-koridor-armatürü"
"product_id=7972","kba817-sensor-led-strp-light"
"product_id=7972","kba817-sensörlü-led-koridor-armatürü"
"product_id=7973","kba818-sensor-led-step-light"
"product_id=7973","kba818-sensörlü-led-koridor-armatürü"
"product_id=4333","kbl061-a55-kapsüllü-normal-amp-105w-e27"
"product_id=4334","kbl061-hlj-kapsüllü-normal-amp-18w-e27"
"product_id=4335","kbl061-hlj-kapsüllü-normal-amp-28w-e27"
"product_id=4336","kbl061-hlj-kapsüllü-normal-amp-42w-e27"
"product_id=4337","kbl061-hlj-kapsüllü-normal-amp-52w-e27"
"product_id=4338","kbl061-hlj-kapsüllü-normal-amp-70w-e27"
"product_id=4340","kbl067-mantar-gece-amp-e27-kırmızı"
"product_id=4340","kbl067-mantar-gece-amp-e27-kırmızı"
"product_id=4341","kbl067-mantar-gece-amp-e27-mavi"
"product_id=4341","kbl067-mantar-gece-amp-e27-mavi"
"product_id=4342","kbl067-mantar-gece-amp-e27-sarı"
"product_id=4342","kbl067-mantar-gece-amp-e27-sarı"
"product_id=4343","kbl067-mantar-gece-amp-e27-turuncu"
"product_id=4343","kbl067-mantar-gece-amp-e27-turuncu"
"product_id=4344","kbl067-mantar-gece-amp-e27-yeşil"
"product_id=4344","kbl067-mantar-gece-amp-e27-yeşil"
"product_id=7473","kca100-1080p-akilli-kamera-iç-mekan-beyaz"
"product_id=7473","kca100-1080p-akilli-kamera-iç-mekan-beyaz"
"product_id=7474","kca100-1080p-akilli-kamera-iç-mekan-siyah"
"product_id=7474","kca100-1080p-akilli-kamera-iç-mekan-siyah"
"product_id=7475","kca102-1080p-akilli-kamera-diş-mekan-beyaz"
"product_id=7475","kca102-1080p-akilli-kamera-diş-mekan-beyaz"
"product_id=7476","kca103-1080p-akilli-solar-kamera-beyaz"
"product_id=7476","kca103-1080p-akilli-solar-kamera-beyaz"
"product_id=7477","kca104-1080p-akilli-intercom-beyaz"
"product_id=7477","kca104-1080p-akilli-intercom-beyaz"
"product_id=7478","kca105-1080p-akilli-kamerali-ampul-beyaz"
"product_id=7478","kca105-1080p-akilli-kamerali-ampul-beyaz"
"product_id=8050","kcf271-box-fan"
"product_id=8050","kcf271-kut-fan"
"product_id=4345","kcf272-sac-vantilatör-80w"
"product_id=4345","kcf272-sac-vantilatör-80w"
"product_id=4346","kcf272l-ayakli-vantilatör-50w"
"product_id=4346","kcf272l-ayakli-vantilatör-50w"
"product_id=4347","kcf272st-sarhoştip-vantilatör-50w"
"product_id=4347","kcf272st-sarhoştip-vantilatör-50w"
"product_id=4348","kcf275-sanayi-tipi-vantilatör-85w"
"product_id=4348","kcf275-sanayi-tipi-vantilatör-85w"
"product_id=7775","kcf276-130w-ayakli-vantilatör-duvar-ve-masa-kullanimli"
"product_id=7775","kcf276-130w-standing-wall-fan"
"product_id=4349","kcf278-avizeli-vantilatör-60w"
"product_id=4349","kcf278-avizeli-vantilatör-60w"
"product_id=4350","kcf280-avizeli-vantilatör-60w"
"product_id=4350","kcf280-avizeli-vantilatör-60w"
"product_id=4351","kcf281-avizeli-vantilatör-60w"
"product_id=4351","kcf281-avizeli-vantilatör-60w"
"product_id=4352","kcf282-avizeli-vantilatör-60w"
"product_id=4352","kcf282-avizeli-vantilatör-60w"
"product_id=7741","kcf283-60w-decorative-ceiling-fan"
"product_id=7741","kcf283-60w-dekoratif-tavan-vantilatör"
"product_id=7742","kcf284-60w-decorative-ceiling-fan"
"product_id=7742","kcf284-60w-dekoratif-tavan-vantilatör"
"product_id=7735","kcf285-60w-decorative-ceiling-fan"
"product_id=7735","kcf285-60w-dekoratif-tavan-vantilatör"
"product_id=7745","kcf286-60w-decorative-ceiling-fan"
"product_id=7745","kcf286-60w-dekoratif-tavan-vantilatör"
"product_id=7746","kcf287-60w-decorative-ceiling-fan"
"product_id=7746","kcf287-60w-dekoratif-tavan-vantilatör"
"product_id=7756","kcf288-60w-decorative-ceiling-fan"
"product_id=7756","kcf288-60w-dekoratif-tavan-vantilatör"
"product_id=4353","kcf290-130w-sanayi-tipi-vantilatör"
"product_id=4353","kcf290-130w-sanayi-tipi-vantilatör"
"product_id=4354","kcf291-160w-sanayi-tipi-vantilatör"
"product_id=4354","kcf291-160w-sanayi-tipi-vantilatör"
"product_id=4355","kcf292-180w-sanayi-tipi-vantilatör"
"product_id=4355","kcf292-180w-sanayi-tipi-vantilatör"
"product_id=8049","kcf295-desktop-fan"
"product_id=8049","kcf295-masaüstü-fan"
"product_id=8042","kcf296-ledli-uzaktan-kumandali-modern-tavan-vantilatör"
"product_id=8042","kcf296-modern-ceiling-fan-with-led-remote-control"
"product_id=8043","kcf297-ledli-uzaktan-kumandali-modern-tavan-vantilatör"
"product_id=8043","kcf297-modern-ceiling-fan-with-led-remote-control"
"product_id=8044","kcf298-ledli-uzaktan-kumandali-modern-tavan-vantilatör"
"product_id=8044","kcf298-modern-ceiling-fan-with-led-remote-control"
"product_id=8039","kcf300-uzaktan-kumandali-hasir-tavan-vantilatör"
"product_id=8039","kcf300-wicker-ceiling-fan-with-remote-control"
"product_id=8038","kcf301-uzaktan-kumandali-hasir-tavan-vantilatör"
"product_id=8038","kcf301-wicker-ceiling-fan-with-remote-control"
"product_id=8041","kcf302-remote-controlled-metal-decorative-ceiling-fan"
"product_id=8041","kcf302-uzaktan-kumandali-metal-dekoratif-tavan-vantilatör"
"product_id=8047","kcf303-decorative-ceiling-fan-with-remote-control"
"product_id=8047","kcf303-uzaktan-kumandali-dekoratif-tavan-vantilatör"
"product_id=8048","kcf304-decorative-ceiling-fan-with-remote-control"
"product_id=8048","kcf304-uzaktan-kumandali-dekoratif-tavan-vantilatör"
"product_id=8040","kcf305-uzaktan-kumandali-hasir-tavan-vantilatör"
"product_id=8040","kcf305-wicker-ceiling-fan-with-remote-control"
"product_id=8045","kcf306-remote-controlled-led-voice-command-smart-ceiling-fan"
"product_id=8045","kcf306-uzaktan-kumandali-ledli-sesli-komutlu-smart-tavan-vantilatör"
"product_id=8046","kcf307-remote-controlled-led-voice-command-smart-ceiling-fan"
"product_id=8046","kcf307-uzaktan-kumandali-ledli-sesli-komutlu-smart-tavan-vantilatör"
"product_id=8051","kcf308-mobil-sulu-hava-soğutucu"
"product_id=8051","kcf308-mobile-water-air-cooler"
"product_id=4356","kcl001-5050-3çip-silikonsuz-30-led-şerit"
"product_id=4356","kcl001-5050-3çip-silikonsuz-30-led-şerit"
"product_id=4363","kcl002-3528-silikonlu-60-ledli-şerit"
"product_id=4363","kcl002-3528-silikonlu-60-ledli-şerit"
"product_id=4369","kcl003-5050-3çip-silikonlu-60-led-şerit"
"product_id=4369","kcl003-5050-3çip-silikonlu-60-led-şerit"
"product_id=4376","kcl004-3528-silikonsuz-60-ledli-şerit"
"product_id=4376","kcl004-3528-silikonsuz-60-ledli-şerit"
"product_id=4382","kcl005-5050-3çip-silikonsuz-60-led-şerit-sarı"
"product_id=4382","kcl005-5050-3çip-silikonsuz-60-led-şerit-sarı"
"product_id=4393","kcl006-3528-220v-silikonlu-60ledli-şerit"
"product_id=4393","kcl006-3528-220v-silikonlu-60ledli-şerit"
"product_id=4394","kcl007-3535-220v-3çipli-silikonlu-60ledli-şerit"
"product_id=4394","kcl007-3535-220v-3çipli-silikonlu-60ledli-şerit"
"product_id=4401","kcl008-5050-3çip-silikonlu-30-led-şerit"
"product_id=4401","kcl008-5050-3çip-silikonlu-30-led-şerit"
"product_id=4408","kcl009-2835-silikonlu-60-led-şerit"
"product_id=4408","kcl009-2835-silikonlu-60-led-şerit"
"product_id=4410","kcl010-2835-silikonsuz-60-led-şerit"
"product_id=4410","kcl010-2835-silikonsuz-60-led-şerit"
"product_id=7759","kcl013-10w-12v-neon-led"
"product_id=7759","kcl013-10w-12v-neon-led-strip"
"product_id=7960","kcl014-24v-led-strip-with-lens"
"product_id=7960","kcl014-24v-lensli-led-şerit"
"product_id=4412","kcl015-3014-230v-72smd"
"product_id=4412","kcl015-3014-230v-72smd"
"product_id=4413","kcl015-3014-230v-72smd-günışığı"
"product_id=4413","kcl015-3014-230v-72smd-günışığı"
"product_id=7965","kcl016-2835-220v-neon-led-şerit"
"product_id=7965","kcl016-2835-220v-neon-led-şerit"
"product_id=4414","kcl016-2835-220v-neon-led-şerit-beyaz"
"product_id=4414","kcl016-2835-220v-neon-led-şerit-beyaz"
"product_id=4425","kcl017-5730-silikonsuz-60-led-şerit-mavi"
"product_id=4425","kcl017-5730-silikonsuz-60-led-şerit-mavi"
"product_id=4428","kcl018-5730-silikonlu-60-led-şerit"
"product_id=4428","kcl018-5730-silikonlu-60-led-şerit"
"product_id=7981","kcl019-2835-12v-neon-led-şerit"
"product_id=7981","kcl019-2835-12v-neon-led-strip"
"product_id=4434","kcl020-5630-0-2w-72-led"
"product_id=4434","kcl020-5630-0-2w-72-led"
"product_id=5927","kcl022-2835-gold-iç-mekan-led-şerit-12v-silikonsuz"
"product_id=5927","kcl022-2835-gold-iç-mekan-led-şerit-12v-silikonsuz-18w"
"product_id=5932","kcl023-2835-gold-diş-mekan-led-şerit-12v-silikonlu-18w"
"product_id=5932","kcl023-2835-gold-diş-mekan-led-şerit-12v-silikonlu-18w"
"product_id=7757","kcl024-8w-220v-diș-mekan-led-șerit"
"product_id=7757","kcl024-8w-high-lumen-led-strip-light"
"product_id=7961","kcl025-2835-12v-1-chip-240led-strip"
"product_id=7961","kcl025-2835-12v-1-çipli-240ledli-şerit"
"product_id=7644","kcl026-2835-220v-neon-led-şerit-rgb-1"
"product_id=7644","kcl026-2835-220v-neon-led-şerit-rgb-1"
"product_id=8057","kcl027-iç-mekan-led-şerit-12v"
"product_id=8057","kcl027-indoor-led-strip-12v"
"product_id=4441","kcl030-5630-modül-led"
"product_id=4441","kcl030-5630-modül-led"
"product_id=7479","kcl040-akilli-şerit-led-12w-rgb"
"product_id=7479","kcl040-akilli-şerit-led-12w-rgb"
"product_id=8067","kcl041-usb-controlled-magic-neon-led"
"product_id=8067","kcl041-usb-li-kumandali-magic-neon-led"
"product_id=7719","kcl050-2835-silikonlu-120-ledli-serit"
"product_id=7719","kcl050-2835-slicone-120-led-strip"
"product_id=8058","kcl051-2835-silicone-240-led-strip"
"product_id=8058","kcl051-2835-silikonlu-240-ledli-şerit"
"product_id=7982","kcl060-220v-cob-neon-led-şerit"
"product_id=7982","kcl060-220v-cob-neon-led-strip"
"product_id=7645","kcl112-24v-120-ledli-şeritled"
"product_id=7645","kcl112-24v-120-ledli-şeritled"
"product_id=7721","kcl120-24v-cob-led-şerit-300-ledli"
"product_id=7721","kcl120-8mm-320-led-strip"
"product_id=4447","kcl336k-kare-led-hortum-72"
"product_id=4447","kcl336k-kare-led-hortum-72"
"product_id=4449","kcl367-220v-led-strip-kablo"
"product_id=4450","kcl368-220v-led-strip-kablo"
"product_id=4450","kcl368-220v-led-strip-kablo"
"product_id=4451","kcl369-220v-led-strip-kablo"
"product_id=4451","kcl369-220v-led-strip-kablo"
"product_id=4452","kcl370-duylu-fiş"
"product_id=4453","kcl371-220v-neon-led-strip-kablo-rgb"
"product_id=4453","kcl371-220v-neon-led-strip-kablo-rgb"
"product_id=7736","kcl372-led-ișikli-hortum-fișler"
"product_id=7736","kcl372-led-strip-sockets"
"product_id=5936","kda4001-etna-kare-s-ü-spot-siyah*gold"
"product_id=5936","kda4001-etna-kare-s-ü-spot-siyah*gold"
"product_id=5937","kda4002-etna-kare-s-ü-spot-siyah*bakir"
"product_id=5937","kda4002-etna-kare-s-ü-spot-siyah*bakir"
"product_id=5938","kda4003-etna-kare-s-ü-spot-siyah*siyah"
"product_id=5938","kda4003-etna-kare-s-ü-spot-siyah*siyah"
"product_id=5939","kda4004-etna-kare-s-ü-spot-siyah*beyaz"
"product_id=5939","kda4004-etna-kare-s-ü-spot-siyah*beyaz"
"product_id=5940","kda4005-etna-kare-s-ü-spot-beyaz*gold"
"product_id=5940","kda4005-etna-kare-s-ü-spot-beyaz*gold"
"product_id=5941","kda4006-etna-kare-s-ü-spot-beyaz*bakir"
"product_id=5941","kda4006-etna-kare-s-ü-spot-beyaz*bakir"
"product_id=5942","kda4007-etna-kare-s-ü-spot-beyaz*siyah"
"product_id=5942","kda4007-etna-kare-s-ü-spot-beyaz*siyah"
"product_id=5943","kda4008-etna-kare-s-ü-spot-beyaz*beyaz"
"product_id=5943","kda4008-etna-kare-s-ü-spot-beyaz*beyaz"
"product_id=5944","kda4009-etna-yuvarlak-s-ü-spot-siyah*gold"
"product_id=5944","kda4009-etna-yuvarlak-s-ü-spot-siyah*gold"
"product_id=5945","kda4010-etna-yuvarlak-s-ü-spot-siyah*bakir"
"product_id=5945","kda4010-etna-yuvarlak-s-ü-spot-siyah*bakir"
"product_id=5946","kda4011-etna-yuvarlak-s-ü-spot-siyah*siyah"
"product_id=5946","kda4011-etna-yuvarlak-s-ü-spot-siyah*siyah"
"product_id=5947","kda4012-etna-yuvarlak-s-ü-spot-siyah*beyaz"
"product_id=5947","kda4012-etna-yuvarlak-s-ü-spot-siyah*beyaz"
"product_id=5948","kda4013-etna-yuvarlak-s-ü-spot-beyaz*gold"
"product_id=5948","kda4013-etna-yuvarlak-s-ü-spot-beyaz*gold"
"product_id=5949","kda4014-etna-yuvarlak-s-ü-spot-beyaz*bakir"
"product_id=5949","kda4014-etna-yuvarlak-s-ü-spot-beyaz*bakir"
"product_id=5950","kda4015-etna-yuvarlak-s-ü-spot-beyaz*siyah"
"product_id=5950","kda4015-etna-yuvarlak-s-ü-spot-beyaz*siyah"
"product_id=5951","kda4016-etna-yuvarlak-s-ü-spot-beyaz*beyaz"
"product_id=5951","kda4016-etna-yuvarlak-s-ü-spot-beyaz*beyaz"
"product_id=4454","kda481-saç-pluton-12*50w-gu5-3-beyaz"
"product_id=4454","kda481-saç-pluton-12*50w-gu5-3-beyaz"
"product_id=4455","kda481-saç-pluton-12*50w-gu5-3-krom"
"product_id=4456","kda481-saç-pluton-12*50w-gu5-3-saten"
"product_id=4457","kda502c-5inç-camli-down-e27-krom"
"product_id=5952","kda555-rozanslipar30-spot-e27-beyaz"
"product_id=5952","kda555-rozanslipar30-spot-e27-beyaz"
"product_id=4458","kda556-rozansli-par30-spot-e27-gri"
"product_id=4458","kda556-rozansli-par30-spot-e27-gri"
"product_id=4459","kda557-ray-soket-par30-spot-beyaz"
"product_id=4460","kda558-ray-soketli-par30-spot-gri"
"product_id=7414","kda560-rozansli-par30-spot-siyah"
"product_id=7414","kda560-rozansli-par30-spot-siyah"
"product_id=5954","kda710-6w-jupiter-led-aplik-alm-kasa-günişiği"
"product_id=5954","kda710-6w-jupiter-led-aplik-alm-kasa-günişiği"
"product_id=5953","kda710-led-duvar-aplik"
"product_id=5953","kda710-led-wall-fixture"
"product_id=5955","kda711-6w-neptün-led-aplik-alm-kasa-beyaz"
"product_id=5955","kda711-6w-neptün-led-aplik-alm-kasa-beyaz"
"product_id=5956","kda711-6w-neptün-led-aplik-alm-kasa-günişiği"
"product_id=5956","kda711-6w-neptün-led-aplik-alm-kasa-günişiği"
"product_id=5957","kda712-3w-venüs-led-aplik-alm-kasa-beyaz"
"product_id=5957","kda712-3w-venüs-led-aplik-alm-kasa-beyaz"
"product_id=5958","kda712-3w-venüs-led-aplik-alm-kasa-günişiği"
"product_id=5958","kda712-3w-venüs-led-aplik-alm-kasa-günişiği"
"product_id=5960","kda713-12w-pluton-led-aplik-alm-kasa-günişiği"
"product_id=5960","kda713-12w-pluton-led-aplik-alm-kasa-günişiği"
"product_id=5959","kda713-kare-led-duvar-aplik"
"product_id=5959","kda713-led-wall-fixture"
"product_id=5961","kda714-12w-mars-led-aplik"
"product_id=5961","kda714-12w-mars-yuvarlak-led-aplik"
"product_id=5962","kda714-12w-pluton-led-aplik-alm-kasa-günişiği"
"product_id=5962","kda714-12w-pluton-led-aplik-alm-kasa-günişiği"
"product_id=5963","kda715-3w-venüs-led-aplik-2-li-usb-li-siyah-kasa-beyaz-işik"
"product_id=5963","kda715-3w-venüs-led-aplik-2-li-usb-li-siyah-kasa-beyaz-işik"
"product_id=5964","kda715-3w-venüs-led-aplik-2-li-usb-li-siyah-kasa-günişiği"
"product_id=5964","kda715-3w-venüs-led-aplik-2-li-usb-li-siyah-kasa-günişiği"
"product_id=7652","kda716-3w-venüs-led-aplik-alm-kasa-günişiği-1"
"product_id=7652","kda716-3w-venüs-led-aplik-alm-kasa-günişiği-1"
"product_id=7651","kda716-led-duvar-aplik"
"product_id=7651","kda716-led-wall-fixture"
"product_id=7760","kda730-led-duvar-aplik"
"product_id=7760","kda730-led-wall-fixtures"
"product_id=7761","kda731-led-duvar-aplik"
"product_id=7761","kda731-led-wall-fixtures"
"product_id=8019","kda732-decorative-led-wall-lamp"
"product_id=8019","kda732-dekoratif-led-aplik"
"product_id=7762","kda733-dekoratif-led-aplik"
"product_id=7762","kda733-led-wall-fixtures"
"product_id=7763","kda734-dekoratif-led-aplik"
"product_id=7763","kda734-led-wall-fixtures"
"product_id=7764","kda735-kare-led-aplik"
"product_id=7764","kda735-led-wall-fixtures"
"product_id=7765","kda736-led-wall-fixtures"
"product_id=7765","kda736-yuvarlak-led-aplik"
"product_id=8020","kda737-decorative-led-wall-lamp"
"product_id=8020","kda737-dekoratif-led-aplik"
"product_id=8104","kda738-led-duvar-aplik"
"product_id=8104","kda738-led-wall-fixture"
"product_id=8103","kda739-led-duvar-aplik"
"product_id=8103","kda739-led-wall-fixture"
"product_id=7766","kda740-4w-led-wall-fixtures"
"product_id=7766","kda740-4w-merkür-led-aplik"
"product_id=7767","kda741-6w-led-wall-fixtures"
"product_id=7767","kda741-6w-merkür-led-aplik"
"product_id=8055","kda742-led-duvar-aplik"
"product_id=8055","kda742-led-wall-fixture"
"product_id=7768","kda743-6w-led-wall-fixtures"
"product_id=7768","kda743-6w-venüs-led-aplik"
"product_id=7769","kda744-6w-led-wall-fixtures"
"product_id=7769","kda744-6w-venüs-led-aplik"
"product_id=7770","kda750-4w-led-wall-fixtures"
"product_id=7770","kda750-4w-star-led-aplik"
"product_id=7771","kda751-led-duvar-aplik"
"product_id=7771","kda751-led-wall-fixtures"
"product_id=7772","kda752-6w-led-wall-fixtures"
"product_id=7772","kda752-6w-star-led-aplik"
"product_id=7773","kda753-5w-led-wall-fixtures"
"product_id=7773","kda753-5w-star-led-aplik"
"product_id=7774","kda754-4w-led-wall-fixtures"
"product_id=7774","kda754-4w-star-led-aplik"
"product_id=8021","kda756-diş-mekan-led-duvar-armatürü"
"product_id=8021","kda756-outdoor-led-wall-lamp"
"product_id=7978","kda757-led-diş-mekan-duvar-armatürü"
"product_id=7978","kda757-outdoor-wall-fixture"
"product_id=8102","kda759-led-duvar-aplik"
"product_id=8102","kda759-led-wall-fixture"
"product_id=8101","kda760-led-duvar-aplik"
"product_id=8101","kda760-led-wall-fixture"
"product_id=4461","kda800-halojen-spot-12*50w-gu5-3"
"product_id=4462","kda801-halojen-spot-12*50w-gu5-3"
"product_id=4463","kda802-halojen-spot-12*50w-gu5-3"
"product_id=4464","kda820-hlj-ayna-spot-12*50w-gu5-3-beyaz"
"product_id=4464","kda820-hlj-ayna-spot-12*50w-gu5-3-beyaz"
"product_id=4465","kda821-hlj-ayna-spot-12*50w-gu5-3-beyaz"
"product_id=4465","kda821-hlj-ayna-spot-12*50w-gu5-3-beyaz"
"product_id=5965","kda822-50w-gu5-3-kare-cam-spot-siyah"
"product_id=5965","kda822-50w-gu5-3-kare-cam-spot-siyah"
"product_id=5966","kda823-50w-gu5-3-yuvarlak-cam-spot-siyah"
"product_id=5966","kda823-50w-gu5-3-yuvarlak-cam-spot-siyah"
"product_id=5967","kda824-50w-gu5-3-kare-siyah-metal-spot"
"product_id=5967","kda824-50w-gu5-3-kare-siyah-metal-spot"
"product_id=5968","kda825-50w-gu5-3-yuvarlak-siyah-metal-spot"
"product_id=5968","kda825-50w-gu5-3-yuvarlak-siyah-metal-spot"
"product_id=4466","kda826-2*26w-yatay-camsiz-down-e27-beyaz"
"product_id=4467","kda826c-2*26w-yatay-camsiz-down-e27-krom"
"product_id=4468","kda826s-2*26w-yatay-camsiz-down-e27-saten"
"product_id=5969","kda827-50w-gu5-3-kare-metal-spot-beyaz"
"product_id=5969","kda827-50w-gu5-3-kare-metal-spot-beyaz"
"product_id=5970","kda828-50w-gu5-3-yuvarlak-metal-spot-beyaz"
"product_id=5970","kda828-50w-gu5-3-yuvarlak-metal-spot-beyaz"
"product_id=5971","kda829-suna-yuvarlak-spot-siyah*siyah"
"product_id=5971","kda829-suna-yuvarlak-spot-siyah*siyah"
"product_id=5972","kda830-suna-yuvarlak-spot-siyah*beyaz"
"product_id=5972","kda830-suna-yuvarlak-spot-siyah*beyaz"
"product_id=5973","kda831-suna-yuvarlak-spot-siyah*gold"
"product_id=5973","kda831-suna-yuvarlak-spot-siyah*gold"
"product_id=5974","kda832-suna-yuvarlak-spot-siyah*krom"
"product_id=5974","kda832-suna-yuvarlak-spot-siyah*krom"
"product_id=5975","kda833-anka-yuvarlak-spot-beyaz*beyaz"
"product_id=5975","kda833-anka-yuvarlak-spot-beyaz*beyaz"
"product_id=5976","kda834-anka-yuvarlak-spot-beyaz*siyah"
"product_id=5976","kda834-anka-yuvarlak-spot-beyaz*siyah"
"product_id=5977","kda835-anka-yuvarlak-spot-beyaz*gold"
"product_id=5977","kda835-anka-yuvarlak-spot-beyaz*gold"
"product_id=5978","kda836-anka-yuvarlak-spot-beyaz*krom"
"product_id=5978","kda836-anka-yuvarlak-spot-beyaz*krom"
"product_id=5979","kda837-himalaya-kare-spot-siyah*beyaz"
"product_id=5979","kda837-himalaya-kare-spot-siyah*beyaz"
"product_id=5980","kda838-himalaya-kare-spot-siyah*siyah"
"product_id=5980","kda838-himalaya-kare-spot-siyah*siyah"
"product_id=5981","kda839-himalaya-kare-spot-siyah*gold"
"product_id=5981","kda839-himalaya-kare-spot-siyah*gold"
"product_id=5982","kda840-himalaya-kare-spot-siyah*krom"
"product_id=5982","kda840-himalaya-kare-spot-siyah*krom"
"product_id=5983","kda841-everest-kare-spot-beyaz*beyaz"
"product_id=5983","kda841-everest-kare-spot-beyaz*beyaz"
"product_id=5984","kda842-everest-kare-spot-beyaz*siyah"
"product_id=5984","kda842-everest-kare-spot-beyaz*siyah"
"product_id=5985","kda843-everest-kare-spot-beyaz*gold"
"product_id=5985","kda843-everest-kare-spot-beyaz*gold"
"product_id=5986","kda844-everest-kare-spot-beyaz*krom"
"product_id=5986","kda844-everest-kare-spot-beyaz*krom"
"product_id=5987","kda845-inci-kare-aluminyum-spot-saten"
"product_id=5987","kda845-inci-kare-aluminyum-spot-saten"
"product_id=5988","kda846-inci-yuvarlak-aluminyum-spot-saten"
"product_id=5988","kda846-inci-yuvarlak-aluminyum-spot-saten"
"product_id=5989","kda847-2-li-inci-kare-aluminyum-spot-siyah"
"product_id=5989","kda847-2-li-inci-kare-aluminyum-spot-siyah"
"product_id=5990","kda848-2-li-inci-kare-aluminyum-spot-saten"
"product_id=5990","kda848-2-li-inci-kare-aluminyum-spot-saten"
"product_id=5991","kda849-2-li-inci-kare-aluminyum-spot-beyaz"
"product_id=5991","kda849-2-li-inci-kare-aluminyum-spot-beyaz"
"product_id=7480","kda850-mercekli-linear-arm-s-a-beyaz-kasa-10w-ararenk"
"product_id=7480","kda850-mercekli-linear-arm-s-a-beyaz-kasa-10w-ararenk"
"product_id=7481","kda850-mercekli-linear-arm-s-a-beyaz-kasa-10w-beyaz"
"product_id=7481","kda850-mercekli-linear-arm-s-a-beyaz-kasa-10w-beyaz"
"product_id=7482","kda850-mercekli-linear-arm-s-a-beyaz-kasa-10w-günişiği"
"product_id=7482","kda850-mercekli-linear-arm-s-a-beyaz-kasa-10w-günişiği"
"product_id=7483","kda850-mercekli-linear-arm-s-a-siyah-kasa-10w-ararenk"
"product_id=7483","kda850-mercekli-linear-arm-s-a-siyah-kasa-10w-ararenk"
"product_id=7484","kda850-mercekli-linear-arm-s-a-siyah-kasa-10w-beyaz"
"product_id=7484","kda850-mercekli-linear-arm-s-a-siyah-kasa-10w-beyaz"
"product_id=7485","kda850-mercekli-linear-arm-s-a-siyah-kasa-10w-günişiği"
"product_id=7485","kda850-mercekli-linear-arm-s-a-siyah-kasa-10w-günişiği"
"product_id=7415","kda851-mercekli-linear-arm-s-a-beyaz-kasa-20w-ararenk"
"product_id=7415","kda851-mercekli-linear-arm-s-a-beyaz-kasa-20w-ararenk"
"product_id=7416","kda851-mercekli-linear-arm-s-a-beyaz-kasa-20w-beyaz"
"product_id=7416","kda851-mercekli-linear-arm-s-a-beyaz-kasa-20w-beyaz"
"product_id=7417","kda851-mercekli-linear-arm-s-a-beyaz-kasa-20w-günişiği"
"product_id=7417","kda851-mercekli-linear-arm-s-a-beyaz-kasa-20w-günişiği"
"product_id=7418","kda851-mercekli-linear-arm-s-a-siyah-kasa-20w-ararenk"
"product_id=7418","kda851-mercekli-linear-arm-s-a-siyah-kasa-20w-ararenk"
"product_id=7419","kda851-mercekli-linear-arm-s-a-siyah-kasa-20w-beyaz"
"product_id=7419","kda851-mercekli-linear-arm-s-a-siyah-kasa-20w-beyaz"
"product_id=7420","kda851-mercekli-linear-arm-s-a-siyah-kasa-20w-günişiği"
"product_id=7420","kda851-mercekli-linear-arm-s-a-siyah-kasa-20w-günişiği"
"product_id=7421","kda852-mercekli-linear-arm-s-a-beyaz-kasa-30w-ararenk"
"product_id=7421","kda852-mercekli-linear-arm-s-a-beyaz-kasa-30w-ararenk"
"product_id=7422","kda852-mercekli-linear-arm-s-a-beyaz-kasa-30w-beyaz"
"product_id=7422","kda852-mercekli-linear-arm-s-a-beyaz-kasa-30w-beyaz"
"product_id=7423","kda852-mercekli-linear-arm-s-a-beyaz-kasa-30w-günişiği"
"product_id=7423","kda852-mercekli-linear-arm-s-a-beyaz-kasa-30w-günişiği"
"product_id=7424","kda852-mercekli-linear-arm-s-a-siyah-kasa-30w-ararenk"
"product_id=7424","kda852-mercekli-linear-arm-s-a-siyah-kasa-30w-ararenk"
"product_id=7425","kda852-mercekli-linear-arm-s-a-siyah-kasa-30w-beyaz"
"product_id=7425","kda852-mercekli-linear-arm-s-a-siyah-kasa-30w-beyaz"
"product_id=7426","kda852-mercekli-linear-arm-s-a-siyah-kasa-30w-günişiği"
"product_id=7426","kda852-mercekli-linear-arm-s-a-siyah-kasa-30w-günişiği"
"product_id=7776","kda853-inci-kare-aluminyum-spot-3-lü"
"product_id=7776","kda853-square-aluminium-spots-triple"
"product_id=7777","kda854-inci-kare-aluminyum-spot"
"product_id=7777","kda854-square-aluminium-spots"
"product_id=7778","kda855-inci-kare-aluminyum-spot-2-li"
"product_id=7778","kda855-square-aluminium-spots-double"
"product_id=7779","kda856-inci-yuvarlak-aluminyum-spot"
"product_id=7779","kda856-round-aluminium-spots"
"product_id=7780","kda857-aluminium-empty-spot"
"product_id=7780","kda857-yakut-spot"
"product_id=7781","kda858-aluminium-empty-spot"
"product_id=7781","kda858-yakut-spot"
"product_id=7782","kda859-aluminium-empty-spot"
"product_id=7782","kda859-yakut-spot"
"product_id=7783","kda860-aluminium-empty-spot"
"product_id=7783","kda860-yakut-spot"
"product_id=7784","kda861-aras-kare-siva-üstü-spot"
"product_id=7784","kda861-square-surface-spot-lights"
"product_id=7785","kda862-aras-kare-siva-üstü-spot"
"product_id=7785","kda862-square-surface-spot-lights"
"product_id=7786","kda863-aras-kare-siva-üstü-spot"
"product_id=7786","kda863-square-surface-spot-lights"
"product_id=7787","kda864-aras-kare-siva-üstü-spot"
"product_id=7787","kda864-square-surface-spot-lights"
"product_id=7788","kda865-ceyhan-yuvarlak-siva-üstü-spot"
"product_id=7788","kda865-round-surface-spot-lights"
"product_id=7789","kda866-ceyhan-yuvarlak-siva-üstü-spot"
"product_id=7789","kda866-round-surface-spot-lights"
"product_id=7790","kda867-ceyhan-yuvarlak-siva-üstü-spot"
"product_id=7790","kda867-round-surface-spot-lights"
"product_id=7791","kda868-ceyhan-yuvarlak-siva-üstü-spot"
"product_id=7791","kda868-round-surface-spot-lights"
"product_id=7792","kda869-2x5w-çift-yönlü-duvar-apliği"
"product_id=7792","kda869-2x5w-double-side-wall-fixture"
"product_id=7793","kda870-decorative-rail-spots"
"product_id=7793","kda870-nil-ray-spot"
"product_id=7794","kda871-decorative-rail-spots"
"product_id=7794","kda871-nil-ray-spot"
"product_id=7795","kda876-aluminium-empty-spot"
"product_id=7795","kda876-dicle-spot"
"product_id=7796","kda877-aluminium-empty-spot"
"product_id=7796","kda877-dicle-spot"
"product_id=7797","kda878-aluminium-empty-spot"
"product_id=7797","kda878-dicle-spot"
"product_id=7799","kda879-aluminium-empty-spot"
"product_id=7799","kda879-dicle-spot"
"product_id=7798","kda880-aluminium-empty-spot"
"product_id=7798","kda880-dicle-spot"
"product_id=7800","kda881-aluminium-empty-spot"
"product_id=7800","kda881-dicle-spot"
"product_id=7801","kda882-aluminium-empty-spot"
"product_id=7801","kda882-dicle-spot"
"product_id=7802","kda883-aluminium-empty-spot"
"product_id=7802","kda883-dicle-spot"
"product_id=7803","kda910-firat-kare-siva-üstü-spot"
"product_id=7803","kda910-square-surface-spot-lights"
"product_id=7804","kda911-firat-kare-siva-üstü-spot"
"product_id=7804","kda911-square-surface-spot-lights"
"product_id=7805","kda912-firat-kare-siva-üstü-spot"
"product_id=7805","kda912-square-surface-spot-lights"
"product_id=7806","kda913-firat-kare-siva-üstü-spot"
"product_id=7806","kda913-square-surface-spot-lights"
"product_id=7807","kda914-firat-yuvarlak-siva-üstü-spot"
"product_id=7807","kda914-round-surface-spot-lights"
"product_id=7808","kda915-firat-yuvarlak-siva-üstü-spot"
"product_id=7808","kda915-round-surface-spot-lights"
"product_id=7809","kda916-firat-yuvarlak-siva-üstü-spot"
"product_id=7809","kda916-round-surface-spot-lights"
"product_id=7810","kda917-firat-yuvarlak-siva-üstü-spot"
"product_id=7810","kda917-round-surface-spot-lights"
"product_id=4469","kdb271a-uzaktan-kum-zil"
"product_id=4470","kdb271b-uzaktan-kum-zil"
"product_id=4471","kdb271c-uzaktan-kum-zil"
"product_id=4472","kdb271d-uzaktan-kum-zil"
"product_id=8094","kdb271e-remote-controlled-door"
"product_id=8094","kdb271e-uzaktan-kumandali-zil"
"product_id=8093","kdb271f-remote-controlled-door"
"product_id=8093","kdb271f-uzaktan-kumandali-zil"
"product_id=5992","kdf001h-helikopter-sarkit-avize-3-renk-plastik-50cm-e27"
"product_id=5992","kdf001h-helikopter-sarkit-avize-3-renk-plastik-50cm-e27"
"product_id=4474","kdf100-1-18w-dekor-led-tavan-avize"
"product_id=4475","kdf400-2-35w-dekor-led-tavan-avize"
"product_id=4476","kdf700-2-35w-dekor-led-tavan-avize"
"product_id=4477","kdf900-1-18w-dekor-led-tavan-avize"
"product_id=4478","kdf900-2-35w-dekor-led-tavan-avize"
"product_id=4479","kdl006-6w-led-sü-kaset"
"product_id=4480","kdl012-12w-led-sü-kaset"
"product_id=4480","kdl012-12w-led-sü-kaset"
"product_id=4481","kdl018-18w-led-sü-kaset"
"product_id=7990","kdl050-6w-recessed-round-led-backlight-panel"
"product_id=7990","kdl050-6w-siva-alti-yuvarlak-led-backlight-panel"
"product_id=7991","kdl052-12w-recessed-round-led-backlight-panel"
"product_id=7991","kdl052-12w-siva-alti-yuvarlak-led-backlight-panel"
"product_id=7992","kdl053-18w-recessed-round-led-backlight-panel"
"product_id=7992","kdl053-18w-siva-alti-yuvarlak-led-backlight-panel"
"product_id=7993","kdl054-24w-recessed-round-led-backlight-panel"
"product_id=7993","kdl054-24w-siva-alti-yuvarlak-led-backlight-panel"
"product_id=7994","kdl055-6w-recessed-square-led-backlight-panel"
"product_id=7994","kdl055-6w-siva-alti-kare-led-backlight-panel"
"product_id=7995","kdl057-12w-recessed-square-led-backlight-panel"
"product_id=7995","kdl057-12w-siva-alti-kare-led-backlight-panel"
"product_id=7996","kdl058-18w-recessed-square-led-backlight-panel"
"product_id=7996","kdl058-18w-siva-alti-kare-led-backlight-panel"
"product_id=7997","kdl059-24w-recessed-square-led-backlight-panel"
"product_id=7997","kdl059-24w-siva-alti-kare-led-backlight-panel"
"product_id=7998","kdl061-12w-surface-mounted-round-led-backlight-panel"
"product_id=7998","kdl06112w-siva-üstü-yuvarlak-led-backlight-panel"
"product_id=7999","kdl062-18w-siva-üstü-yuvarlak-led-backlight-panel"
"product_id=7999","kdl062-18w-surface-mounted-round-led-backlight-panel"
"product_id=8000","kdl063-24w-siva-üstü-yuvarlak-led-backlight-panel"
"product_id=8000","kdl063-24w-surface-mounted-round-led-backlight-panel"
"product_id=4482","kdl070-smd-ledli-down-arm-8w-beyaz"
"product_id=4483","kdl070-smd-ledli-down-arm-8w-günışığı"
"product_id=4484","kdl071-smd-ledli-down-arm-12w-beyaz"
"product_id=4485","kdl071-smd-ledli-down-arm-12w-günışığı"
"product_id=4486","kdl072-smd-ledli-down-arm-20w-beyaz"
"product_id=4487","kdl072-smd-ledli-down-arm-20w-günışığı"
"product_id=4488","kdl073-smd-ledli-down-arm-30w-beyaz"
"product_id=4488","kdl073-smd-ledli-down-arm-30w-beyaz"
"product_id=4489","kdl073-smd-ledli-down-arm-30w-günışığı"
"product_id=8001","kdl081-12w-siva-üstü-kare-led-backlight-panel"
"product_id=8001","kdl081-12w-surface-mounted-square-led-backlight-panel"
"product_id=8002","kdl082-18w-siva-üstü-kare-led-backlight-panel"
"product_id=8002","kdl082-18w-surface-mounted-square-led-backlight-panel"
"product_id=8003","kdl083-24w-siva-üstü-kare-led-backlight-panel"
"product_id=8003","kdl083-24w-surface-mounted-square-led-backlight-panel"
"product_id=4490","kdl100-gold-2835smd-ledli-spot-5w-beyaz"
"product_id=4491","kdl100-gold-2835smd-ledli-spot-5w-sarı"
"product_id=4492","kdl101-beyaz-2835smd-ledli-spot-5w-beyaz"
"product_id=4493","kdl101-silver-2835smd-ledli-spot-5w-beyaz"
"product_id=4494","kdl101-silver-2835smd-ledli-spot-5w-sarı"
"product_id=4495","kdl102-siyah-2835smd-ledli-spot-5w-beyaz"
"product_id=4496","kdl102-siyah-2835smd-ledli-spot-5w-sarı"
"product_id=4497","kdl103-rosegold-2835smd-ledli-spot-5w-beyaz"
"product_id=4499","kdl104-frenchgold-2835smd-ledli-spot-5w-beyaz"
"product_id=4500","kdl104-frenchgold-2835smd-ledli-spot-5w-sarı"
"product_id=5993","kdl105-yuvarlak-ledli-spot-5w-ararenk"
"product_id=5993","kdl105-yuvarlak-ledli-spot-5w-ararenk"
"product_id=4501","kdl105-yuvarlak-ledli-spot-5w-beyaz"
"product_id=4501","kdl105-yuvarlak-ledli-spot-5w-beyaz"
"product_id=4502","kdl105-yuvarlak-ledli-spot-5w-sarı"
"product_id=4502","kdl105-yuvarlak-ledli-spot-5w-sarı"
"product_id=5994","kdl106-kare-ledli-spot-5w-ararenk"
"product_id=5994","kdl106-kare-ledli-spot-5w-ararenk"
"product_id=4503","kdl106-kare-ledli-spot-5w-beyaz"
"product_id=4503","kdl106-kare-ledli-spot-5w-beyaz"
"product_id=4504","kdl106-kare-ledli-spot-5w-sarı"
"product_id=4504","kdl106-kare-ledli-spot-5w-sarı"
"product_id=5995","kdl107-yuvarlak-cob-ledli-spot-5w-beyaz"
"product_id=5995","kdl107-yuvarlak-cob-ledli-spot-5w-beyaz"
"product_id=5996","kdl107-yuvarlak-cob-ledli-spot-5w-günişiği"
"product_id=5996","kdl107-yuvarlak-cob-ledli-spot-5w-günişiği"
"product_id=5997","kdl108-kare-cob-ledli-spot-5w-beyaz"
"product_id=5997","kdl108-kare-cob-ledli-spot-5w-beyaz"
"product_id=5998","kdl108-kare-cob-ledli-spot-5w-günişiği"
"product_id=5998","kdl108-kare-cob-ledli-spot-5w-günişiği"
"product_id=7940","kdl109-5w-led-spot"
"product_id=7940","kdl109-5w-led-spot-fixtures"
"product_id=7941","kdl110-5w-led-spot"
"product_id=7941","kdl110-5w-led-spot-fixtures"
"product_id=7942","kdl111-5w-led-spot"
"product_id=7942","kdl111-5w-led-spot-fixtures"
"product_id=7943","kdl112-5w-led-spot"
"product_id=7943","kdl112-5w-led-spot-fixtures"
"product_id=7944","kdl113-5w-led-spot"
"product_id=7944","kdl113-5w-led-spot-fixtures"
"product_id=4505","kdl119-smd-ledli-down-arm-20w-beyaz"
"product_id=4505","kdl119-smd-ledli-down-arm-20w-beyaz"
"product_id=4506","kdl119-smd-ledli-down-arm-20w-günişik"
"product_id=4506","kdl119-smd-ledli-down-arm-20w-günişik"
"product_id=4507","kdl217-cob-ledli-down-arm-5w-beyaz"
"product_id=4508","kdl217-cob-ledli-down-arm-5w-günışığı"
"product_id=4509","kdl218-cob-ledli-down-arm-10w-beyaz"
"product_id=4510","kdl218-cob-ledli-down-arm-10w-günışığı"
"product_id=4511","kdl219-cob-ledli-down-arm-15w-beyaz"
"product_id=4512","kdl219-cob-ledli-down-arm-15w-günışığı"
"product_id=4513","kdl243s-saten-cob-ledli-down-10w-4-inc-ararenk"
"product_id=4514","kdl243s-saten-cob-ledli-down-10w-4-inc-beyaz"
"product_id=4515","kdl243s-satn-cob-ledli-down-10w-4inc-günışığı"
"product_id=4516","kdl247-cob-ledli-down-25w-beyaz"
"product_id=4516","kdl247-cob-ledli-down-25w-beyaz"
"product_id=4517","kdl259-cob-ceiling-light-30w-beyaz"
"product_id=4517","kdl259-cob-ceiling-light-30w-beyaz"
"product_id=4518","kdl259-cob-ceiling-light-30w-günışığı"
"product_id=4518","kdl259-cob-ceiling-light-30w-günışığı"
"product_id=4519","kdl269-led-ampul-2w-g4-beyaz"
"product_id=4520","kdl269-led-ampul-2w-g4-günışığı"
"product_id=4521","kdl270-cob-ledli-buji-amp-3w-g9-beyaz"
"product_id=4521","kdl270-cob-ledli-buji-amp-3w-g9-beyaz"
"product_id=4522","kdl270-cob-ledli-buji-amp-3w-g9-günışığı"
"product_id=4523","kdl290-cob-ceiling-light-32w-beyaz"
"product_id=4524","kdl290-cob-ceiling-light-32w-günışığı"
"product_id=4525","kdl310-smd-ledli-down-arm-10w-beyaz"
"product_id=4526","kdl310-smd-ledli-down-arm-10w-günışığı"
"product_id=4527","kdl311-smd-ledli-down-arm-15w-beyaz"
"product_id=4528","kdl311-smd-ledli-down-arm-15w-günışığı"
"product_id=4529","kdl312-cob-ledli-down-arm-20w-beyaz"
"product_id=4530","kdl312-cob-ledli-down-arm-20w-günışığı"
"product_id=7427","kdl320-cob-ledli-down-arm-8w-beyaz"
"product_id=7427","kdl320-cob-ledli-down-arm-8w-beyaz"
"product_id=7428","kdl320-cob-ledli-down-arm-8w-günişiği"
"product_id=7428","kdl320-cob-ledli-down-arm-8w-günişiği"
"product_id=4531","kdl321-cob-ledli-down-arm-10w-beyaz"
"product_id=4532","kdl321-cob-ledli-down-arm-10w-günışığı"
"product_id=4533","kdl322-cob-ledli-down-arm-20w-beyaz"
"product_id=4534","kdl322-cob-ledli-down-arm-20w-günışığı"
"product_id=4535","kdl400-smd-ledli-down-arm-6w-ararenk"
"product_id=4535","kdl400-smd-ledli-down-arm-6w-ararenk"
"product_id=4536","kdl400-smd-ledli-down-arm-6w-beyaz"
"product_id=4536","kdl400-smd-ledli-down-arm-6w-beyaz"
"product_id=4537","kdl400-smd-ledli-down-arm-6w-günışığı"
"product_id=4537","kdl400-smd-ledli-down-arm-6w-günişiği"
"product_id=5999","kdl400b-slim-led-panel-6w-siyah*ararenk"
"product_id=5999","kdl400b-slim-led-panel-6w-siyah*ararenk"
"product_id=6000","kdl400b-slim-led-panel-6w-siyah*beyaz"
"product_id=6000","kdl400b-slim-led-panel-6w-siyah*beyaz"
"product_id=6001","kdl400b-slim-led-panel-6w-siyah*gün-işiği"
"product_id=6001","kdl400b-slim-led-panel-6w-siyah*gün-işiği"
"product_id=4538","kdl400s-saten-kasa-ledli-down-arm-6w-beyaz"
"product_id=4538","kdl400s-saten-kasa-ledli-down-arm-6w-beyaz"
"product_id=4539","kdl400s-saten-kasa-ledli-down-arm-6w-günışığı"
"product_id=4539","kdl400s-saten-kasa-ledli-down-arm-6w-günişiği"
"product_id=4540","kdl401-smd-ledli-down-arm-12w-ararenk"
"product_id=4540","kdl401-smd-ledli-down-arm-12w-ararenk"
"product_id=4541","kdl401-smd-ledli-down-arm-12w-beyaz"
"product_id=4541","kdl401-smd-ledli-down-arm-12w-beyaz"
"product_id=4542","kdl401-smd-ledli-down-arm-12w-günışığı"
"product_id=4542","kdl401-smd-ledli-down-arm-12w-günişiği"
"product_id=6002","kdl401b-slim-led-panel-12w-siyah*ararenk"
"product_id=6002","kdl401b-slim-led-panel-12w-siyah*ararenk"
"product_id=6003","kdl401b-slim-led-panel-12w-siyah*beyaz"
"product_id=6003","kdl401b-slim-led-panel-12w-siyah*beyaz"
"product_id=6004","kdl401b-slim-led-panel-12w-siyah*gün-işiği"
"product_id=6004","kdl401b-slim-led-panel-12w-siyah*gün-işiği"
"product_id=4543","kdl401s-saten-kasa-ledli-down-arm-12w-beyaz"
"product_id=4543","kdl401s-saten-kasa-ledli-down-arm-12w-beyaz"
"product_id=4544","kdl401s-saten-kasa-ledli-down-arm-12w-günişiği"
"product_id=4544","kdl401s-saten-kasa-ledli-down-arm-12w-günışığı"
"product_id=4545","kdl402-smd-ledli-down-arm-15w-ararenk"
"product_id=4545","kdl402-smd-ledli-down-arm-15w-ararenk"
"product_id=4546","kdl402-smd-ledli-down-arm-15w-beyaz"
"product_id=4546","kdl402-smd-ledli-down-arm-15w-beyaz"
"product_id=4547","kdl402-smd-ledli-down-arm-15w-günışığı"
"product_id=4547","kdl402-smd-ledli-down-arm-15w-günişiği"
"product_id=6005","kdl402b-slim-led-panel-15w-siyah*ararenk"
"product_id=6005","kdl402b-slim-led-panel-15w-siyah*ararenk"
"product_id=6006","kdl402b-slim-led-panel-15w-siyah*beyaz"
"product_id=6006","kdl402b-slim-led-panel-15w-siyah*beyaz"
"product_id=6007","kdl402b-slim-led-panel-15w-siyah*gün-işiği"
"product_id=6007","kdl402b-slim-led-panel-15w-siyah*gün-işiği"
"product_id=4548","kdl402s-saten-kasa-ledli-down-arm-15w-beyaz"
"product_id=4548","kdl402s-saten-kasa-ledli-down-arm-15w-beyaz"
"product_id=4549","kdl402s-saten-kasa-ledli-down-arm-15w-günışığı"
"product_id=4549","kdl402s-saten-kasa-ledli-down-arm-15w-günişiği"
"product_id=4550","kdl403-smd-ledli-down-arm-18w-ararenk"
"product_id=4550","kdl403-smd-ledli-down-arm-18w-ararenk"
"product_id=4551","kdl403-smd-ledli-down-arm-18w-beyaz"
"product_id=4551","kdl403-smd-ledli-down-arm-18w-beyaz"
"product_id=4552","kdl403-smd-ledli-down-arm-18w-günişiği"
"product_id=4552","kdl403-smd-ledli-down-arm-18w-günışığı"
"product_id=6008","kdl403b-slim-led-panel-18w-siyah*ararenk"
"product_id=6008","kdl403b-slim-led-panel-18w-siyah*ararenk"
"product_id=6009","kdl403b-slim-led-panel-18w-siyah*beyaz"
"product_id=6009","kdl403b-slim-led-panel-18w-siyah*beyaz"
"product_id=6010","kdl403b-slim-led-panel-18w-siyah*gün-işiği"
"product_id=6010","kdl403b-slim-led-panel-18w-siyah*gün-işiği"
"product_id=4553","kdl403s-saten-kasa-ledli-down-arm-18w-beyaz"
"product_id=4554","kdl403s-saten-kasa-ledli-down-arm-18w-günışığı"
"product_id=4554","kdl403s-saten-kasa-ledli-down-arm-18w-günişiği"
"product_id=4555","kdl404-smd-ledli-down-arm-3w-ararenk"
"product_id=4555","kdl404-smd-ledli-down-arm-3w-ararenk"
"product_id=4556","kdl404-smd-ledli-down-arm-3w-beyaz"
"product_id=4556","kdl404-smd-ledli-down-arm-3w-beyaz"
"product_id=4557","kdl404-smd-ledli-down-arm-3w-günişiği"
"product_id=4557","kdl404-smd-ledli-down-arm-3w-günışığı"
"product_id=6012","kdl404b-slim-led-panel-3w-black"
"product_id=6012","kdl404b-slim-led-panel-3w-siyah"
"product_id=6011","kdl404b-slim-led-panel-3w-siyah*ararenk"
"product_id=6011","kdl404b-slim-led-panel-3w-siyah*ararenk"
"product_id=6013","kdl404b-slim-led-panel-3w-siyah*gün-işiği"
"product_id=6013","kdl404b-slim-led-panel-3w-siyah*gün-işiği"
"product_id=4558","kdl404s-saten-kasa-ledli-down-arm-3w-beyaz"
"product_id=4558","kdl404s-saten-kasa-ledli-down-arm-3w-beyaz"
"product_id=4559","kdl404s-saten-kasa-ledli-down-arm-3w-günişiği"
"product_id=4559","kdl404s-saten-kasa-ledli-down-arm-3w-günışığı"
"product_id=4560","kdl405-9w-slim-round-panel-ararenk"
"product_id=4560","kdl405-9w-slim-round-panel-ararenk"
"product_id=4561","kdl405-9w-slim-round-panel-beyaz"
"product_id=4561","kdl405-9w-slim-round-panel-beyaz"
"product_id=4562","kdl405-9w-slim-round-panel-gunisigi"
"product_id=4562","kdl405-9w-slim-round-panel-günışığı"
"product_id=6014","kdl405b-slim-led-panel-9w-siyah*ararenk"
"product_id=6014","kdl405b-slim-led-panel-9w-siyah*ararenk"
"product_id=6015","kdl405b-slim-led-panel-9w-siyah*beyaz"
"product_id=6015","kdl405b-slim-led-panel-9w-siyah*beyaz"
"product_id=6016","kdl405b-slim-led-panel-9w-siyah*gün-işiği"
"product_id=6016","kdl405b-slim-led-panel-9w-siyah*gün-işiği"
"product_id=4563","kdl407-25w-slim-round-panel-ararenk"
"product_id=4564","kdl407-25w-slim-round-panel-beyaz"
"product_id=4565","kdl407-25w-slim-round-panel-günışığı"
"product_id=6017","kdl407b-slim-led-panel-24w-siyah*ararenk"
"product_id=6017","kdl407b-slim-led-panel-24w-siyah*ararenk"
"product_id=6018","kdl407b-slim-led-panel-24w-siyah*beyaz"
"product_id=6018","kdl407b-slim-led-panel-24w-siyah*beyaz"
"product_id=6019","kdl407b-slim-led-panel-24w-siyah*gün-işiği"
"product_id=6019","kdl407b-slim-led-panel-24w-siyah*gün-işiği"
"product_id=4566","kdl409-smd-ledli-down-arm-22w-ararenk"
"product_id=4566","kdl409-smd-ledli-down-arm-22w-ararenk"
"product_id=4567","kdl409-smd-ledli-down-arm-22w-beyaz"
"product_id=4567","kdl409-smd-ledli-down-arm-22w-beyaz"
"product_id=4568","kdl409-smd-ledli-down-arm-22w-günışığı"
"product_id=4568","kdl409-smd-ledli-down-arm-22w-günişiği"
"product_id=4569","kdl410-smd-ledli-down-arm-3w-ararenk"
"product_id=4569","kdl410-smd-ledli-down-arm-3w-ararenk"
"product_id=4570","kdl410-smd-ledli-down-arm-3w-beyaz"
"product_id=4570","kdl410-smd-ledli-down-arm-3w-beyaz"
"product_id=4571","kdl410-smd-ledli-down-arm-3w-günişiği"
"product_id=4571","kdl410-smd-ledli-down-arm-3w-günışığı"
"product_id=4572","kdl411-smd-ledli-down-arm-6w-ararenk"
"product_id=4572","kdl411-smd-ledli-down-arm-6w-ararenk"
"product_id=4573","kdl411-smd-ledli-down-arm-6w-beyaz"
"product_id=4573","kdl411-smd-ledli-down-arm-6w-beyaz"
"product_id=4574","kdl411-smd-ledli-down-arm-6w-gunisigi"
"product_id=4574","kdl411-smd-ledli-down-arm-6w-günışığı"
"product_id=4575","kdl412-smd-ledli-down-arm-12w-ararenk"
"product_id=4575","kdl412-smd-ledli-down-arm-12w-ararenk"
"product_id=4576","kdl412-smd-ledli-down-arm-12w-beyaz"
"product_id=4576","kdl412-smd-ledli-down-arm-12w-beyaz"
"product_id=4577","kdl412-smd-ledli-down-arm-12w-günışığı"
"product_id=4577","kdl412-smd-ledli-down-arm-12w-günişiği"
"product_id=4578","kdl413-smd-ledli-down-arm-16w-ararenk"
"product_id=4578","kdl413-smd-ledli-down-arm-16w-ararenk"
"product_id=4579","kdl413-smd-ledli-down-arm-16w-beyaz"
"product_id=4579","kdl413-smd-ledli-down-arm-16w-beyaz"
"product_id=4580","kdl413-smd-ledli-down-arm-16w-günışığı"
"product_id=4580","kdl413-smd-ledli-down-arm-16w-günişiği"
"product_id=4581","kdl414-smd-ledli-panel-down-18w-ararenk-silver-kasa"
"product_id=4581","kdl414-smd-ledli-panel-down-18w-ararenk-silver-kasa"
"product_id=4582","kdl414-smd-ledli-panel-down-18w-beyaz-silver-kasa"
"product_id=4582","kdl414-smd-ledli-panel-down-18w-beyaz-silver-kasa"
"product_id=4583","kdl414-smd-ledli-panel-down-18w-günişiği-silver-kasa"
"product_id=4583","kdl414-smd-ledli-panel-down-18w-günışığı-silver-kasa"
"product_id=7889","kdl4140-1-36w-slim-backlight-panels"
"product_id=7889","kdl4140-1-36w-slim-backlight-siva-alti-armatür"
"product_id=7816","kdl4140-enec25w-3000k-slim-backlight-panels"
"product_id=7814","kdl4140-enec25w-slim-backlight-panels"
"product_id=7814","kdl4140-enec25wbeyaz-slim-backlight-siva-alti-armatür"
"product_id=7816","kdl4140-enec25wgunisk-3000k-slim-backlight-siva-alti-armatür"
"product_id=7819","kdl4140-enec30w-3000k-slim-backlight-panels"
"product_id=7818","kdl4140-enec30w-6500k-slim-backlight-panels"
"product_id=7818","kdl4140-enec30wbeyaz-6500k-slim-backlight-siva-alti-armatür"
"product_id=7819","kdl4140-enec30wgunisk-3000k-slim-backlight-siva-alti-armatür"
"product_id=7823","kdl4140-enec40w-3000k-slim-backlight-panels"
"product_id=7822","kdl4140-enec40w-6500k-slim-backlight-panels"
"product_id=7822","kdl4140-enec40wbeyaz-6500k-slim-backlight-siva-alti-armatür"
"product_id=7823","kdl4140-enec40wgunisk-3000k-slim-backlight-siva-alti-armatür"
"product_id=7827","kdl4140-k240w-3000k-slim-backlight-panels"
"product_id=7826","kdl4140-k240w-6500k-slim-backlight-panels"
"product_id=7826","kdl4140-k240wbeyaz-6500k-slim-backlight-siva-alti-armatür"
"product_id=7827","kdl4140-k240wgunisk-6500k-slim-backlight-siva-alti-armatür"
"product_id=7429","kdl4140-led-backlight-arm-40w-ararenk"
"product_id=7429","kdl4140-led-backlight-arm-40w-ararenk"
"product_id=7430","kdl4140-led-backlight-arm-40w-beyaz"
"product_id=7430","kdl4140-led-backlight-arm-40w-beyaz"
"product_id=7431","kdl4140-led-backlight-arm-40w-günişiği"
"product_id=7431","kdl4140-led-backlight-arm-40w-günişiği"
"product_id=7817","kdl4140-phl25w-3000k-slim-backlight-panels"
"product_id=7815","kdl4140-phl25w-slim-backlight-panels"
"product_id=7815","kdl4140-phl25wbeyaz-slim-backlight-siva-alti-armatür"
"product_id=7817","kdl4140-phl25wgunisk-3000k-slim-backlight-siva-alti-armatür"
"product_id=7821","kdl4140-phl30w-4000k-slim-backlight-panels"
"product_id=7820","kdl4140-phl30w-6500k-slim-backlight-panels"
"product_id=7820","kdl4140-phl30wbeyaz-6500k-slim-backlight-siva-alti-armatür"
"product_id=7821","kdl4140-phl30wgunisk-4000k-slim-backlight-siva-alti-armatür"
"product_id=7825","kdl4140-phl40w-3000k-slim-backlight-panels"
"product_id=7824","kdl4140-phl40w-6500k-slim-backlight-panels"
"product_id=7824","kdl4140-phl40wbeyaz-6500k-slim-backlight-siva-alti-armatür"
"product_id=7825","kdl4140-phl40wgunisk-3000k-slim-backlight-siva-alti-armatür"
"product_id=8064","kdl4142-60x60-slim-compact-panel"
"product_id=8064","kdl4142-60x60-slim-kompakt-panel"
"product_id=4584","kdl415-smd-ledli-pan-down-byz-kasa-20w-ararenk"
"product_id=4585","kdl415-smd-ledli-pan-down-byz-kasa-20w-beyaz"
"product_id=4586","kdl415-smd-ledli-pan-down-byz-kasa-20w-günışığı"
"product_id=4587","kdl415-smd-ledli-pan-down-silver-kasa-20w-ararenk"
"product_id=4588","kdl415-smd-ledli-pan-down-silver-kasa-20w-beyaz"
"product_id=4589","kdl415-smd-ledli-pan-down-silver-kasa-20w-günışığı"
"product_id=4590","kdl416-smd-ledli-panel-down-ararenk-alm-kasa"
"product_id=4592","kdl416-smd-ledli-panel-down-ararenk-beyaz-kasa"
"product_id=4591","kdl416-smd-ledli-panel-down-beyaz-alm-kasa"
"product_id=4593","kdl416-smd-ledli-panel-down-beyaz-beyaz-kasa"
"product_id=4595","kdl416-smd-ledli-panel-down-günışığı-alm-kasa"
"product_id=4594","kdl416-smd-ledli-panel-down-günışığı-beyaz-kasa"
"product_id=4596","kdl416b-smd-ledli-panel-down-su-ararenk-beyaz-kasa"
"product_id=4597","kdl416b-smd-ledli-panel-down-su-beyaz-beyaz-kasa"
"product_id=4598","kdl416b-smd-ledli-panel-down-su-günışığı-beyaz-kasa"
"product_id=4600","kdl417-smd-ledli-panel-down-beyaz-alm-kasa"
"product_id=4600","kdl417-smd-ledli-panel-down-beyaz-alm-kasa"
"product_id=4602","kdl417-smd-ledli-panel-down-byz-kasa-ararenk"
"product_id=4603","kdl417-smd-ledli-panel-down-byz-kasa-beyaz"
"product_id=4604","kdl417-smd-ledli-panel-down-byz-kasa-günışığı"
"product_id=4605","kdl417-smd-ledli-panel-down-günışığı-alm-kasa"
"product_id=4606","kdl420-smd-ledli-down-arm-6w-ararenk"
"product_id=4606","kdl420-smd-ledli-down-arm-6w-ararenk"
"product_id=4607","kdl420-smd-ledli-down-arm-6w-beyaz"
"product_id=4607","kdl420-smd-ledli-down-arm-6w-beyaz"
"product_id=4608","kdl420-smd-ledli-down-arm-6w-günışığı"
"product_id=4608","kdl420-smd-ledli-down-arm-6w-günişiği"
"product_id=6021","kdl420b-smd-ledli-s-ü-yuv-6w-siyah*ararenk"
"product_id=6021","kdl420b-smd-ledli-s-ü-yuv-6w-siyah*ararenk"
"product_id=6022","kdl420b-smd-ledli-s-ü-yuv-6w-siyah*beyaz"
"product_id=6022","kdl420b-smd-ledli-s-ü-yuv-6w-siyah*beyaz"
"product_id=6023","kdl420b-smd-ledli-s-ü-yuv-6w-siyah*gün-işiği"
"product_id=6023","kdl420b-smd-ledli-s-ü-yuv-6w-siyah*gün-işiği"
"product_id=4609","kdl421-smd-ledli-down-arm-12w-ararenk"
"product_id=4609","kdl421-smd-ledli-down-arm-12w-ararenk"
"product_id=4610","kdl421-smd-ledli-down-arm-12w-beyaz"
"product_id=4610","kdl421-smd-ledli-down-arm-12w-beyaz"
"product_id=4611","kdl421-smd-ledli-down-arm-12w-günışığı"
"product_id=4611","kdl421-smd-ledli-down-arm-12w-günişiği"
"product_id=6024","kdl421b-smd-ledli-s-ü-yuv-12w-siyah*ararenk"
"product_id=6024","kdl421b-smd-ledli-s-ü-yuv-12w-siyah*ararenk"
"product_id=6025","kdl421b-smd-ledli-s-ü-yuv-12w-siyah*beyaz"
"product_id=6025","kdl421b-smd-ledli-s-ü-yuv-12w-siyah*beyaz"
"product_id=6026","kdl421b-smd-ledli-s-ü-yuv-12w-siyah*gün-işiği"
"product_id=6026","kdl421b-smd-ledli-s-ü-yuv-12w-siyah*gün-işiği"
"product_id=4612","kdl422-smd-ledli-down-arm-22w-ararenk"
"product_id=4612","kdl422-smd-ledli-down-arm-22w-ararenk"
"product_id=4613","kdl422-smd-ledli-down-arm-22w-beyaz"
"product_id=4614","kdl422-smd-ledli-down-arm-22w-günışığı"
"product_id=4614","kdl422-smd-ledli-down-arm-22w-günişiği"
"product_id=4613","kdl422-smd-ledli-down-arm-white"
"product_id=6027","kdl422b-smd-ledli-s-ü-yuv-18w-siyah*ararenk"
"product_id=6027","kdl422b-smd-ledli-s-ü-yuv-18w-siyah*ararenk"
"product_id=6028","kdl422b-smd-ledli-s-ü-yuv-18w-siyah*beyaz"
"product_id=6028","kdl422b-smd-ledli-s-ü-yuv-18w-siyah*beyaz"
"product_id=6029","kdl422b-smd-ledli-s-ü-yuv-18w-siyah*gün-işiği"
"product_id=6029","kdl422b-smd-ledli-s-ü-yuv-18w-siyah*gün-işiği"
"product_id=4615","kdl423-smd-ledli-down-arm-26w-ararenk"
"product_id=4615","kdl423-smd-ledli-down-arm-26w-ararenk"
"product_id=4616","kdl423-smd-ledli-down-arm-26w-beyaz"
"product_id=4616","kdl423-smd-ledli-down-arm-26w-beyaz"
"product_id=4617","kdl423-smd-ledli-down-arm-26w-gunisigi"
"product_id=4617","kdl423-smd-ledli-down-arm-26w-günışığı"
"product_id=6030","kdl423b-smd-ledli-s-ü-yuv-24w-siyah*ararenk"
"product_id=6030","kdl423b-smd-ledli-s-ü-yuv-24w-siyah*ararenk"
"product_id=6031","kdl423b-smd-ledli-s-ü-yuv-24w-siyah*beyaz"
"product_id=6031","kdl423b-smd-ledli-s-ü-yuv-24w-siyah*beyaz"
"product_id=6032","kdl423b-smd-ledli-s-ü-yuv-24w-siyah*gün-işiği"
"product_id=6032","kdl423b-smd-ledli-s-ü-yuv-24w-siyah*gün-işiği"
"product_id=7486","kdl424-smd-ledli-s-ü-yuv-panel-24w-ararenk"
"product_id=7486","kdl424-smd-ledli-s-ü-yuv-panel-24w-ararenk"
"product_id=7487","kdl424-smd-ledli-s-ü-yuv-panel-24w-beyaz"
"product_id=7487","kdl424-smd-ledli-s-ü-yuv-panel-24w-beyaz"
"product_id=7488","kdl424-smd-ledli-s-ü-yuv-panel-24w-gün-işiği"
"product_id=7488","kdl424-smd-ledli-s-ü-yuv-panel-24w-gün-işiği"
"product_id=7628","kdl429-bos-kasa-120cm-govde-sac-cam-pc-mandal"
"product_id=7628","kdl429-bos-kasa-120cm-govde-sac-cam-pc-mandal"
"product_id=4618","kdl430-kare-smd-ledli-down-arm-6w-ararenk"
"product_id=4618","kdl430-kare-smd-ledli-down-arm-6w-ararenk"
"product_id=4619","kdl430-kare-smd-ledli-down-arm-6w-beyaz"
"product_id=4619","kdl430-kare-smd-ledli-down-arm-6w-beyaz"
"product_id=4620","kdl430-kare-smd-ledli-down-arm-6w-günışığı"
"product_id=4620","kdl430-kare-smd-ledli-down-arm-6w-günişiği"
"product_id=6033","kdl430b-smd-ledli-s-ü-kare-6w-siyah*ararenk"
"product_id=6033","kdl430b-smd-ledli-s-ü-kare-6w-siyah*ararenk"
"product_id=6034","kdl430b-smd-ledli-s-ü-kare-6w-siyah*beyaz"
"product_id=6034","kdl430b-smd-ledli-s-ü-kare-6w-siyah*beyaz"
"product_id=6035","kdl430b-smd-ledli-s-ü-kare-6w-siyah*gün-işiği"
"product_id=6035","kdl430b-smd-ledli-s-ü-kare-6w-siyah*gün-işiği"
"product_id=4621","kdl431-kare-smd-ledli-down-arm-12w-ararenk"
"product_id=4621","kdl431-kare-smd-ledli-down-arm-12w-ararenk"
"product_id=4622","kdl431-kare-smd-ledli-down-arm-12w-beyaz"
"product_id=4622","kdl431-kare-smd-ledli-down-arm-12w-beyaz"
"product_id=4623","kdl431-kare-smd-ledli-down-arm-12w-günişiği"
"product_id=4623","kdl431-kare-smd-ledli-down-arm-12w-günışığı"
"product_id=6036","kdl431b-smd-ledli-s-ü-kare-12w-siyah*ararenk"
"product_id=6036","kdl431b-smd-ledli-s-ü-kare-12w-siyah*ararenk"
"product_id=6037","kdl431b-smd-ledli-s-ü-kare-12w-siyah*beyaz"
"product_id=6037","kdl431b-smd-ledli-s-ü-kare-12w-siyah*beyaz"
"product_id=6038","kdl431b-smd-ledli-s-ü-kare-12w-siyah*gün-işiği"
"product_id=6038","kdl431b-smd-ledli-s-ü-kare-12w-siyah*gün-işiği"
"product_id=4624","kdl432-kare-smd-ledli-down-arm-22w-ararenk"
"product_id=4624","kdl432-kare-smd-ledli-down-arm-22w-ararenk"
"product_id=4625","kdl432-kare-smd-ledli-down-arm-22w-beyaz"
"product_id=4625","kdl432-kare-smd-ledli-down-arm-22w-beyaz"
"product_id=4626","kdl432-kare-smd-ledli-down-arm-22w-günişiği"
"product_id=4626","kdl432-kare-smd-ledli-down-arm-22w-günışığı"
"product_id=6039","kdl432b-smd-ledli-s-ü-kare-18w-siyah*ararenk"
"product_id=6039","kdl432b-smd-ledli-s-ü-kare-18w-siyah*ararenk"
"product_id=6040","kdl432b-smd-ledli-s-ü-kare-18w-siyah*beyaz"
"product_id=6040","kdl432b-smd-ledli-s-ü-kare-18w-siyah*beyaz"
"product_id=6041","kdl432b-smd-ledli-s-ü-kare-18w-siyah*gün-işiği"
"product_id=6041","kdl432b-smd-ledli-s-ü-kare-18w-siyah*gün-işiği"
"product_id=4627","kdl433-kare-smd-ledli-down-arm-26w-ararenk"
"product_id=4627","kdl433-kare-smd-ledli-down-arm-26w-ararenk"
"product_id=4628","kdl433-kare-smd-ledli-down-arm-26w-beyaz"
"product_id=4628","kdl433-kare-smd-ledli-down-arm-26w-beyaz"
"product_id=4629","kdl433-kare-smd-ledli-down-arm-26w-günışığı"
"product_id=4629","kdl433-kare-smd-ledli-down-arm-26w-gunisigi"
"product_id=6042","kdl433b-smd-ledli-s-ü-kare-24w-siyah*ararenk"
"product_id=6042","kdl433b-smd-ledli-s-ü-kare-24w-siyah*ararenk"
"product_id=6043","kdl433b-smd-ledli-s-ü-kare-24w-siyah*beyaz"
"product_id=6043","kdl433b-smd-ledli-s-ü-kare-24w-siyah*beyaz"
"product_id=6044","kdl433b-smd-ledli-s-ü-kare-24w-siyah*gün-işiği"
"product_id=6044","kdl433b-smd-ledli-s-ü-kare-24w-siyah*gün-işiği"
"product_id=4630","kdl440-smd-ledli-down-arm-7w-beyaz"
"product_id=4630","kdl440-smd-ledli-down-arm-7w-beyaz"
"product_id=4631","kdl440-smd-ledli-down-arm-7w-günişiği"
"product_id=4631","kdl440-smd-ledli-down-arm-7w-günışığı"
"product_id=6045","kdl440-smd-ledli-down-arm-7w-kirmizi*beyaz-1"
"product_id=6045","kdl440-smd-ledli-down-arm-7w-kirmizi*beyaz-1"
"product_id=6046","kdl440-smd-ledli-down-arm-7w-kirmizi*günişiği-1"
"product_id=6046","kdl440-smd-ledli-down-arm-7w-kirmizi*günişiği-1"
"product_id=4634","kdl441-smd-ledli-down-arm-10w-beyaz"
"product_id=4634","kdl441-smd-ledli-down-arm-10w-beyaz"
"product_id=4635","kdl441-smd-ledli-down-arm-10w-günişiği"
"product_id=4635","kdl441-smd-ledli-down-arm-10w-günışığı"
"product_id=6047","kdl441-smd-ledli-down-arm-10w-kirmizi*beyaz-1"
"product_id=6047","kdl441-smd-ledli-down-arm-10w-kirmizi*beyaz-1"
"product_id=4637","kdl441-smd-ledli-down-arm-10w-kırmızı*günışığı"
"product_id=6048","kdl441-smd-ledli-down-arm-10w-kirmizi*günişiği-1"
"product_id=6048","kdl441-smd-ledli-down-arm-10w-kirmizi*günişiği-1"
"product_id=4638","kdl442-smd-ledli-down-arm-18w-beyaz"
"product_id=4639","kdl442-smd-ledli-down-arm-18w-günışığı"
"product_id=4640","kdl442-smd-ledli-down-arm-18w-kırmızı*beyaz"
"product_id=6049","kdl442-smd-ledli-down-arm-18w-kirmizi*beyaz-1"
"product_id=6049","kdl442-smd-ledli-down-arm-18w-kirmizi*beyaz-1"
"product_id=6050","kdl442-smd-ledli-down-arm-18w-kirmizi*günişiği-1"
"product_id=6050","kdl442-smd-ledli-down-arm-18w-kirmizi*günişiği-1"
"product_id=4642","kdl443-smd-ledli-down-arm-26w-beyaz"
"product_id=4643","kdl443-smd-ledli-down-arm-26w-günışığı"
"product_id=6051","kdl443-smd-ledli-down-arm-26w-kirmizi*beyaz-1"
"product_id=6051","kdl443-smd-ledli-down-arm-26w-kirmizi*beyaz-1"
"product_id=6052","kdl443-smd-ledli-down-arm-26w-kirmizi*günişiği-1"
"product_id=6052","kdl443-smd-ledli-down-arm-26w-kirmizi*günişiği-1"
"product_id=4646","kdl444-smd-ledli-down-arm-16w-beyaz"
"product_id=4647","kdl444-smd-ledli-down-arm-16w-günışığı"
"product_id=6053","kdl444-smd-ledli-down-arm-16w-kirmizi*beyaz-1"
"product_id=6053","kdl444-smd-ledli-down-arm-16w-kirmizi*beyaz-1"
"product_id=6054","kdl444-smd-ledli-down-arm-16w-kirmizi*günişiği-1"
"product_id=6054","kdl444-smd-ledli-down-arm-16w-kirmizi*günişiği-1"
"product_id=4650","kdl445-smd-ledli-down-arm-24w-beyaz"
"product_id=4651","kdl445-smd-ledli-down-arm-24w-günışığı"
"product_id=6055","kdl445-smd-ledli-down-arm-24w-kirmizi*beyaz-1"
"product_id=6055","kdl445-smd-ledli-down-arm-24w-kirmizi*beyaz-1"
"product_id=4653","kdl445-smd-ledli-down-arm-24w-kırmızı*günışığı"
"product_id=6056","kdl445-smd-ledli-down-arm-24w-kirmizi*günişiği-1"
"product_id=6056","kdl445-smd-ledli-down-arm-24w-kirmizi*günişiği-1"
"product_id=7627","kdl449-bos-kasa-12cm-govde-sac-cam-pc-mandal"
"product_id=7627","kdl449-bos-kasa-12cm-govde-sac-cam-pc-mandal"
"product_id=7626","kdl459-bos-kasa-60cm-govde-sac-cam-pc-mandal"
"product_id=7626","kdl459-bos-kasa-60cm-govde-sac-cam-pc-mandal"
"product_id=4654","kdl460-slim-led-çerçevesiz-panel-9w-beyaz"
"product_id=4655","kdl460-slim-led-çerçevesiz-panel-9w-günışığı"
"product_id=4656","kdl461-slim-led-çerçevesiz-panel-18w-beyaz"
"product_id=4657","kdl461-slim-led-çerçevesiz-panel-18w-günışığı"
"product_id=4658","kdl462-slim-led-çerçevesiz-panel-24w-beyaz"
"product_id=4659","kdl462-slim-led-çerçevesiz-panel-24w-günışığı"
"product_id=4660","kdl463-slim-led-çerçevesiz-panel-36w-beyaz"
"product_id=4661","kdl463-slim-led-çerçevesiz-panel-36w-günışığı"
"product_id=6057","kdl465-slim-led-çerçevesiz-panel-9w-ararenk"
"product_id=6057","kdl465-slim-led-çerçevesiz-panel-9w-ararenk"
"product_id=4662","kdl465-slim-led-çerçevesiz-panel-9w-beyaz"
"product_id=4662","kdl465-slim-led-çerçevesiz-panel-9w-beyaz"
"product_id=4663","kdl465-slim-led-çerçevesiz-panel-9w-günışığı"
"product_id=4663","kdl465-slim-led-çerçevesiz-panel-9w-günişiği"
"product_id=6058","kdl466-slim-led-çerçevesiz-panel-18w-ararenk"
"product_id=6058","kdl466-slim-led-çerçevesiz-panel-18w-ararenk"
"product_id=4664","kdl466-slim-led-çerçevesiz-panel-18w-beyaz"
"product_id=4664","kdl466-slim-led-çerçevesiz-panel-18w-beyaz"
"product_id=4665","kdl466-slim-led-çerçevesiz-panel-18w-günışığı"
"product_id=4665","kdl466-slim-led-çerçevesiz-panel-18w-günişiği"
"product_id=6059","kdl467-slim-led-çerçevesiz-panel-24w-ararenk"
"product_id=6059","kdl467-slim-led-çerçevesiz-panel-24w-ararenk"
"product_id=4666","kdl467-slim-led-çerçevesiz-panel-24w-beyaz"
"product_id=4666","kdl467-slim-led-çerçevesiz-panel-24w-beyaz"
"product_id=4667","kdl467-slim-led-çerçevesiz-panel-24w-günışığı"
"product_id=4667","kdl467-slim-led-çerçevesiz-panel-24w-günişiği"
"product_id=6060","kdl468-slim-led-çerçevesiz-panel-36w-ararenk"
"product_id=6060","kdl468-slim-led-çerçevesiz-panel-36w-ararenk"
"product_id=4668","kdl468-slim-led-çerçevesiz-panel-36w-beyaz"
"product_id=4668","kdl468-slim-led-çerçevesiz-panel-36w-beyaz"
"product_id=4669","kdl468-slim-led-çerçevesiz-panel-36w-günışığı"
"product_id=4669","kdl468-slim-led-çerçevesiz-panel-36w-günişiği"
"product_id=6061","kdl469-boş-kasa-60cm-gövde-sac-cam-pc-mandal"
"product_id=6061","kdl469-boş-kasa-60cm-gövde-sac-cam-pc-mandal"
"product_id=6062","kdl470-80w-ledli-yüksek-tavan-etanj-78*216*1197-ararenk"
"product_id=6062","kdl470-80w-ledli-yüksek-tavan-etanj-78*216*1197-ararenk"
"product_id=6063","kdl470-80w-ledli-yüksek-tavan-etanj-78*216*1197-beyaz"
"product_id=6063","kdl470-80w-ledli-yüksek-tavan-etanj-78*216*1197-beyaz"
"product_id=6064","kdl470-80w-ledli-yüksek-tavan-etanj-78*216*1197-günişiği"
"product_id=6064","kdl470-80w-ledli-yüksek-tavan-etanj-78*216*1197-günişiği"
"product_id=6065","kdl471-80w-ledli-yüksek-tavan-etanj-78*216*1197-ararenk"
"product_id=6065","kdl471-80w-ledli-yüksek-tavan-etanj-78*216*1197-ararenk"
"product_id=6066","kdl471-80w-ledli-yüksek-tavan-etanj-78*216*1197-beyaz"
"product_id=6066","kdl471-80w-ledli-yüksek-tavan-etanj-78*216*1197-beyaz"
"product_id=6067","kdl471-80w-ledli-yüksek-tavan-etanj-78*216*1197-günişiği"
"product_id=6067","kdl471-80w-ledli-yüksek-tavan-etanj-78*216*1197-günişiği"
"product_id=6068","kdl472-120w-ledli-yüksek-tavan-etanj-78*120*1496-ararenk"
"product_id=6068","kdl472-120w-ledli-yüksek-tavan-etanj-78*120*1496-ararenk"
"product_id=6069","kdl472-120w-ledli-yüksek-tavan-etanj-78*120*1496-beyaz"
"product_id=6069","kdl472-120w-ledli-yüksek-tavan-etanj-78*120*1496-beyaz"
"product_id=6070","kdl472-120w-ledli-yüksek-tavan-etanj-78*120*1496-günişiği"
"product_id=6070","kdl472-120w-ledli-yüksek-tavan-etanj-78*120*1496-günişiği"
"product_id=6071","kdl473-150w-ledli-yüksek-tavan-etanj-78*395*1197-ararenk"
"product_id=6071","kdl473-150w-ledli-yüksek-tavan-etanj-78*395*1197-ararenk"
"product_id=6072","kdl473-150w-ledli-yüksek-tavan-etanj-78*395*1197-beyaz"
"product_id=6072","kdl473-150w-ledli-yüksek-tavan-etanj-78*395*1197-beyaz"
"product_id=7257","kdl473-150w-ledli-yuksek-tavan-etanj-78*395*1197-gunisigi"
"product_id=7257","kdl473-150w-ledli-yuksek-tavan-etanj-78*395*1197-gunisigi"
"product_id=6073","kdl474-2*18w-exproof-etanj-armatür-650*125*100-ararenk"
"product_id=6073","kdl474-2*18w-exproof-etanj-armatür-650*125*100-ararenk"
"product_id=6074","kdl474-2*18w-exproof-etanj-armatür-650*125*100-beyaz"
"product_id=6074","kdl474-2*18w-exproof-etanj-armatür-650*125*100-beyaz"
"product_id=6075","kdl474-2*18w-exproof-etanj-armatür-650*125*100-günişiği"
"product_id=6075","kdl474-2*18w-exproof-etanj-armatür-650*125*100-günişiği"
"product_id=6076","kdl475-2*36w-exproof-etanj-armatür-1260*125*100-ararenk"
"product_id=6076","kdl475-2*36w-exproof-etanj-armatür-1260*125*100-ararenk"
"product_id=6077","kdl475-2*36w-exproof-etanj-armatür-1260*125*100-beyaz"
"product_id=6077","kdl475-2*36w-exproof-etanj-armatür-1260*125*100-beyaz"
"product_id=6078","kdl475-2*36w-exproof-etanj-armatür-1260*125*100-günişiği"
"product_id=6078","kdl475-2*36w-exproof-etanj-armatür-1260*125*100-günişiği"
"product_id=6079","kdl476-20w-exproof-etanj-armatür-650*125*100-ararenk"
"product_id=6079","kdl476-20w-exproof-etanj-armatür-650*125*100-ararenk"
"product_id=6080","kdl476-20w-exproof-etanj-armatür-650*125*100-beyaz"
"product_id=6080","kdl476-20w-exproof-etanj-armatür-650*125*100-beyaz"
"product_id=6081","kdl476-20w-exproof-etanj-armatür-650*125*100-günişiği"
"product_id=6081","kdl476-20w-exproof-etanj-armatür-650*125*100-günişiği"
"product_id=6082","kdl477-40w-exproof-etanj-armatür-1260*125*100-ararenk"
"product_id=6082","kdl477-40w-exproof-etanj-armatür-1260*125*100-ararenk"
"product_id=6083","kdl477-40w-exproof-etanj-armatür-1260*125*100-beyaz"
"product_id=6083","kdl477-40w-exproof-etanj-armatür-1260*125*100-beyaz"
"product_id=6084","kdl477-40w-exproof-etanj-armatür-1260*125*100-günişiği"
"product_id=6084","kdl477-40w-exproof-etanj-armatür-1260*125*100-günişiği"
"product_id=6085","kdl478-60w-exproof-etanj-armatür-1260*125*100-ararenk"
"product_id=6085","kdl478-60w-exproof-etanj-armatür-1260*125*100-ararenk"
"product_id=6086","kdl478-60w-exproof-etanj-armatür-1260*125*100-beyaz"
"product_id=6086","kdl478-60w-exproof-etanj-armatür-1260*125*100-beyaz"
"product_id=6087","kdl478-60w-exproof-etanj-armatür-1260*125*100-günişiği"
"product_id=6087","kdl478-60w-exproof-etanj-armatür-1260*125*100-günişiği"
"product_id=6088","kdl479-boş-kasa-120cm-gövde-sac-cam-pc-mandal"
"product_id=6088","kdl479-boş-kasa-120cm-gövde-sac-cam-pc-mandal"
"product_id=7949","kdl485-6w-ayarlanabilir-slim-backlight-led-çerçeveli-panel-armatür"
"product_id=7949","kdl485-6w-slim-led-panels-with-frame"
"product_id=7950","kdl486-8w-ayarlanabilir-slim-backlight-led-çerçeveli-panel-armatür"
"product_id=7950","kdl486-8w-slim-led-panels-with-frame"
"product_id=7951","kdl487-15w-ayarlanabilir-slim-backlight-led-çerçeveli-panel-armatür"
"product_id=7951","kdl487-15w-slim-led-panels-with-frame"
"product_id=7952","kdl488-20w-ayarlanabilir-slim-backlight-led-çerçeveli-panel-armatür"
"product_id=7952","kdl488-20w-slim-led-panels-with-frame"
"product_id=7625","kdl489-boş-kasa-60cm-govde-sac-cam-pc-mandal"
"product_id=7625","kdl489-boş-kasa-60cm-govde-sac-cam-pc-mandal"
"product_id=4670","kdl493-t8-led-tavan-arm-ref-beyaz"
"product_id=4671","kdl493-t8-led-tavan-arm-ref-günışığı"
"product_id=4672","kdl494-40w-powder-tavan-arm-ref-ararenk"
"product_id=4673","kdl494-40w-powder-tavan-arm-ref-beyaz"
"product_id=4674","kdl494-40w-powder-tavan-arm-ref-günışığı"
"product_id=4675","kdl494-50w-powder-tavan-arm-ref-ararenk"
"product_id=4676","kdl494-50w-powder-tavan-arm-ref-beyaz"
"product_id=4677","kdl494-50w-powder-tavan-arm-ref-günışığı"
"product_id=4678","kdl494-led-powder-tavan-arm-ref-beyaz"
"product_id=4679","kdl494-led-powder-tavan-arm-ref-günışığı"
"product_id=4680","kdl495-smd-ledli-down-arm-18w-beyaz"
"product_id=4680","kdl495-smd-ledli-down-arm-18w-beyaz"
"product_id=4681","kdl495-smd-ledli-down-arm-18w-günışığı"
"product_id=4681","kdl495-smd-ledli-down-arm-18w-günişiği"
"product_id=7432","kdl496-1*10w-ledli-etanj-beyaz"
"product_id=7432","kdl496-1*10w-ledli-etanj-beyaz"
"product_id=4682","kdl496-smd-ledli-panel-down-18w-beyaz"
"product_id=4683","kdl496-smd-ledli-panel-down-18w-günışığı"
"product_id=7433","kdl497-2*10w-ledli-etanj-beyaz"
"product_id=7433","kdl497-2*10w-ledli-etanj-beyaz"
"product_id=4684","kdl498-1*20w-ledli-etanj-beyaz"
"product_id=4685","kdl498-1*20w-ledli-etanj-günışığı"
"product_id=7434","kdl499-2*20w-ledli-etanj-beyaz"
"product_id=7434","kdl499-2*20w-ledli-etanj-beyaz"
"product_id=4686","kdl500-10w-cob-led-down-beyaz"
"product_id=4686","kdl500-10w-cob-led-down-beyaz"
"product_id=4687","kdl500-10w-cob-led-down-sarı"
"product_id=4687","kdl500-10w-cob-led-down-sarı"
"product_id=4688","kdl501-20w-cob-led-down-beyaz"
"product_id=4688","kdl501-20w-cob-led-down-beyaz"
"product_id=4689","kdl501-20w-cob-led-down-sarı"
"product_id=4689","kdl501-20w-cob-led-down-sarı"
"product_id=8060","kdl510-slim-crystal-backlight-frameless-panel"
"product_id=8060","kdl510-slim-kristal-backlight-çerçevesiz-panel"
"product_id=8061","kdl511-slim-crystal-backlight-frameless-panel"
"product_id=8061","kdl511-slim-kristal-backlight-çerçevesiz-panel"
"product_id=4690","kdl518-40w-60*60-panel-tse-li-ararenk"
"product_id=4691","kdl518-40w-60*60-panel-tse-li-beyaz"
"product_id=4692","kdl518-40w-60*60-panel-tse-li-günışığı"
"product_id=6090","kdl525-dekoratif-siva-üstü-led-tavan-arm-beyaz"
"product_id=6090","kdl525-dekoratif-siva-üstü-led-tavan-arm-beyaz"
"product_id=4693","kdl525c-dekoratif-siva-üstü-led-tavan-arm"
"product_id=6089","kdl525c-dekoratif-siva-üstü-led-tavan-arm-krom"
"product_id=6089","kdl525c-dekoratif-siva-üstü-led-tavan-arm-krom"
"product_id=6091","kdl525s-dekoratif-siva-üstü-led-tavan-arm-saten"
"product_id=6091","kdl525s-dekoratif-siva-üstü-led-tavan-arm-saten"
"product_id=4694","kdl530-dekoratif-siva-üstü-led-tavan-arm"
"product_id=4694","kdl530-dekoratif-siva-üstü-led-tavan-arm"
"product_id=4695","kdl530c-dekoratif-siva-üstü-led-tavan-arm"
"product_id=7269","kdl530s-dekoratif-siva-ustu-led-tavan-arm"
"product_id=7269","kdl530s-dekoratif-siva-ustu-led-tavan-arm"
"product_id=8063","kdl540-adjustable-slim-backlight-frameless-panel"
"product_id=8063","kdl540-ayarlanabilir-slim-backlight-çerçevesiz-panel"
"product_id=8062","kdl541-adjustable-slim-backlight-frameless-panel"
"product_id=8062","kdl541-ayarlanabilir-slim-backlight-çerçevesiz-panel"
"product_id=7985","kdl550-20w-surface-mounted-round-led-panel-with-sensor"
"product_id=7985","kdl550-sensörlü-20w-siva-üstü-yuvarlak-led-panel"
"product_id=6092","kdl600-24w-tavan-armaturu-cool-beyaz"
"product_id=6092","kdl600-24w-tavan-armaturu-cool-beyaz"
"product_id=6093","kdl600-24w-tavan-armaturu-gunisigi"
"product_id=6093","kdl600-24w-tavan-armaturu-gunisigi"
"product_id=4697","kdl601-24w-tavan-armaturu-beyaz"
"product_id=4697","kdl601-24w-tavan-armaturu-beyaz"
"product_id=4698","kdl610-18w-s-ü-ledli-sen-tavan-arm-ararenk"
"product_id=4699","kdl610-18w-s-ü-ledli-sen-tavan-arm-beyaz"
"product_id=4700","kdl610-18w-s-ü-ledli-sen-tavan-arm-günışığı"
"product_id=4701","kdl625-dekoratif-siva-üstü-led-tavan-arm"
"product_id=4701","kdl625-dekoratif-siva-üstü-led-tavan-arm"
"product_id=4702","kdl625c-dekoratif-siva-üstü-led-tavan-arm"
"product_id=4703","kdl625s-dekoratif-siva-üstü-led-tavan-arm"
"product_id=4704","kdl630-dekoratif-siva-üstü-led-tavan-arm"
"product_id=4704","kdl630-dekoratif-siva-üstü-led-tavan-arm"
"product_id=4705","kdl630c-dekoratif-siva-üstü-led-tavan-arm"
"product_id=4706","kdl630s-dekoratif-siva-üstü-led-tavan-arm"
"product_id=7258","kdl634-9w-ledli-glop-armatur-ararenk"
"product_id=7258","kdl634-9w-ledli-glop-armatur-ararenk"
"product_id=6094","kdl634-9w-ledli-glop-armatür-beyaz"
"product_id=6094","kdl634-9w-ledli-glop-armatür-beyaz"
"product_id=6095","kdl634-9w-ledli-glop-armatür-günişiği"
"product_id=6095","kdl634-9w-ledli-glop-armatür-günişiği"
"product_id=7259","kdl635-15w-ledli-glop-armatur-ararenk"
"product_id=7259","kdl635-15w-ledli-glop-armatur-ararenk"
"product_id=6096","kdl635-15w-ledli-glop-armatür-beyaz"
"product_id=6096","kdl635-15w-ledli-glop-armatür-beyaz"
"product_id=6097","kdl635-15w-ledli-glop-armatür-günişiği"
"product_id=6097","kdl635-15w-ledli-glop-armatür-günişiği"
"product_id=7260","kdl636-22w-ledli-glop-armatur-ararenk"
"product_id=7260","kdl636-22w-ledli-glop-armatur-ararenk"
"product_id=6098","kdl636-22w-ledli-glop-armatür-beyaz"
"product_id=6098","kdl636-22w-ledli-glop-armatür-beyaz"
"product_id=6099","kdl636-22w-ledli-glop-armatür-günişiği"
"product_id=6099","kdl636-22w-ledli-glop-armatür-günişiği"
"product_id=7261","kdl637-9w-ledli-glop-armatur-ararenk"
"product_id=7261","kdl637-9w-ledli-glop-armatur-ararenk"
"product_id=6100","kdl637-9w-ledli-glop-armatür-beyaz"
"product_id=6100","kdl637-9w-ledli-glop-armatür-beyaz"
"product_id=6101","kdl637-9w-ledli-glop-armatür-günişiği"
"product_id=6101","kdl637-9w-ledli-glop-armatür-günişiği"
"product_id=7262","kdl638-15w-ledli-glop-armatur-ararenk"
"product_id=7262","kdl638-15w-ledli-glop-armatur-ararenk"
"product_id=6102","kdl638-15w-ledli-glop-armatür-beyaz"
"product_id=6102","kdl638-15w-ledli-glop-armatür-beyaz"
"product_id=6103","kdl638-15w-ledli-glop-armatür-günişiği"
"product_id=6103","kdl638-15w-ledli-glop-armatür-günişiği"
"product_id=7263","kdl639-22w-glp-arm-ararenk"
"product_id=7263","kdl639-22w-glp-arm-ararenk"
"product_id=6104","kdl639-22w-ledli-glop-armatür-beyaz"
"product_id=6104","kdl639-22w-ledli-glop-armatür-beyaz"
"product_id=6105","kdl639-22w-ledli-glop-armatür-günişiği"
"product_id=6105","kdl639-22w-ledli-glop-armatür-günişiği"
"product_id=6106","kdl640-20w-merkür-led-aplik-beyaz*ararenk"
"product_id=6106","kdl640-20w-merkür-led-aplik-beyaz*ararenk"
"product_id=6107","kdl640-20w-merkür-led-aplik-beyaz*beyaz"
"product_id=6107","kdl640-20w-merkür-led-aplik-beyaz*beyaz"
"product_id=6108","kdl640-20w-merkür-led-aplik-beyaz*günişiği"
"product_id=6108","kdl640-20w-merkür-led-aplik-beyaz*günişiği"
"product_id=6109","kdl641-12w-saturn-led-aplik-beyaz*ararenk"
"product_id=6109","kdl641-12w-saturn-led-aplik-beyaz*ararenk"
"product_id=6110","kdl641-12w-saturn-led-aplik-beyaz*beyaz"
"product_id=6110","kdl641-12w-saturn-led-aplik-beyaz*beyaz"
"product_id=6111","kdl641-12w-saturn-led-aplik-beyaz*günişiği"
"product_id=6111","kdl641-12w-saturn-led-aplik-beyaz*günişiği"
"product_id=6112","kdl642-12w-saturn-led-aplik-beyaz*ararenk"
"product_id=6112","kdl642-12w-saturn-led-aplik-beyaz*ararenk"
"product_id=6113","kdl642-12w-saturn-led-aplik-beyaz*beyaz"
"product_id=6113","kdl642-12w-saturn-led-aplik-beyaz*beyaz"
"product_id=6114","kdl642-12w-saturn-led-aplik-beyaz*günişiği"
"product_id=6114","kdl642-12w-saturn-led-aplik-beyaz*günişiği"
"product_id=6115","kdl643-20w-merkür-led-aplik-beyaz*ararenk"
"product_id=6115","kdl643-20w-merkür-led-aplik-beyaz*ararenk"
"product_id=6116","kdl643-20w-merkür-led-aplik-beyaz*beyaz"
"product_id=6116","kdl643-20w-merkür-led-aplik-beyaz*beyaz"
"product_id=6117","kdl643-20w-merkür-led-aplik-beyaz*günişiği"
"product_id=6117","kdl643-20w-merkür-led-aplik-beyaz*günişiği"
"product_id=7435","kdl644-20w-uranüs-ledli-glop-armatür-ararenk"
"product_id=7435","kdl644-20w-uranüs-ledli-glop-armatür-ararenk"
"product_id=7436","kdl644-20w-uranüs-ledli-glop-armatür-beyaz"
"product_id=7436","kdl644-20w-uranüs-ledli-glop-armatür-beyaz"
"product_id=7437","kdl644-20w-uranüs-ledli-glop-armatür-günişiği"
"product_id=7437","kdl644-20w-uranüs-ledli-glop-armatür-günişiği"
"product_id=7438","kdl645-20w-uranüs-ledli-glop-armatür-ararenk"
"product_id=7438","kdl645-20w-uranüs-ledli-glop-armatür-ararenk"
"product_id=7439","kdl645-20w-uranüs-ledli-glop-armatür-beyaz"
"product_id=7439","kdl645-20w-uranüs-ledli-glop-armatür-beyaz"
"product_id=7440","kdl645-20w-uranüs-ledli-glop-armatür-günişiği"
"product_id=7440","kdl645-20w-uranüs-ledli-glop-armatür-günişiği"
"product_id=7441","kdl646-e27-plüton-ledli-glop-armatür-ararenk"
"product_id=7441","kdl646-e27-plüton-ledli-glop-armatür-ararenk"
"product_id=7442","kdl646-e27-plüton-ledli-glop-armatür-beyaz"
"product_id=7442","kdl646-e27-plüton-ledli-glop-armatür-beyaz"
"product_id=7443","kdl646-e27-plüton-ledli-glop-armatür-günişiği"
"product_id=7443","kdl646-e27-plüton-ledli-glop-armatür-günişiği"
"product_id=7444","kdl647-e27-plüton-ledli-glop-armatür-ararenk"
"product_id=7444","kdl647-e27-plüton-ledli-glop-armatür-ararenk"
"product_id=7445","kdl647-e27-plüton-ledli-glop-armatür-beyaz"
"product_id=7445","kdl647-e27-plüton-ledli-glop-armatür-beyaz"
"product_id=7446","kdl647-e27-plüton-ledli-glop-armatür-günişiği"
"product_id=7446","kdl647-e27-plüton-ledli-glop-armatür-günişiği"
"product_id=8110","kdl648-çift-renkli-oval-glop-armatür"
"product_id=8110","kdl648-two-color-oval-globe-fixture"
"product_id=4498","kdll103-rosegold-2835smd-ledli-spot-5w-sarı"
"product_id=4707","kds040-40w-isolated-driver"
"product_id=4708","kds048-48w-isolated-driver"
"product_id=4709","ked001-acil-durum-trafosu-60w-2200mah"
"product_id=4709","ked001-acil-durum-trafosu-60w-2200mah"
"product_id=4710","kel006-24-ledli-el-feneri-sarı"
"product_id=4710","kel006-24-ledli-el-feneri-sarı"
"product_id=4711","kel008-4-ledli-el-feneri-sarı"
"product_id=4711","kel008-4-ledli-el-feneri-sarı"
"product_id=4712","kel009-7-ledli-el-feneri-sarı"
"product_id=4712","kel009-7-ledli-el-feneri-sarı"
"product_id=7708","kel010-3w-4v-900mah-12pcs-smd5730"
"product_id=7708","kel010-3w-4v-900mah-12pcs-smd5730"
"product_id=4713","kel011-5-led-şarjlı-el-feneri"
"product_id=4713","kel011-5-led-şarjlı-el-feneri"
"product_id=4714","kel012-16-led-şarjlı-el-feneri"
"product_id=4714","kel012-16-led-şarjlı-el-feneri"
"product_id=7706","kel014-15x0-2w-smd-led-3-7v-600mah-lityum-batarya"
"product_id=7706","kel014-15x0-2w-smd-led-3-7v-600mah-lityum-batarya"
"product_id=7703","kel015-36x0-2w-ac-110-240v-dimedilebilir"
"product_id=7703","kel015-36x0-2w-ac-110-240v-dimedilebilir"
"product_id=7811","kel14-3w-led-gece-lambasi"
"product_id=7811","kel14-3w-led-night-light"
"product_id=7707","kel180-10x0-2w-smd-led-3-7v-300mah"
"product_id=7707","kel180-10x0-2w-smd-led-3-7v-300mah"
"product_id=7704","kel255-80-smd-led-4v2400mah-dimedilebilir"
"product_id=7704","kel255-80-smd-led-4v2400mah-dimedilebilir"
"product_id=7705","kel258-120-smd-led-4v2400mah-dimedilebilir"
"product_id=7705","kel258-120-smd-led-4v2400mah-dimedilebilir"
"product_id=8027","kel259-rechargeable-led-light"
"product_id=8027","kel259-şarjli-ledli-işildak"
"product_id=4715","kel273l-30-ledli-işıldak-beyaz"
"product_id=4715","kel273l-30-ledli-işildak-beyaz"
"product_id=4716","kel276l-90-ledli-işildak-beyaz"
"product_id=4716","kel276l-90-ledli-işıldak-beyaz"
"product_id=4717","kel278l-60-ledli-işıldak-beyaz"
"product_id=4717","kel278l-60-ledli-işildak-beyaz"
"product_id=7672","kes001-smd-ledli-g4-ampul-ac-2-5w-beyaz"
"product_id=7673","kes001-smd-ledli-g4-ampul-ac-2-5w-sari"
"product_id=7674","kes002-smd-ledli-g4-ampul-ac-2-5w-beyaz"
"product_id=7674","kes002-smd-ledli-g4-ampul-ac-2-5w-beyaz"
"product_id=7675","kes002-smd-ledli-g4-ampul-ac-2-5w-sari"
"product_id=7675","kes002-smd-ledli-g4-ampul-ac-2-5w-sari"
"product_id=7676","kes003-smd-ledli-e14-ampul-ac-2-5w-beyaz"
"product_id=7676","kes003-smd-ledli-e14-ampul-ac-2-5w-beyaz"
"product_id=7677","kes003-smd-ledli-e14-ampul-ac-2-5w-sari"
"product_id=7677","kes003-smd-ledli-e14-ampul-ac-2-5w-sari"
"product_id=7962","kes004-smd-ledli-g4-ampul-dc12v-1-5w"
"product_id=7962","kes004-smd-ledli-g4-bulb-dc12v-1-5w"
"product_id=7680","kes005-smd-ledli-e14-ampul-ac-2-5w-beyaz"
"product_id=7680","kes005-smd-ledli-e14-ampul-ac-2-5w-beyaz"
"product_id=7681","kes005-smd-ledli-e14-ampul-ac-2-5w-sari"
"product_id=7681","kes005-smd-ledli-e14-ampul-ac-2-5w-sari"
"product_id=7695","kes006-smd-ledli-g4-ampul-ac-1-5w-beyaz"
"product_id=7695","kes006-smd-ledli-g4-ampul-ac-1-5w-beyaz"
"product_id=7696","kes006-smd-ledli-g4-ampul-ac-1-5w-sari"
"product_id=7696","kes006-smd-ledli-g4-ampul-ac-1-5w-sari"
"product_id=7683","kes007-cob-ledli-g4-ampul-ac-2-5w-beyaz"
"product_id=7683","kes007-smd-ledli-g4-ampul-dc12v-1-5w-beyaz"
"product_id=7684","kes007-smd-ledli-g4-ampul-dc12v-1-5w-sari"
"product_id=7684","kes007-smd-ledli-g4-ampul-dc12v-1-5w-sari"
"product_id=7685","kes008-cob-ledli-g4-ampul-ac-2-5w-beyaz"
"product_id=7685","kes008-dimmable-cob-ledli-g4-ampul-ac-2-5w-beyaz"
"product_id=7686","kes008-dimmable-cob-ledli-g4-ampul-ac-2-5w-sari"
"product_id=7686","kes008-dimmable-cob-ledli-g4-ampul-ac-2-5w-sari"
"product_id=7687","kes010-dimmable-cob-ledli-g9-cam-ampul-ac-2w-beyaz"
"product_id=7688","kes010-dimmable-cob-ledli-g9-cam-ampul-ac-2w-sari"
"product_id=7688","kes010-dimmable-cob-ledli-g9-cam-ampul-ac-2w-sari"
"product_id=7699","kes016-cob-ledli-g9-cam-ampul-ac-3w-beyaz"
"product_id=7699","kes016-dimmable-cob-ledli-g9-cam-ampul-ac-3w-beyaz"
"product_id=7700","kes016-dimmable-cob-ledli-g9-cam-ampul-ac-3w-sari"
"product_id=7700","kes016-dimmable-cob-ledli-g9-cam-ampul-ac-3w-sari"
"product_id=7682","kes021-e14-buzdolabi-ampulü-ac-2-5w"
"product_id=7692","kes021-e14-buzdolabi-ampulu-ac-2w-sari"
"product_id=7692","kes021-e14-buzdolabi-ampulu-ac-2w-sari"
"product_id=7682","kes021-e14-led-refrigerator-bulb-ac-2-5w"
"product_id=7701","kes022-smd-ledli-g4-ampul-dc12v-1-2w-beyaz"
"product_id=7701","kes022-smd-ledli-g4-ampul-dc12v-1-2w-beyaz"
"product_id=7702","kes022-smd-ledli-g4-ampul-dc12v-1-2w-sari"
"product_id=7702","kes022-smd-ledli-g4-ampul-dc12v-1-2w-sari"
"product_id=4770","kes046-smd-ledli-gu10-amp-5w-ararenk"
"product_id=4770","kes046-smd-ledli-gu10-amp-5w-ararenk"
"product_id=4771","kes046-smd-ledli-gu10-amp-5w-beyaz"
"product_id=4771","kes046-smd-ledli-gu10-amp-5w-beyaz"
"product_id=4772","kes046-smd-ledli-gu10-amp-5w-günışığı"
"product_id=4772","kes046-smd-ledli-gu10-amp-5w-gunişiği"
"product_id=4773","kes046b-smd-ledli-g5-3-amp-5w-ararenk"
"product_id=4773","kes046b-smd-ledli-g5-3-amp-5w-ararenk"
"product_id=4774","kes046b-smd-ledli-g5-3-amp-5w-beyaz"
"product_id=4774","kes046b-smd-ledli-g5-3-amp-5w-beyaz"
"product_id=4775","kes046b-smd-ledli-g5-3-amp-5w-gunişiği"
"product_id=4775","kes046b-smd-ledli-g5-3-amp-5w-günışığı"
"product_id=4776","kes047-smd-ledli-gu10-amp-7w-ararenk"
"product_id=4776","kes047-smd-ledli-gu10-amp-7w-ararenk"
"product_id=4777","kes047-smd-ledli-gu10-amp-7w-beyaz"
"product_id=4777","kes047-smd-ledli-gu10-amp-7w-beyaz"
"product_id=4778","kes047-smd-ledli-gu10-amp-7w-günışığı"
"product_id=4778","kes047-smd-ledli-gu10-amp-7w-gunişiği"
"product_id=4779","kes047b-smd-ledli-gu10-amp-7w-ararenk"
"product_id=4779","kes047b-smd-ledli-gu10-amp-7w-ararenk"
"product_id=6118","kes047b-smd-ledli-gu10-amp-7w-beyaz"
"product_id=6118","kes047b-smd-ledli-gu10-amp-7w-beyaz"
"product_id=6119","kes047b-smd-ledli-gu10-amp-7w-gunisigi"
"product_id=6119","kes047b-smd-ledli-gu10-amp-7w-gunisigi"
"product_id=6120","kes048-smd-ledli-lensli-gu10-amp-5w-ararenk"
"product_id=6120","kes048-smd-ledli-lensli-gu10-amp-5w-ararenk"
"product_id=4780","kes048-smd-ledli-lensli-gu10-amp-5w-beyaz"
"product_id=4780","kes048-smd-ledli-lensli-gu10-amp-5w-beyaz"
"product_id=4781","kes048-smd-ledli-lensli-gu10-amp-5w-gunişiği"
"product_id=4781","kes048-smd-ledli-lensli-gu10-amp-5w-günışığı"
"product_id=6121","kes048b-smd-ledli-lensli-g5-3-amp-5w-ararenk"
"product_id=6121","kes048b-smd-ledli-lensli-g5-3-amp-5w-ararenk"
"product_id=4782","kes048b-smd-ledli-lensli-g5-3-amp-5w-beyaz"
"product_id=4782","kes048b-smd-ledli-lensli-g5-3-amp-5w-beyaz"
"product_id=4783","kes048b-smd-ledli-lensli-g5-3-amp-5w-günışığı"
"product_id=4783","kes048b-smd-ledli-lensli-g5-3-amp-5w-gunişiği"
"product_id=6122","kes049-smd-ledli-lensli-gu10-amp-7w-ararenk"
"product_id=6122","kes049-smd-ledli-lensli-gu10-amp-7w-ararenk"
"product_id=4784","kes049-smd-ledli-lensli-gu10-amp-7w-beyaz"
"product_id=4784","kes049-smd-ledli-lensli-gu10-amp-7w-beyaz"
"product_id=4785","kes049-smd-ledli-lensli-gu10-amp-7w-gunişiği"
"product_id=4785","kes049-smd-ledli-lensli-gu10-amp-7w-günışığı"
"product_id=7214","kes049b-smd-ledli-lensli-g5-3-amp-7w-ararenk"
"product_id=7214","kes049b-smd-ledli-lensli-g5-3-amp-7w-ararenk"
"product_id=7215","kes049b-smd-ledli-lensli-g5-3-amp-7w-beyaz"
"product_id=7215","kes049b-smd-ledli-lensli-g5-3-amp-7w-beyaz"
"product_id=7216","kes049b-smd-ledli-lensli-g5-3-amp-7w-günişiği"
"product_id=7216","kes049b-smd-ledli-lensli-g5-3-amp-7w-günişiği"
"product_id=7489","kes049d-ledli-lensli-gu10-ampul-7w-ararenk"
"product_id=7489","kes049d-ledli-lensli-gu10-ampul-7w-ararenk"
"product_id=7490","kes049d-ledli-lensli-gu10-ampul-7w-beyaz"
"product_id=7490","kes049d-ledli-lensli-gu10-ampul-7w-beyaz"
"product_id=7491","kes049d-ledli-lensli-gu10-ampul-7w-günişiği"
"product_id=7491","kes049d-ledli-lensli-gu10-ampul-7w-günişiği"
"product_id=4786","kes049r-gu10-ampul-7w-amber"
"product_id=4786","kes049r-gu10-ampul-7w-amber"
"product_id=4787","kes049r-gu10-ampul-7w-kırmızı"
"product_id=4787","kes049r-gu10-ampul-7w-kırmızı"
"product_id=4788","kes049r-gu10-ampul-7w-mavi"
"product_id=4788","kes049r-gu10-ampul-7w-mavi"
"product_id=4789","kes049r-gu10-ampul-7w-yeşil"
"product_id=4789","kes049r-gu10-ampul-7w-yeşil"
"product_id=8007","kes054-5w-duysuz-spot-ampul"
"product_id=8007","kes054-5w-spot-bulb-without-socket"
"product_id=4794","kes071-ledli-amp-7w-e27-beyaz"
"product_id=4794","kes071-ledli-amp-7w-e27-beyaz"
"product_id=4795","kes071-ledli-amp-7w-e27-günisigi"
"product_id=4795","kes071-ledli-amp-7w-e27-günisigi"
"product_id=4796","kes072-ledli-amp-9w-e27-beyaz"
"product_id=4796","kes072-ledli-amp-9w-e27-beyaz"
"product_id=4797","kes072-ledli-amp-9w-e27-günisigi"
"product_id=4797","kes072-ledli-amp-9w-e27-günisigi"
"product_id=4798","kes073-ledli-amp-20w-e27-beyaz"
"product_id=4798","kes073-ledli-amp-20w-e27-beyaz"
"product_id=4799","kes073-ledli-amp-20w-e27-günisigi"
"product_id=4799","kes073-ledli-amp-20w-e27-günisigi"
"product_id=4800","kes074-solar-ledli-amp-7w-e27-beyaz"
"product_id=4801","kes074-solar-ledli-amp-7w-e27-günisigi"
"product_id=8008","kes075-rechargeable-led-bulb"
"product_id=8008","kes075-şarjli-led-ampul"
"product_id=8009","kes076-rechargeable-led-bulb"
"product_id=8009","kes076-şarjli-led-ampul"
"product_id=7967","kes077-re-chargeable-led-bulb"
"product_id=7967","kes077-şarjli-led-ampul"
"product_id=8010","kes078-rechargeable-flashlight-led-bulb"
"product_id=8010","kes078-şarjli-fenerli-led-ampul"
"product_id=4802","kes093-radar-sensor-ledli-amp-7w-e27-beyaz"
"product_id=4803","kes093-radar-sensor-ledli-amp-7w-e27-günişigi"
"product_id=4804","kes094-radar-sensor-ledli-amp-9w-e27-beyaz"
"product_id=4805","kes094-radar-sensor-ledli-amp-9w-e27-günişigi"
"product_id=7687","kes110-smd-ledli-g9-ampul-ac-2-5w-beyaz"
"product_id=6127","kes110-smd-ledli-g9-ampul-ac-2-5w-sari"
"product_id=6127","kes110-smd-ledli-g9-ampul-ac-2-5w-sari"
"product_id=6128","kes110-smd-ledli-g9-ampul-ac-2-5w-sari-2"
"product_id=6128","kes110-smd-ledli-g9-ampul-ac-2-5w-sari-2"
"product_id=7228","kes111-4w-220v-g9-led-ampul-beyaz"
"product_id=7228","kes111-4w-220v-g9-led-ampul-beyaz"
"product_id=7229","kes111-4w-220v-g9led-ampul-günişiği"
"product_id=7229","kes111-4w-220v-g9led-ampul-günişiği"
"product_id=7697","kes112-cob-ledli-g4-ampul-dc12v-1-5w-beyaz"
"product_id=7698","kes112-dimmable-cob-ledli-g4-ampul-dc12v-1-5w-sari"
"product_id=7697","kes112-dimmable-cob-ledli-g4-ampul-dc12v-3w-beyaz"
"product_id=7698","kes112-dimmable-cob-ledli-g4-ampul-dc12v-3w-sari"
"product_id=4806","kes119-5w-led-ampul-kırmızı"
"product_id=4806","kes119-5w-led-ampul-kırmızı"
"product_id=4807","kes119-5w-led-ampul-mavi"
"product_id=4807","kes119-5w-led-ampul-mavi"
"product_id=4808","kes119-5w-led-ampul-sarı"
"product_id=4808","kes119-5w-led-ampul-sarı"
"product_id=4809","kes119-5w-led-ampul-yeşil"
"product_id=4809","kes119-5w-led-ampul-yeşil"
"product_id=4810","kes120-5w-led-ampul-ararenk"
"product_id=4810","kes120-5w-led-ampul-ararenk"
"product_id=4811","kes120-5w-led-ampul-beyaz"
"product_id=4811","kes120-5w-led-ampul-beyaz"
"product_id=4812","kes120-5w-led-ampul-günışığı"
"product_id=4812","kes120-5w-led-ampul-günışığı"
"product_id=4813","kes122-10w-220v-led-ampul-ararenk"
"product_id=4813","kes122-10w-220v-led-ampul-ararenk"
"product_id=4814","kes122-10w-220v-led-ampul-beyaz"
"product_id=4814","kes122-10w-220v-led-ampul-beyaz"
"product_id=4815","kes122-10w-220v-led-ampul-günişiği"
"product_id=4815","kes122-10w-220v-led-ampul-günışığı"
"product_id=4816","kes123-12w-220v-led-ampul-ararenk"
"product_id=4816","kes123-12w-220v-led-ampul-ararenk"
"product_id=4817","kes123-12w-220v-led-ampul-beyaz_"
"product_id=4817","kes123-12w-220v-led-ampul-beyaz_"
"product_id=4818","kes123-12w-220v-led-ampul-günişiği"
"product_id=4818","kes123-12w-220v-led-ampul-günışığı"
"product_id=4819","kes124-15w-220v-led-ampul-ararenk"
"product_id=4820","kes124-15w-220v-led-ampul-beyaz"
"product_id=4821","kes124-15w-220v-led-ampul-günışığı"
"product_id=4822","kes125-18w-220v-led-ampul-ararenk"
"product_id=4823","kes125-18w-220v-led-ampul-beyaz"
"product_id=4824","kes125-18w-220v-led-ampul-günışığı"
"product_id=4825","kes126-8w-220v-led-ampul-ararenk"
"product_id=4825","kes126-8w-220v-led-ampul-ararenk"
"product_id=4826","kes126-8w-220v-led-ampul-beyaz"
"product_id=4826","kes126-8w-220v-led-ampul-beyaz"
"product_id=4827","kes126-8w-220v-led-ampul-günişiği"
"product_id=4827","kes126-8w-220v-led-ampul-günışığı"
"product_id=4828","kes130-20w-265v-led-ampul-beyaz"
"product_id=4828","kes130-20w-265v-led-ampul-beyaz"
"product_id=4829","kes130-20w-265v-led-ampul-günışığı"
"product_id=4829","kes130-20w-265v-led-ampul-günişiği"
"product_id=4830","kes131-30w-265v-led-ampul-beyaz"
"product_id=4830","kes131-30w-265v-led-ampul-beyaz"
"product_id=4831","kes131-30w-265v-led-ampul-günişiği"
"product_id=4831","kes131-30w-265v-led-ampul-günışığı"
"product_id=4832","kes132-40w-265v-led-ampul-beyaz"
"product_id=4832","kes132-40w-265v-led-ampul-beyaz"
"product_id=4833","kes132-40w-265v-led-ampul-günişiği"
"product_id=4833","kes132-40w-265v-led-ampul-günışığı"
"product_id=4834","kes133-50w-265v-led-ampul-beyaz"
"product_id=4834","kes133-50w-265v-led-ampul-beyaz"
"product_id=4835","kes133-50w-265v-led-ampul-günişiği"
"product_id=4835","kes133-50w-265v-led-ampul-günışığı"
"product_id=4836","kes134-60w-265v-led-ampul-beyaz"
"product_id=4836","kes134-60w-265v-led-ampul-beyaz"
"product_id=4837","kes134-60w-265v-led-ampul-günışığı"
"product_id=4837","kes134-60w-265v-led-ampul-günişiği"
"product_id=4838","kes141-cob-led-pendante-arm-50w-beyaz"
"product_id=4839","kes141-cob-led-pendante-arm-50w-günışığı"
"product_id=4840","kes142-cob-led-pendante-arm-70w-beyaz"
"product_id=4841","kes142-cob-led-pendante-arm-70w-günışığı"
"product_id=4842","kes143-cob-led-pendante-arm-100w-beyaz"
"product_id=4843","kes143-cob-led-pendante-arm-100w-günışığı"
"product_id=4844","kes145-cob-led-pendante-arm-50w-beyaz"
"product_id=4845","kes145-cob-led-pendante-arm-50w-günışığı"
"product_id=4846","kes146-cob-led-pendante-arm-70w-beyaz"
"product_id=4847","kes146-cob-led-pendante-arm-70w-günışığı"
"product_id=4848","kes147-cob-led-pendante-arm-100w-beyaz"
"product_id=4849","kes147-cob-led-pendante-arm-100w-günışığı"
"product_id=7712","kes171-12w-160-260v-led-ampul-ararenk"
"product_id=7712","kes171-12w-160-260v-led-ampul-ararenk"
"product_id=7711","kes171-12w-160-260v-led-ampul-beyaz"
"product_id=7711","kes171-12w-160-260v-led-ampul-beyaz"
"product_id=7713","kes171-12w-160-260v-led-ampul-gunisigi"
"product_id=7713","kes171-12w-160-260v-led-ampul-gunisigi"
"product_id=7492","kes178-3w-disco-ampul-rgb"
"product_id=7492","kes178-3w-disco-ampul-rgb"
"product_id=4850","kes180-8w-220v-led-ampul-ararenk"
"product_id=4850","kes180-8w-220v-led-ampul-ararenk"
"product_id=4851","kes180-8w-220v-led-ampul-beyaz"
"product_id=4851","kes180-8w-220v-led-ampul-beyaz"
"product_id=4852","kes180-8w-220v-led-ampul-günışığı"
"product_id=4852","kes180-8w-220v-led-ampul-gunişiği"
"product_id=8108","kes181-8w-led-ampul"
"product_id=8108","kes181-8w-led-bulb"
"product_id=4854","kes181-9w-220v-led-ampul"
"product_id=4853","kes181-9w-220v-led-ampul-ararenk"
"product_id=4853","kes181-9w-220v-led-ampul-ararenk"
"product_id=4855","kes181-9w-220v-led-ampul-günişiği"
"product_id=4855","kes181-9w-220v-led-ampul-günışığı"
"product_id=4854","kes181-9w-220v-led-bulb"
"product_id=4856","kes182-14w-220v-led-ampul-ararenk"
"product_id=4856","kes182-14w-220v-led-ampul-ararenk"
"product_id=4857","kes182-14w-220v-led-ampul-beyaz"
"product_id=4857","kes182-14w-220v-led-ampul-beyaz"
"product_id=4858","kes182-14w-220v-led-ampul-günışığı"
"product_id=4858","kes182-14w-220v-led-ampul-günişiği"
"product_id=4859","kes183-5w-candle-led-amp-e14-k2-ararenk"
"product_id=4859","kes183-5w-candle-led-amp-e14-k2-ararenk"
"product_id=4860","kes183-5w-candle-led-amp-e14-k2-beyaz"
"product_id=4860","kes183-5w-candle-led-amp-e14-k2-beyaz"
"product_id=4861","kes183-5w-candle-led-amp-e14-k2-gunisigi"
"product_id=4861","kes183-5w-candle-led-amp-e14-k2-günışığı"
"product_id=4862","kes184-7w-candle-led-amp-e14-k2-ararenk"
"product_id=4862","kes184-7w-candle-led-amp-e14-k2-ararenk"
"product_id=4863","kes184-7w-candle-led-amp-e14-k2-beyaz"
"product_id=4863","kes184-7w-candle-led-amp-e14-k2-beyaz"
"product_id=4864","kes184-7w-candle-led-amp-e14-k2-gunisigi"
"product_id=4864","kes184-7w-candle-led-amp-e14-k2-günışığı"
"product_id=7690","kes185-12w-220v-led-ampul-ararenk"
"product_id=7690","kes185-12w-220v-led-ampul-ararenk"
"product_id=7689","kes185-12w-220v-led-ampul-beyaz"
"product_id=7689","kes185-12w-220v-led-ampul-beyaz"
"product_id=7691","kes185-12w-220v-led-ampul-gunisigi"
"product_id=7691","kes185-12w-220v-led-ampul-gunisigi"
"product_id=7493","kes186-9w-led-ampul-ararenk"
"product_id=7493","kes186-9w-led-ampul-ararenk"
"product_id=7494","kes186-9w-led-ampul-beyaz"
"product_id=7494","kes186-9w-led-ampul-beyaz"
"product_id=7495","kes186-9w-led-ampul-günişiği"
"product_id=7495","kes186-9w-led-ampul-günişiği"
"product_id=7724","kes191-6w-led-pil-ampul"
"product_id=7724","kes191-6w-led-stick-bulb"
"product_id=7725","kes192-9w-e14-led-pil-ampul"
"product_id=7725","kes192-9w-e14-led-stick-bulb"
"product_id=7726","kes193-7w-e27-led-pil-ampul"
"product_id=7726","kes193-7w-e27-led-stick-bulb"
"product_id=7727","kes194-10w-e27-led-pil-ampul"
"product_id=7727","kes194-10w-e27-led-stick-bulb"
"product_id=7728","kes195-12w-e27-led-pil-ampul"
"product_id=7728","kes195-12w-e27-led-stick-bulb"
"product_id=6131","kes205-5w-candle-led-amp-e14-k2-ararenk"
"product_id=6131","kes205-5w-candle-led-amp-e14-k2-ararenk"
"product_id=4865","kes205-5w-candle-led-amp-e14-k2-beyaz"
"product_id=4865","kes205-5w-candle-led-amp-e14-k2-beyaz"
"product_id=4866","kes205-5w-candle-led-amp-e14-k2-gunisigi"
"product_id=4866","kes205-5w-candle-led-amp-e14-k2-günışığı"
"product_id=6132","kes206-5w-candle-led-amp-e14-k2-ararenk"
"product_id=6132","kes206-5w-candle-led-amp-e14-k2-ararenk"
"product_id=4867","kes206-5w-candle-led-amp-e14-k2-beyaz"
"product_id=4867","kes206-5w-candle-led-amp-e14-k2-beyaz"
"product_id=4868","kes206-5w-candle-led-amp-e14-k2-gunisigi"
"product_id=4868","kes206-5w-candle-led-amp-e14-k2-günışığı"
"product_id=4869","kes207-5w-candle-led-amp-e27-k2-beyaz"
"product_id=4869","kes207-5w-candle-led-amp-e27-k2-beyaz"
"product_id=4870","kes207-5w-candle-led-amp-e27-k2-gunisigi"
"product_id=4870","kes207-5w-candle-led-amp-e27-k2-günışığı"
"product_id=4871","kes208-5w-candle-led-amp-e14-k2-beyaz"
"product_id=4871","kes208-5w-candle-led-amp-e14-k2-beyaz"
"product_id=4872","kes208-5w-candle-led-amp-e14-k2-gunisigi"
"product_id=4872","kes208-5w-candle-led-amp-e14-k2-günışığı"
"product_id=4873","kes209-8w-candle-led-amp-e14-k2-beyaz"
"product_id=4873","kes209-8w-candle-led-amp-e14-k2-beyaz"
"product_id=4874","kes209-8w-candle-led-amp-e14-k2-günışığı"
"product_id=4874","kes209-8w-candle-led-amp-e14-k2-gunisigi"
"product_id=7966","kes210-7w-led-tailed-bulbs"
"product_id=7966","kes210-7w-ledli-kivrik-buji-ampul"
"product_id=4875","kes222-9w-12*48v-led-ampul-beyaz"
"product_id=4875","kes222-9w-12*48v-led-ampul-beyaz"
"product_id=4876","kes222-9w-12*48v-led-ampul-günışığı"
"product_id=4877","kes300-9w-rgb-kumandali-ampul-beyaz"
"product_id=4877","kes300-9w-rgb-kumandali-ampul-beyaz"
"product_id=7496","kes301-9w-a60-e27-akilli-ampul-rgb"
"product_id=7496","kes301-9w-a60-e27-akilli-ampul-rgb"
"product_id=7648","kes302-12w-a60-e27-akilli-ampul-rgb"
"product_id=7648","kes302-12w-a60-e27-akilli-ampul-rgb"
"product_id=4878","kes400-smd-panel-led-ampül-20w-e27-beyaz"
"product_id=4878","kes400-smd-panel-led-ampul-20w-e27-beyaz"
"product_id=4879","kes400-smd-panel-led-ampul-20w-e27-günışığı"
"product_id=4879","kes400-smd-panel-led-ampül-20w-e27-gunisigi"
"product_id=4880","kes401-smd-panel-led-ampul-26w-e27-beyaz"
"product_id=4881","kes401-smd-panel-led-ampul-26w-e27-günışığı"
"product_id=4882","kes402-smd-panel-led-ampul-36w-e27-beyaz"
"product_id=4882","kes402-smd-panel-led-ampül-36w-e27-beyaz"
"product_id=4883","kes402-smd-panel-led-ampül-36w-e27-gunisigi"
"product_id=4883","kes402-smd-panel-led-ampul-36w-e27-günışığı"
"product_id=4884","kes403-smd-panel-led-ampul-50w-e27-beyaz"
"product_id=4885","kes403-smd-panel-led-ampul-50w-e27-günışığı"
"product_id=6133","kes405-20w-t5-ledli-simit-amp-beyaz"
"product_id=6133","kes405-20w-t5-ledli-simit-amp-beyaz"
"product_id=6134","kes405-20w-t5-ledli-simit-amp-günişiği"
"product_id=6134","kes405-20w-t5-ledli-simit-amp-günişiği"
"product_id=4886","kes408-smd-panel-led-ampül-26w-e27-beyaz"
"product_id=4886","kes408-smd-panel-led-ampul-26w-e27-beyaz"
"product_id=4887","kes408-smd-panel-led-ampul-26w-e27-günışığı"
"product_id=4887","kes408-smd-panel-led-ampül-26w-e27-gunisigi"
"product_id=4888","kes409-smd-panel-led-ampul-12w-e27-beyaz"
"product_id=4889","kes409-smd-panel-led-ampul-12w-e27-günışığı"
"product_id=4890","kes410-smd-panel-led-ampul-20w-e27-beyaz"
"product_id=4891","kes410-smd-panel-led-ampul-20w-e27-günışığı"
"product_id=6135","kes411-smd-led-amp-26w-e27-kirmizi*beyaz-1"
"product_id=6135","kes411-smd-led-amp-26w-e27-kirmizi*beyaz-1"
"product_id=6136","kes411-smd-led-amp-26w-e27-kirmizi*gunisigi-1"
"product_id=6136","kes411-smd-led-amp-26w-e27-kirmizi*gunisigi-1"
"product_id=6137","kes411-smd-led-amp-26w-e27-mavi*beyaz-1"
"product_id=6137","kes411-smd-led-amp-26w-e27-mavi*beyaz-1"
"product_id=6138","kes411-smd-led-amp-26w-e27-mavi*gunisigi"
"product_id=6138","kes411-smd-led-amp-26w-e27-mavi*gunisigi"
"product_id=6139","kes411-smd-led-amp-26w-e27-sari*beyaz-1"
"product_id=6139","kes411-smd-led-amp-26w-e27-sari*beyaz-1"
"product_id=6140","kes411-smd-led-amp-26w-e27-sari*gunisigi-1"
"product_id=6140","kes411-smd-led-amp-26w-e27-sari*gunisigi-1"
"product_id=6141","kes411-smd-led-amp-26w-e27-yeşil*beyaz-1"
"product_id=6141","kes411-smd-led-amp-26w-e27-yeşil*beyaz-1"
"product_id=6142","kes411-smd-led-amp-26w-e27-yeşil*gunisigi-1"
"product_id=6142","kes411-smd-led-amp-26w-e27-yeşil*gunisigi-1"
"product_id=4892","kes411-smd-panel-led-ampül-24w-e27-beyaz"
"product_id=4892","kes411-smd-panel-led-ampul-24w-e27-beyaz"
"product_id=4893","kes411-smd-panel-led-ampül-24w-e27-gunisigi"
"product_id=4893","kes411-smd-panel-led-ampul-24w-e27-günışığı"
"product_id=4903","kes412-smd-led-amp-36w-e27-kırmızı*beyaz"
"product_id=6143","kes412-smd-led-amp-36w-e27-kirmizi*beyaz-1"
"product_id=6143","kes412-smd-led-amp-36w-e27-kirmizi*beyaz-1"
"product_id=4904","kes412-smd-led-amp-36w-e27-kırmızı*günışığı"
"product_id=6144","kes412-smd-led-amp-36w-e27-kirmizi*gunisigi-1"
"product_id=6144","kes412-smd-led-amp-36w-e27-kirmizi*gunisigi-1"
"product_id=4905","kes412-smd-led-amp-36w-e27-mavi*beyaz"
"product_id=6145","kes412-smd-led-amp-36w-e27-mavi*beyaz-1"
"product_id=6145","kes412-smd-led-amp-36w-e27-mavi*beyaz-1"
"product_id=6146","kes412-smd-led-amp-36w-e27-mavi*gunisigi"
"product_id=6146","kes412-smd-led-amp-36w-e27-mavi*gunisigi"
"product_id=4906","kes412-smd-led-amp-36w-e27-sarı*beyaz"
"product_id=6147","kes412-smd-led-amp-36w-e27-sari*beyaz-1"
"product_id=6147","kes412-smd-led-amp-36w-e27-sari*beyaz-1"
"product_id=4907","kes412-smd-led-amp-36w-e27-sarı*günışığı"
"product_id=6148","kes412-smd-led-amp-36w-e27-sari*gunisigi-1"
"product_id=6148","kes412-smd-led-amp-36w-e27-sari*gunisigi-1"
"product_id=4908","kes412-smd-led-amp-36w-e27-yeşil*beyaz"
"product_id=6149","kes412-smd-led-amp-36w-e27-yeşil*beyaz-1"
"product_id=6149","kes412-smd-led-amp-36w-e27-yeşil*beyaz-1"
"product_id=4909","kes412-smd-led-amp-36w-e27-yeşil*günışığı"
"product_id=6150","kes412-smd-led-amp-36w-e27-yeşil*gunisigi-1"
"product_id=6150","kes412-smd-led-amp-36w-e27-yeşil*gunisigi-1"
"product_id=4901","kes412-smd-panel-led-ampul-36w-e27-beyaz"
"product_id=4902","kes412-smd-panel-led-ampul-36w-e27-günışığı"
"product_id=6151","kes413-smd-led-amp-50w-e27-kirmizi*beyaz-1"
"product_id=6151","kes413-smd-led-amp-50w-e27-kirmizi*beyaz-1"
"product_id=6152","kes413-smd-led-amp-50w-e27-kirmizi*gunisigi-1"
"product_id=6152","kes413-smd-led-amp-50w-e27-kirmizi*gunisigi-1"
"product_id=6153","kes413-smd-led-amp-50w-e27-mavi*beyaz-1"
"product_id=6153","kes413-smd-led-amp-50w-e27-mavi*beyaz-1"
"product_id=6154","kes413-smd-led-amp-50w-e27-mavi*gunisigi"
"product_id=6154","kes413-smd-led-amp-50w-e27-mavi*gunisigi"
"product_id=6155","kes413-smd-led-amp-50w-e27-sari*beyaz-1"
"product_id=6155","kes413-smd-led-amp-50w-e27-sari*beyaz-1"
"product_id=6156","kes413-smd-led-amp-50w-e27-sari*gunisigi-1"
"product_id=6156","kes413-smd-led-amp-50w-e27-sari*gunisigi-1"
"product_id=6157","kes413-smd-led-amp-50w-e27-yeşil*beyaz-1"
"product_id=6157","kes413-smd-led-amp-50w-e27-yeşil*beyaz-1"
"product_id=6158","kes413-smd-led-amp-50w-e27-yeşil*gunisigi-1"
"product_id=6158","kes413-smd-led-amp-50w-e27-yeşil*gunisigi-1"
"product_id=4910","kes413-smd-panel-led-ampul-50w-e27-beyaz"
"product_id=4911","kes413-smd-panel-led-ampul-50w-e27-günışığı"
"product_id=4919","kes460-5w-led-alev-ampul-1300k"
"product_id=4919","kes460-5w-led-alev-ampul-1300k"
"product_id=4920","kes470-36w-kanatli-led-ampul-e27-beyaz"
"product_id=4921","kes471-45w-kanatli-led-ampul-e27-beyaz"
"product_id=4921","kes471-45w-kanatli-led-ampul-e27-beyaz"
"product_id=7980","kes472-fanli-led-ampul"
"product_id=7980","kes472-led-bulb-with-fan"
"product_id=8011","kes473-led-bulb-with-fan"
"product_id=8011","kes473-vantilatörlü-led-ampul"
"product_id=8111","kes473k-crystal-covered-fan-led-bulb"
"product_id=8111","kes473k-kristal-kapakli-fanli-led-ampul"
"product_id=4922","kes475-30w-led-küre-ampul-beyaz"
"product_id=4922","kes475-30w-led-küre-ampul-beyaz"
"product_id=4923","kes475-30w-led-küre-ampul-günışığı"
"product_id=4923","kes475-30w-led-küre-ampul-günişiği"
"product_id=8054","kes476-heater-led-bulb"
"product_id=8054","kes476-isiticili-led-ampul"
"product_id=8100","kes477-4-kanatli-led-pervane-ampul"
"product_id=8100","kes477-4-wing-led-fan-bulb"
"product_id=8107","kes478-gizli-kanatli-led-ampul"
"product_id=8107","kes478-hidden-blade-led-bulb"
"product_id=4924","kes497-led-flamanli-amp-4-5w-e27-beyaz"
"product_id=4924","kes497-led-flamanli-amp-4-5w-e27-beyaz"
"product_id=4925","kes497-led-flamanli-amp-4-5w-e27-gunisigi"
"product_id=4925","kes497-led-flamanli-amp-4-5w-e27-gunisigi"
"product_id=4927","kes498-led-flam-kiv-buji-amp-4-5w-e14-gunisigi"
"product_id=4927","kes498-led-flam-kiv-buji-amp-4-5w-e14-gunisigi"
"product_id=4926","kes498-led-flam-liv-buji-amp-4-5w-e14-beyaz"
"product_id=4926","kes498-led-flam-liv-buji-amp-4-5w-e14-beyaz"
"product_id=4928","kes499-led-flamanli-buji-amp-4-5w-e14-beyaz"
"product_id=4928","kes499-led-flamanli-buji-amp-4-5w-e14-beyaz"
"product_id=4929","kes499-led-flamanli-buji-amp-4w-e14-gunisigi"
"product_id=4929","kes499-led-flamanli-buji-amp-4w-e14-gunisigi"
"product_id=4930","kes501-led-flamanli-amp-6w-e27-beyaz"
"product_id=4930","kes501-led-flamanli-amp-6w-e27-beyaz"
"product_id=4931","kes501-led-flamanli-amp-6w-e27-günışığı"
"product_id=4931","kes501-led-flamanli-amp-6w-e27-gunisigi"
"product_id=4932","kes502-led-flamanli-amp-8w-e27-beyaz"
"product_id=4932","kes502-led-flamanli-amp-8w-e27-beyaz"
"product_id=4933","kes502-led-flamanli-amp-8w-e27-günışığı"
"product_id=4933","kes502-led-flamanli-amp-8w-e27-gunisigi"
"product_id=7984","kes505-cob-flamanli-amp-6w-e27-6500k"
"product_id=7984","kes505-cob-flamanli-amp-6w-e27-6500k"
"product_id=4934","kes505-cob-flamanli-amp-6w-e27-günışığı"
"product_id=4934","kes505-cob-flamanli-amp-6w-e27-gunisigi"
"product_id=8105","kes506-cob-flamanli-amp-6w-e27-6500k"
"product_id=4935","kes506-cob-flamanli-amp-6w-e27-gunisigi"
"product_id=4935","kes506-cob-flamanli-amp-6w-e27-günışığı"
"product_id=8105","kes506-cobled-filament-bulb-6w-e27-6500k"
"product_id=4936","kes507-cob-flamanli-amp-8w-e27-günışığı"
"product_id=4936","kes507-cob-flamanli-amp-8w-e27-gunisigi"
"product_id=8106","kes515-cob-flamanli-st64-amp-8w-e14-6500k"
"product_id=4937","kes515-cob-flamanli-t30-amp-8w-e14-günışığı"
"product_id=4937","kes515-cob-flamanli-t30-amp-8w-e14-gunisigi"
"product_id=8106","kes515-cob-led-filament-bulb-st64-8w-e14-6500k"
"product_id=4938","kes600-cob-flam-kivr-buji-amp-4-5w-e14-gunisigi"
"product_id=4938","kes600-cob-flam-kivr-buji-amp-4-5w-e14-gunisigi"
"product_id=4939","kes601-cob-flamanli-buji-amp-4-5w-e14-gunisigi"
"product_id=4939","kes601-cob-flamanli-buji-amp-4-5w-e14-gunisigi"
"product_id=4940","kes602-led-flamanli-amp-4-5w-e27-gunisigi"
"product_id=4940","kes602-led-flamanli-amp-4-5w-e27-gunisigi"
"product_id=4941","kes603-led-flamanli-amp-6w-e27-gunisigi"
"product_id=4941","kes603-led-flamanli-amp-6w-e27-günışığı"
"product_id=4942","kes604-led-flamanli-amp-8w-e27-günışığı"
"product_id=4942","kes604-led-flamanli-amp-8w-e27-gunisigi"
"product_id=4943","kes605-cob-flamanli-amp-6w-e27-gunisigi"
"product_id=4943","kes605-cob-flamanli-amp-6w-e27-günışığı"
"product_id=4944","kes606-cob-flamanli-amp-6w-e27-gunisigi"
"product_id=4944","kes606-cob-flamanli-amp-6w-e27-günışığı"
"product_id=4945","kes607-cob-flamanli-amp-8w-e27-günışığı"
"product_id=4945","kes607-cob-flamanli-amp-8w-e27-gunisigi"
"product_id=4946","kes609-cob-flamanli-amp-4w-e27-günışığı"
"product_id=4947","kes610-cob-flamanli-amp-4w-e14-günışığı"
"product_id=4948","kes611-cob-flm-amp-heart-type-6w-e27-günışığı"
"product_id=4949","kes612-cob-flm-amp-diamond-type-6w-e27-günışığı"
"product_id=4949","kes612-cob-flm-amp-diamond-type-6w-e27-gunisigi"
"product_id=4950","kes613-cob-flamanli-t30-amp-8w-e14-günışığı"
"product_id=4951","kes615-cob-flamanli-ft64-amp-8w-e27-günışığı"
"product_id=4951","kes615-cob-flamanli-st64-amp-8w-e27-gunisigi"
"product_id=4952","kes616-cob-flamanli-amp-4w-e27-beyaz"
"product_id=4952","kes616-cob-flamanli-amp-4w-e27-beyaz"
"product_id=4953","kes616-cob-flamanli-amp-4w-e27-günışığı"
"product_id=4953","kes616-cob-flamanli-amp-4w-e27-gunisigi"
"product_id=4954","kes617-cob-flamanli-amp-4w-e27-beyaz"
"product_id=4954","kes617-cob-flamanli-amp-4w-e27-beyaz"
"product_id=4955","kes617-cob-flamanli-amp-4w-e27-gün-işiği"
"product_id=4955","kes617-cob-flamanli-amp-4w-e27-gün-işiği"
"product_id=4956","kes620-cob-flam-dimmable-amp-4w-e27-günışığı"
"product_id=4956","kes620-cob-flam-dimmable-amp-4w-e27-gunisigi"
"product_id=4957","kes621-cob-flam-dimmable-amp-6w-e27-gunisigi"
"product_id=4957","kes621-cob-flam-dimmable-amp-6w-e27-günışığı"
"product_id=4958","kes630-cob-flam-dimmable-amp-4w-e27-gunisigi"
"product_id=4958","kes630-cob-flam-dimmable-amp-4w-e27-günışığı"
"product_id=4959","kes631-cob-flam-dimmable-amp-6w-e27-günışığı"
"product_id=4959","kes631-cob-flam-dimmable-amp-6w-e27-gunisigi"
"product_id=4960","kes632-cob-flam-amp-6w-e27-gunisigi-dimmable"
"product_id=4960","kes632-cob-flam-amp-6w-e27-günışığı-dimmable"
"product_id=4961","kes633-cob-flam-amp-8w-e27-günışığı-dimmable"
"product_id=4961","kes633-cob-flam-amp-8w-e27-gunisigi-dimmable"
"product_id=4962","kes634-cob-flam-amp-8w-e27-gunisigi-dimmable"
"product_id=4962","kes634-cob-flam-amp-8w-e27-günışığı-dimmable"
"product_id=4963","kes635-cob-flm-amp-heart-type-6w-e27-günışığı-dimmable"
"product_id=4964","kes636-cob-flm-amp-diamond-type-6w-e27-günışığı-dimmable"
"product_id=4965","kes637-cob-flam-dimmable-amp-8w-e27-günışığı"
"product_id=8065","kes700-diş-mekan-e27-5-li-duy-set"
"product_id=8065","kes700-outdoor-e27-5-piece-socket-set"
"product_id=8066","kes701-diş-mekan-e27-20-li-duy-set"
"product_id=8066","kes701-outdoor-e27-20-piece-socket-set"
"product_id=8114","kes800-crystal-chandelier-fixture-bulb-crystal-daisy"
"product_id=8114","kes800-kristal-avize-armatür-ampul-kristal-papatya"
"product_id=8115","kes801-4-light-round-crystal-chandelier-bulb-crystal-clover"
"product_id=8115","kes801-4-lü-yuvarlak-kristal-avize-ampul-kristal-yonca"
"product_id=8116","kes802-4-light-square-crystal-chandelier-bulb-crystal-lily"
"product_id=8116","kes802-4-lü-kare-kristal-avize-ampul-kristal-zambak"
"product_id=8117","kes803-round-e27-crystal-chandelier-model"
"product_id=8117","kes803-yuvarlak-e27-kristal-avize-model"
"product_id=4966","kexit101-exit-acil-çikiş-arm-led-aşaği"
"product_id=4966","kexit101-exit-acil-çikiş-arm-led-aşaği"
"product_id=4967","kexit101-exit-acil-çikiş-arm-led-yan"
"product_id=4967","kexit101-exit-acil-çikiş-arm-led-yan"
"product_id=7274","kexit204-exit-acil-çikiş-arm-led-aşaği"
"product_id=7274","kexit204-exit-acil-çikiş-arm-led-aşaği"
"product_id=7275","kexit205-exit-acil-çikiş-arm-led-aşaği"
"product_id=7275","kexit205-exit-acil-çikiş-arm-led-aşaği"
"product_id=7276","kexit206-exit-acil-çikiş-arm-led-yukari"
"product_id=7276","kexit206-exit-acil-çikiş-arm-led-yukari"
"product_id=7277","kexit207-exit-acil-çikiş-arm-led-yan"
"product_id=7277","kexit207-exit-acil-çikiş-arm-led-yan"
"product_id=7278","kexit208-exit-acil-çikiş-arm-led-merdiven-aşaği"
"product_id=7278","kexit208-exit-acil-çikiş-arm-led-merdiven-aşaği"
"product_id=7279","kexit209-exit-acil-çikiş-arm-led-yukari"
"product_id=7279","kexit209-exit-acil-çikiş-arm-led-yukari"
"product_id=7280","kexit210-exit-acil-çikiş-arm-led-yan"
"product_id=7280","kexit210-exit-acil-çikiş-arm-led-yan"
"product_id=7281","kexit211-exit-acil-çikiş-arm-led-yan"
"product_id=7281","kexit211-exit-acil-çikiş-arm-led-yan"
"product_id=7282","kexit212-exit-acil-çikiş-arm-led-aşaği"
"product_id=7282","kexit212-exit-acil-çikiş-arm-led-aşaği"
"product_id=7283","kexit213-exit-acil-çikiş-arm-led-aşaği"
"product_id=7283","kexit213-exit-acil-çikiş-arm-led-aşaği"
"product_id=7284","kexit214-exit-acil-çikiş-arm-led-aşaği"
"product_id=7284","kexit214-exit-acil-çikiş-arm-led-aşaği"
"product_id=7285","kexit215-exit-acil-çikiş-arm-led-yukari"
"product_id=7285","kexit215-exit-acil-çikiş-arm-led-yukari"
"product_id=7286","kexit216-exit-acil-çikiş-arm-led-yan"
"product_id=7286","kexit216-exit-acil-çikiş-arm-led-yan"
"product_id=7287","kexit217-exit-acil-çikiş-arm-led-aşaği"
"product_id=7287","kexit217-exit-acil-çikiş-arm-led-aşaği"
"product_id=7288","kexit218-exit-acil-çikiş-arm-led-yukari"
"product_id=7288","kexit218-exit-acil-çikiş-arm-led-yukari"
"product_id=7289","kexit219-exit-acil-çikiş-arm-led-yukari"
"product_id=7289","kexit219-exit-acil-çikiş-arm-led-yukari"
"product_id=7290","kexit220-exit-acil-çikiş-arm-led-yukari"
"product_id=7290","kexit220-exit-acil-çikiş-arm-led-yukari"
"product_id=7291","kexit221-exit-acil-çikiş-arm-led-yukari"
"product_id=7291","kexit221-exit-acil-çikiş-arm-led-yukari"
"product_id=7292","kexit222-exit-acil-çikiş-arm-led-yan"
"product_id=7292","kexit222-exit-acil-çikiş-arm-led-yan"
"product_id=7293","kexit223-exit-acil-çikiş-arm-led-yan"
"product_id=7293","kexit223-exit-acil-çikiş-arm-led-yan"
"product_id=7294","kexit224-exit-acil-çikiş-arm-led-yukari"
"product_id=7294","kexit224-exit-acil-çikiş-arm-led-yukari"
"product_id=7295","kexit225-exit-acil-çikiş-arm-led-merdiven-yukari"
"product_id=7295","kexit225-exit-acil-çikiş-arm-led-merdiven-yukari"
"product_id=7296","kexit226-exit-acil-çikiş-arm-led-yan"
"product_id=7296","kexit226-exit-acil-çikiş-arm-led-yan"
"product_id=7297","kexit227-exit-acil-çikiş-arm-led-yan"
"product_id=7297","kexit227-exit-acil-çikiş-arm-led-yan"
"product_id=7298","kexit228-exit-acil-çikiş-arm-led-aşaği"
"product_id=7298","kexit228-exit-acil-çikiş-arm-led-aşaği"
"product_id=7299","kexit229-exit-acil-çikiş-arm-led-yan"
"product_id=7299","kexit229-exit-acil-çikiş-arm-led-yan"
"product_id=7300","kexit230-exit-acil-çikiş-arm-led-yan"
"product_id=7300","kexit230-exit-acil-çikiş-arm-led-yan"
"product_id=7301","kexit231-exit-acil-çikiş-arm-led-yukari"
"product_id=7301","kexit231-exit-acil-çikiş-arm-led-yukari"
"product_id=7302","kexit232-exit-acil-çikiş-arm-led-aşaği"
"product_id=7302","kexit232-exit-acil-çikiş-arm-led-aşaği"
"product_id=7303","kexit233-exit-acil-çikiş-arm-led-yukari"
"product_id=7303","kexit233-exit-acil-çikiş-arm-led-yukari"
"product_id=7304","kexit234-exit-acil-çikiş-arm-led-aşaği"
"product_id=7304","kexit234-exit-acil-çikiş-arm-led-aşaği"
"product_id=7305","kexit235-exit-acil-çikiş-arm-led"
"product_id=7305","kexit235-exit-acil-çikiş-arm-led"
"product_id=7306","kexit236-exit-acil-çikiş-arm-led-aşaği"
"product_id=7306","kexit236-exit-acil-çikiş-arm-led-aşaği"
"product_id=7307","kexit237-exit-acil-çikiş-arm-led-merdiven-yukari"
"product_id=7307","kexit237-exit-acil-çikiş-arm-led-merdiven-yukari"
"product_id=7308","kexit238-exit-acil-çikiş-arm-led-merdiven-aşaği"
"product_id=7308","kexit238-exit-acil-çikiş-arm-led-merdiven-aşaği"
"product_id=6159","kfb060-t5-floresan-13w-beyaz"
"product_id=6159","kfb060-t5-floresan-13w-beyaz"
"product_id=4968","kfb060-t5-floresan-21w-beyaz"
"product_id=7309","kfl118-smd-ledli-flo-amp-10w-ararenk-910"
"product_id=7309","kfl118-smd-ledli-flo-amp-10w-ararenk-910"
"product_id=4971","kfl118-smd-ledli-flo-amp-10w-beyaz-910"
"product_id=4972","kfl118-smd-ledli-flo-amp-10w-kırmızı-910"
"product_id=4969","kfl118-smd-ledli-flo-amp-10w-mavi-910"
"product_id=4970","kfl118-smd-ledli-flo-amp-10w-sarı-910"
"product_id=4973","kfl118-smd-ledli-flo-amp-10w-yeşil-910"
"product_id=7812","kfl118c-10w-led-tube-led-tube-with-radar-sensor"
"product_id=7812","kfl118c-10w-led-tüp-floresan"
"product_id=4974","kfl119-t8-led-alu-alloy-60cm-beyaz"
"product_id=4975","kfl119-t8-led-alu-alloy-60cm-günışığı"
"product_id=4976","kfl120-t8-led-alu-alloy-120cm-beyaz"
"product_id=4977","kfl120-t8-led-alu-alloy-120cm-günışığı"
"product_id=4978","kfl121-4w-t5-led-alu-alloy-beyaz"
"product_id=4978","kfl121-4w-t5-led-alu-alloy-beyaz"
"product_id=4979","kfl121-4w-t5-led-alu-alloy-günışığı"
"product_id=4979","kfl121-4w-t5-led-alu-alloy-günişiği"
"product_id=4980","kfl122-9w-t5-led-alu-alloy-beyaz"
"product_id=4981","kfl122-9w-t5-led-alu-alloy-günışığı"
"product_id=4982","kfl123-14w-t5-led-alu-alloy-beyaz"
"product_id=4983","kfl123-14w-t5-led-alu-alloy-günışığı"
"product_id=4984","kfl124-18w-t5-led-alu-alloy-beyaz"
"product_id=4985","kfl124-18w-t5-led-alu-alloy-günışığı"
"product_id=7310","kfl136-smd-ledli-flo-amp-20w-ararenk-2300"
"product_id=7310","kfl136-smd-ledli-flo-amp-20w-ararenk-2300"
"product_id=4987","kfl136-smd-ledli-flo-amp-20w-beyaz-2300"
"product_id=4988","kfl136-smd-ledli-flo-amp-20w-kırmızı-2300"
"product_id=4989","kfl136-smd-ledli-flo-amp-20w-mavi-2300"
"product_id=4986","kfl136-smd-ledli-flo-amp-20w-sarı-2300"
"product_id=4990","kfl136-smd-ledli-flo-amp-20w-yeşil-2300"
"product_id=7813","kfl136c-20w-led-tube-led-tube-with-radar-sensor"
"product_id=7813","kfl136c-20w-led-tüp-floresan"
"product_id=4991","kfl136se-radar-sensör-ledli-amp-17w-beyaz"
"product_id=4992","kfl136se-radar-sensör-ledli-amp-17w-sarı"
"product_id=4994","kfl137-t5-led-alu-alloy-30cm-beyaz"
"product_id=4994","kfl137-t5-led-alu-alloy-30cm-beyaz"
"product_id=4993","kfl137-t5-led-alu-alloy-30cm-günişiği"
"product_id=4993","kfl137-t5-led-alu-alloy-30cm-günışığı"
"product_id=4995","kfl138-t5-led-alu-alloy-60cm-beyaz"
"product_id=4995","kfl138-t5-led-alu-alloy-60cm-beyaz"
"product_id=4996","kfl138-t5-led-alu-alloy-60cm-günişiği"
"product_id=4996","kfl138-t5-led-alu-alloy-60cm-günışığı"
"product_id=4997","kfl139-t5-led-alu-alloy-90cm-beyaz"
"product_id=4997","kfl139-t5-led-alu-alloy-90cm-beyaz"
"product_id=4998","kfl139-t5-led-alu-alloy-90cm-gunisigi"
"product_id=4998","kfl139-t5-led-alu-alloy-90cm-günışığı"
"product_id=4999","kfl140-t5-led-alu-alloy-120cm-beyaz"
"product_id=4999","kfl140-t5-led-alu-alloy-120cm-beyaz"
"product_id=5000","kfl140-t5-led-alu-alloy-120cm-günişiği"
"product_id=5000","kfl140-t5-led-alu-alloy-120cm-günışığı"
"product_id=5001","kfl141-elektronik-yatay-arm-ledli-10w-beyaz"
"product_id=5002","kfl141-elektronik-yatay-arm-ledli-10w-günışığı"
"product_id=5003","kfl142-elektronik-yatay-arm-ledli-20w-beyaz"
"product_id=5004","kfl142-elektronik-yatay-arm-ledli-20w-günışığı"
"product_id=5005","kfl143-elektronik-yatay-arm-ledli-30w-beyaz"
"product_id=5006","kfl143-elektronik-yatay-arm-ledli-30w-günışığı"
"product_id=5007","kfl144-elektronik-yatay-arm-ledli-40w-beyaz"
"product_id=5008","kfl144-elektronik-yatay-arm-ledli-40w-günışığı"
"product_id=5009","kfl144se-elekt-yat-arm-ledli-body-sensör-36w-beyaz"
"product_id=5010","kfl144se-elekt-yat-arm-ledli-body-sensör-36w-günışığı"
"product_id=5011","kfl145-ledli-yatay-armatur-18w-ararenk"
"product_id=5011","kfl145-ledli-yatay-armatur-18w-ararenk"
"product_id=5012","kfl145-ledli-yatay-armatur-18w-beyaz"
"product_id=5012","kfl145-ledli-yatay-armatur-18w-beyaz"
"product_id=5013","kfl145-ledli-yatay-armatur-18w-günışığı"
"product_id=5013","kfl145-ledli-yatay-armatur-18w-günışığı"
"product_id=6160","kfl145a-ledli-yatay-armatur-18w-beyaz"
"product_id=6160","kfl145a-ledli-yatay-armatur-18w-beyaz"
"product_id=6161","kfl145a-ledli-yatay-armatur-18w-günişiği"
"product_id=6161","kfl145a-ledli-yatay-armatur-18w-günişiği"
"product_id=5014","kfl145b-ledli-yatay-armatur-kitli-18w-beyaz"
"product_id=5015","kfl145b-ledli-yatay-armatur-kitli-18w-günışığı"
"product_id=7311","kfl145s-yeni-nesil-ledli-etanj-arm-18w-ararenk-radar-sensörlü"
"product_id=7311","kfl145s-yeni-nesil-ledli-etanj-arm-18w-ararenk-radar-sensörlü"
"product_id=7312","kfl145s-yeni-nesil-ledli-etanj-arm-18w-beyaz-radar-sensörlü"
"product_id=7312","kfl145s-yeni-nesil-ledli-etanj-arm-18w-beyaz-radar-sensörlü"
"product_id=7313","kfl145s-yeni-nesil-ledli-etanj-arm-18w-günişiği-radar-sensörlü"
"product_id=7313","kfl145s-yeni-nesil-ledli-etanj-arm-18w-günişiği-radar-sensörlü"
"product_id=7314","kfl145sk-yeni-nesil-ledli-etanj-arm-18w-ararenk-radar-sensörlü"
"product_id=7314","kfl145sk-yeni-nesil-ledli-etanj-arm-18w-ararenk-radar-sensörlü"
"product_id=7315","kfl145sk-yeni-nesil-ledli-etanj-arm-18w-beyaz-radar-sensörlü"
"product_id=7315","kfl145sk-yeni-nesil-ledli-etanj-arm-18w-beyaz-radar-sensörlü"
"product_id=7316","kfl145sk-yeni-nesil-ledli-etanj-arm-18w-günişiği-radar-sensörlü"
"product_id=7316","kfl145sk-yeni-nesil-ledli-etanj-arm-18w-günişiği-radar-sensörlü"
"product_id=5016","kfl146-ledli-yatay-armatur-36w-ararenk"
"product_id=5016","kfl146-ledli-yatay-armatur-36w-ararenk"
"product_id=5017","kfl146-ledli-yatay-armatur-36w-beyaz"
"product_id=5017","kfl146-ledli-yatay-armatur-36w-beyaz"
"product_id=5018","kfl146-ledli-yatay-armatur-36w-günışığı"
"product_id=5018","kfl146-ledli-yatay-armatur-36w-günışığı"
"product_id=5019","kfl146a-ledli-yatay-armatur-36w-beyaz"
"product_id=5019","kfl146a-ledli-yatay-armatur-36w-beyaz"
"product_id=5020","kfl146a-ledli-yatay-armatur-36w-günışığı"
"product_id=5020","kfl146a-ledli-yatay-armatur-36w-günışığı"
"product_id=5021","kfl146b-ledli-yatay-armatur-kitli-36w-beyaz"
"product_id=5022","kfl146b-ledli-yatay-armatur-kitli-36w-günışığı"
"product_id=7918","kfl146c-24w-led-tube-led-tube-with-radar-sensor"
"product_id=7918","kfl146c-24w-led-tüp-floresan"
"product_id=7317","kfl146s-yeni-nesil-ledli-etanj-arm-36w-ararenk-radar-sensörlü"
"product_id=7317","kfl146s-yeni-nesil-ledli-etanj-arm-36w-ararenk-radar-sensörlü"
"product_id=7318","kfl146s-yeni-nesil-ledli-etanj-arm-36w-beyaz-radar-sensörlü"
"product_id=7318","kfl146s-yeni-nesil-ledli-etanj-arm-36w-beyaz-radar-sensörlü"
"product_id=7319","kfl146s-yeni-nesil-ledli-etanj-arm-36w-günişiği-radar-sensörlü"
"product_id=7319","kfl146s-yeni-nesil-ledli-etanj-arm-36w-günişiği-radar-sensörlü"
"product_id=7320","kfl146sk-yeni-nesil-ledli-etanj-arm-36w-ararenk-radar-sensörlü"
"product_id=7320","kfl146sk-yeni-nesil-ledli-etanj-arm-36w-ararenk-radar-sensörlü"
"product_id=7321","kfl146sk-yeni-nesil-ledli-etanj-arm-36w-beyaz-radar-sensörlü"
"product_id=7321","kfl146sk-yeni-nesil-ledli-etanj-arm-36w-beyaz-radar-sensörlü"
"product_id=7322","kfl146sk-yeni-nesil-ledli-etanj-arm-36w-günişiği-radar-sensörlü"
"product_id=7322","kfl146sk-yeni-nesil-ledli-etanj-arm-36w-günişiği-radar-sensörlü"
"product_id=6162","kfl147-ledli-yatay-armatur-42w-ararenk"
"product_id=6162","kfl147-ledli-yatay-armatur-42w-ararenk"
"product_id=5023","kfl147-ledli-yatay-armatur-42w-beyaz"
"product_id=5023","kfl147-ledli-yatay-armatur-42w-beyaz"
"product_id=5024","kfl147-ledli-yatay-armatur-42w-günışığı"
"product_id=5024","kfl147-ledli-yatay-armatur-42w-günışığı"
"product_id=5025","kfl147a-ledli-yatay-armatur-42w-beyaz"
"product_id=5026","kfl147a-ledli-yatay-armatur-42w-günışığı"
"product_id=5027","kfl148-ledli-yatay-armatur-50w-ararenk"
"product_id=5027","kfl148-ledli-yatay-armatur-50w-ararenk"
"product_id=5028","kfl148-ledli-yatay-armatur-50w-beyaz"
"product_id=5028","kfl148-ledli-yatay-armatur-50w-beyaz"
"product_id=5029","kfl148-ledli-yatay-armatur-50w-günışığı"
"product_id=5029","kfl148-ledli-yatay-armatur-50w-günışığı"
"product_id=5030","kfl148a-ledli-yatay-armatur-50w-beyaz"
"product_id=5030","kfl148a-ledli-yatay-armatur-50w-beyaz"
"product_id=5031","kfl148a-ledli-yatay-armatur-50w-günışığı"
"product_id=5031","kfl148a-ledli-yatay-armatur-50w-günışığı"
"product_id=7986","kfl150-54w-led-wall-fixture"
"product_id=7986","kfl150-54w-led-yatay-bant-armatür"
"product_id=5032","kfl150-elektronik-yatay-arm-ledli-54w-beyaz"
"product_id=5032","kfl150-elektronik-yatay-arm-ledli-54w-beyaz"
"product_id=5033","kfl150-elektronik-yatay-arm-ledli-54w-günişiği"
"product_id=5033","kfl150-elektronik-yatay-arm-ledli-54w-günışığı"
"product_id=5034","kfl151-ince-tip-etanj-18w-beyaz"
"product_id=5034","kfl151-ince-tip-etanj-18w-beyaz"
"product_id=5035","kfl151-ince-tip-etanj-18w-günışığı"
"product_id=5035","kfl151-ince-tip-etanj-18w-günişiği"
"product_id=5036","kfl152-ince-tip-etanj-36w-beyaz"
"product_id=5036","kfl152-ince-tip-etanj-36w-beyaz"
"product_id=5037","kfl152-ince-tip-etanj-36w-günişiği"
"product_id=5037","kfl152-ince-tip-etanj-36w-günışığı"
"product_id=7497","kfl153-10w-şarjli-sensörlü-kabin-arm-ararenk-40cm"
"product_id=7497","kfl153-10w-şarjli-sensörlü-kabin-arm-ararenk-40cm"
"product_id=7498","kfl153-10w-şarjli-sensörlü-kabin-arm-beyaz-40cm"
"product_id=7498","kfl153-10w-şarjli-sensörlü-kabin-arm-beyaz-40cm"
"product_id=7499","kfl153-10w-şarjli-sensörlü-kabin-arm-günişiği-40cm"
"product_id=7499","kfl153-10w-şarjli-sensörlü-kabin-arm-günişiği-40cm"
"product_id=7500","kfl154-20w-şarjli-sensörlü-kabin-arm-ararenk-60cm"
"product_id=7500","kfl154-20w-şarjli-sensörlü-kabin-arm-ararenk-60cm"
"product_id=7729","kfl155-led-wall-fixture-72w"
"product_id=7729","kfl155-led-yatay-armatür-72w"
"product_id=7730","kfl156-led-wall-fixture-90w"
"product_id=7730","kfl156-led-yatay-armatür-90w"
"product_id=8069","kfl157-led-horizontal-band-fixture"
"product_id=8069","kfl157-led-yatay-bant-armatür"
"product_id=5038","kfs106-fotosel-6a"
"product_id=5039","kfs110-fotosel-10a"
"product_id=5039","kfs110-fotosel-10a"
"product_id=5040","kfs125-fotosel-25a"
"product_id=5041","kgd020-20w-cob-grid-light-ararenk"
"product_id=5042","kgd030-30w-cob-grid-light-ararenk"
"product_id=5043","kgd090-90w-cob-grid-light-ararenk"
"product_id=6163","khf160-halojen-projektör-ip44-150w-siyah"
"product_id=6163","khf160-halojen-projektör-ip44-150w-siyah"
"product_id=6164","khf164-sensörlü-projektör-ip44-150w-siyah"
"product_id=6164","khf164-sensörlü-projektör-ip44-150w-siyah"
"product_id=6165","khf165-sensörlü-projektör-ip44-150w-beyaz"
"product_id=6165","khf165-sensörlü-projektör-ip44-150w-beyaz"
"product_id=6166","khf174-boş-metal-hal-projektör-150w-beyaz"
"product_id=6166","khf174-boş-metal-hal-projektör-150w-beyaz"
"product_id=6167","khf178-metal-hal-projektör-1000w-siyah"
"product_id=6167","khf178-metal-hal-projektör-1000w-siyah"
"product_id=7709","khl001-1w-3-7v1200mah-lityum-pil-80-lumen"
"product_id=7709","khl001-1w-3-7v1200mah-lityum-pil-80-lumen"
"product_id=7710","khl005-5w-3-7v200mah-lityum-pil-150-lumen"
"product_id=7710","khl005-5w-3-7v200mah-lityum-pil-150-lumen"
"product_id=8028","khl006-led-rechargeable-headlamp"
"product_id=8028","khl006-led-şarj-edilebilir-kafa-lambasi"
"product_id=8029","khl007-led-rechargeable-headlamp"
"product_id=8029","khl007-led-şarj-edilebilir-kafa-lambasi"
"product_id=5047","khl090-hlj-kapsul-220*-50w-g6"
"product_id=5044","khl090-hlj-kapsul-220*10w-g6"
"product_id=5045","khl090-hlj-kapsul-220*20w-g6"
"product_id=5046","khl090-hlj-kapsul-220*35-g6"
"product_id=5048","khl090-hlj-kapsul-220*75-g6"
"product_id=5049","kkc105-kablo-cat5"
"product_id=5050","kkc106-kablo-cat6"
"product_id=5050","kkc106-kablo-cat6"
"product_id=7928","kkc107-fiber-cable"
"product_id=7928","kkc107-fiber-kablo"
"product_id=8031","kkc108-2cor-fiber-cable"
"product_id=8031","kkc108-2cor-fiber-kablo"
"product_id=5051","kkl1060-led-60w-yüksek-tavan-3000k"
"product_id=5052","kkl1060-led-60w-yüksek-tavan-4000k"
"product_id=5053","kkl1060-led-60w-yüksek-tavan-6500k"
"product_id=5054","kkl1100-led-100w-yüksek-tavan-3000k"
"product_id=5055","kkl1100-led-100w-yüksek-tavan-4000k"
"product_id=5056","kkl1100-led-100w-yüksek-tavan-6500k"
"product_id=5057","kkl1150-led-150w-yüksek-tavan-3000k"
"product_id=5058","kkl1150-led-150w-yüksek-tavan-4000k"
"product_id=5059","kkl1150-led-150w-yüksek-tavan-6500k"
"product_id=5060","kkl1200-led-200w-yüksek-tavan-3000k"
"product_id=5061","kkl1200-led-200w-yüksek-tavan-4000k"
"product_id=5062","kkl1200-led-200w-yüksek-tavan-6500k"
"product_id=6168","kkp2003-1*16-usb-li-3-lü-grup-priz"
"product_id=6168","kkp2003-1*16-usb-li-3-lü-grup-priz"
"product_id=6169","kkp2005-1*8-usb-li-5-li-grup-priz"
"product_id=6169","kkp2005-1*8-usb-li-5-li-grup-priz"
"product_id=6170","kkp2101-monofaze-kauçuk-toprakli-erkek-fiş-16a-250v"
"product_id=6170","kkp2101-monofaze-kauçuk-toprakli-erkek-fiş-16a-250v"
"product_id=6171","kkp2103-1*16-kauçuk-dişi-fiş"
"product_id=6171","kkp2103-1*16-kauçuk-dişi-fiş"
"product_id=6172","kkp2106-monofaze-kauçuk-toprakli-kapakli-3-lü-grup-prizi-16a-250v"
"product_id=6172","kkp2106-monofaze-kauçuk-toprakli-kapakli-3-lü-grup-prizi-16a-250v"
"product_id=7929","kkp285a-20w-mosquito-killer-fixtures"
"product_id=7929","kkp285a-20w-sinek-öldürücü-armatür"
"product_id=7930","kkp285b-30w-mosquito-killer-fixtures"
"product_id=7930","kkp285b-30w-sinek-öldürücü-armatür"
"product_id=7931","kkp285c-40w-mosquito-killer-fixtures"
"product_id=7931","kkp285c-40w-sinek-öldürücü-armatür"
"product_id=7932","kks103-5w-cabinet-lights-with-remote-control"
"product_id=7932","kks103-5w-kumandali-kabin-spotu"
"product_id=7650","kks104-kumandali-kabin-spotu"
"product_id=7650","kks104-kumandali-kabin-spotu"
"product_id=5063","kks151-kristal-spot-3-2w-güm-kap-cam"
"product_id=5063","kks151-kristal-spot-3-2w-güm-kap-cam"
"product_id=7270","kks152-kristal-spot-3-2w-cam-sakizi"
"product_id=7270","kks152-kristal-spot-3-2w-cam-sakizi"
"product_id=7271","kks154-3-2wspt"
"product_id=7271","kks154-3-2wspt"
"product_id=5064","kks155-kristal-spot-3-2w-beyaz-çift-katli-cam"
"product_id=5064","kks155-kristal-spot-3-2w-beyaz-çift-katli-cam"
"product_id=5065","kks156-kristal-spot-3-2w-beyaz-cam"
"product_id=5065","kks156-kristal-spot-3-2w-beyaz-cam"
"product_id=5066","kks157-kristal-spot-3-2w-beyaz-cam"
"product_id=5066","kks157-kristal-spot-3-2w-beyaz-cam"
"product_id=5067","kks158-kristal-spot-3-2w-beyaz-cam"
"product_id=5067","kks158-kristal-spot-3-2w-beyaz-cam"
"product_id=5068","kks159-kristal-spot-3-2w-beyaz-cam"
"product_id=5068","kks159-kristal-spot-3-2w-beyaz-cam"
"product_id=5069","kks160-kristal-spot-3-2w-beyaz-cam"
"product_id=5069","kks160-kristal-spot-3-2w-beyaz-cam"
"product_id=5070","kks162-kristal-spot-3-2w-beyaz-cam"
"product_id=5070","kks162-kristal-spot-3-2w-beyaz-cam"
"product_id=5071","kks163-kristal-spot-3-2w-beyaz-cam"
"product_id=5071","kks163-kristal-spot-3-2w-beyaz-cam"
"product_id=5072","kks164-kristal-spot-3-2w-beyaz-cam"
"product_id=5072","kks164-kristal-spot-3-2w-beyaz-cam"
"product_id=5073","kks165-kristal-spot-3-2w-beyaz-cam"
"product_id=5073","kks165-kristal-spot-3-2w-beyaz-cam"
"product_id=5074","kks166-kristal-spot-3w-beyaz-cam"
"product_id=5074","kks166-kristal-spot-3w-beyaz-cam"
"product_id=5075","kks167-kristal-spot-3w-şeffaf-kristal"
"product_id=5075","kks167-kristal-spot-3w-şeffaf-kristal"
"product_id=5076","kks168-kristal-spot-3w-kanyak-kristal"
"product_id=5076","kks168-kristal-spot-3w-kanyak-kristal"
"product_id=5077","kks171-kristal-spot-3w-iki-katli-beyaz*krom"
"product_id=5077","kks171-kristal-spot-3w-iki-katli-beyaz*krom"
"product_id=5078","kks172-kristal-spot-3w-beyaz*altin"
"product_id=5078","kks172-kristal-spot-3w-beyaz*altin"
"product_id=5079","kks173-kristal-spot-3w-siyah*altin-seramik"
"product_id=5079","kks173-kristal-spot-3w-siyah*altin-seramik"
"product_id=5080","kks182-seramik-spot-kare-kasa"
"product_id=5080","kks182-seramik-spot-kare-kasa"
"product_id=5081","kks187-seramik-spot-yuvarlak-kasa"
"product_id=5081","kks187-seramik-spot-yuvarlak-kasa"
"product_id=7323","kld001-eco-ultra-slim-led-trafo-60w-5a-ip20"
"product_id=7323","kld001-eco-ultra-slim-led-trafo-60w-5a-ip20"
"product_id=7324","kld002-eco-ultra-slim-led-trafo-100w-8-5a-ip20"
"product_id=7324","kld002-eco-ultra-slim-led-trafo-100w-8-5a-ip20"
"product_id=5082","kld003-led-dimmer"
"product_id=7325","kld004-eco-ultra-slim-led-trafo-150w-12-5a-ip20"
"product_id=7325","kld004-eco-ultra-slim-led-trafo-150w-12-5a-ip20"
"product_id=7326","kld005-eco-ultra-slim-led-trafo-200w-16-5a-ip20"
"product_id=7326","kld005-eco-ultra-slim-led-trafo-200w-16-5a-ip20"
"product_id=7327","kld006-eco-ultra-slim-led-trafo-300w-25a-ip20"
"product_id=7327","kld006-eco-ultra-slim-led-trafo-300w-25a-ip20"
"product_id=7328","kld007-eco-ultra-slim-led-trafo-400w-33a-ip20"
"product_id=7328","kld007-eco-ultra-slim-led-trafo-400w-33a-ip20"
"product_id=7329","kld008-led-trafo-120w-5a-ip20"
"product_id=7329","kld008-led-trafo-120w-5a-ip20"
"product_id=7330","kld009-led-trafo-240w-10a-ip20"
"product_id=7330","kld009-led-trafo-240w-10a-ip20"
"product_id=7331","kld010-led-trafo-360w-15a-ip20"
"product_id=7331","kld010-led-trafo-360w-15a-ip20"
"product_id=7925","kld011-250w-eco-ultra-slim-led-drivers"
"product_id=7925","kld011-250w-eco-ultra-slim-led-trafo"
"product_id=7501","kld020-1a-adaptor-fisli"
"product_id=7501","kld020-1a-adaptor-fisli"
"product_id=7646","kld021-2a-adaptor-fisli"
"product_id=7646","kld021-2a-adaptor-fisli"
"product_id=7647","kld022-5a-adaptor-fisli"
"product_id=7647","kld022-5a-adaptor-fisli"
"product_id=7945","kld023-12v-1a-led-driver"
"product_id=7945","kld023-12v-1a-led-driver"
"product_id=7946","kld024-24v-2a-led-driver"
"product_id=7946","kld024-24v-2a-led-driver"
"product_id=7947","kld025-36v-3a-led-driver"
"product_id=7947","kld025-36v-3a-led-driver"
"product_id=8012","kld030-100w-magnet-driver"
"product_id=8012","kld030-100w-magnet-driver"
"product_id=8013","kld031-200w-magnet-driver"
"product_id=8013","kld031-200w-magnet-driver"
"product_id=5083","kld101a-uzaktan-kum-kontrl-panel-216w-16-9a"
"product_id=5084","kld102-uzaktan-kum-led-kontrol-panel-18a"
"product_id=5085","kld103-avize-kumandasi-3*1000w"
"product_id=5086","kld104-rgb-360w-kumandasi"
"product_id=6173","kld104-uzaktan-kum-led-kontrol-panel-3*10a"
"product_id=6173","kld104-uzaktan-kum-led-kontrol-panel-3*10a"
"product_id=5087","kld105-uzaktan-kum-led-kontrol-panel-8a"
"product_id=6174","kld106-uzaktan-kum-led-kontrol-panel-6a"
"product_id=6174","kld106-uzaktan-kum-led-kontrol-panel-6a"
"product_id=5088","kld107-mini-rgb-kontrol-panel"
"product_id=7948","kld108-6-kanalli-avize-kumandasi"
"product_id=7948","kld108-pendant-light-remote-control"
"product_id=8090","kld110-3-channel-chandelier-control"
"product_id=8090","kld110-3-kanalli-avize-kumandasi"
"product_id=8092","kld110-6-channel-chandelier-control"
"product_id=8091","kld111-4-channel-chandelier-control"
"product_id=8091","kld111-4-kanalli-avize-kumandasi"
"product_id=8092","kld111-6-kanalli-avize-kumandasi"
"product_id=5089","kld120b-led-trafo-120w-8-3a-ip20"
"product_id=5089","kld120b-led-trafo-120w-8-3a-ip20"
"product_id=5092","kld15-led-trafo-15w-kalin-kasa"
"product_id=5090","kld150-led-trafo-150w-12-10a"
"product_id=5091","kld150b-led-trafo-150w-12-5a-ip20"
"product_id=5091","kld150b-led-trafo-150w-12-5a-ip20"
"product_id=5093","kld16-led-trafo-15w-incekasa"
"product_id=5094","kld200b-led-trafo-200w-16-7a-ip20"
"product_id=5094","kld200b-led-trafo-200w-16-7a-ip20"
"product_id=5096","kld25-led-trafo-25w-2-10a"
"product_id=5095","kld250b-led-trafo-250w-21a-ip20"
"product_id=5095","kld250b-led-trafo-250w-21a-ip20"
"product_id=5097","kld360b-led-trafo-360w-30a-ip20"
"product_id=5097","kld360b-led-trafo-360w-30a-ip20"
"product_id=5098","kld500-led-trafo-500w-41-70a"
"product_id=5098","kld500-led-trafo-500w-41-70a"
"product_id=5099","kld50b-led-trafo-60w-5a-ip20"
"product_id=5099","kld50b-led-trafo-60w-5a-ip20"
"product_id=7921","kld60-60w-ultra-slim-adaptörler"
"product_id=7921","kld60-60w-ultra-slim-drivers"
"product_id=5100","klf147-cob-led-döküm-2*70w-beyaz"
"product_id=5100","klf147-cob-led-döküm-2*70w-beyaz"
"product_id=5101","klf147-cob-led-döküm-2*70w-günışığı"
"product_id=5101","klf147-cob-led-döküm-2*70w-günışığı"
"product_id=5102","klf147-cob-led-döküm-2*70w-yeşil"
"product_id=5102","klf147-cob-led-döküm-2*70w-yeşil"
"product_id=5103","klf148b-cob-led-döküm-140w-beyaz-ince"
"product_id=5103","klf148b-cob-led-döküm-140w-beyaz-ince"
"product_id=5104","klf148b-cob-led-döküm-140w-günışığı-ince"
"product_id=5104","klf148b-cob-led-döküm-140w-günışığı-ince"
"product_id=5105","klf158-cob-led-döküm-sensör-20w-yeşil"
"product_id=5105","klf158-cob-led-döküm-sensör-20w-yeşil"
"product_id=5106","klf158b-cob-led-döküm-sensör-20w-beyaz"
"product_id=5106","klf158b-cob-led-döküm-sensör-20w-beyaz"
"product_id=5107","klf158b-cob-led-döküm-sensör-20w-günışığı"
"product_id=5107","klf158b-cob-led-döküm-sensör-20w-günışığı"
"product_id=6175","klf158b-cob-led-döküm-sensör-20w-yeşil"
"product_id=6175","klf158b-cob-led-döküm-sensör-20w-yeşil"
"product_id=5108","klf159b-cob-led-döküm-sensör-30w-beyaz"
"product_id=5108","klf159b-cob-led-döküm-sensör-30w-beyaz"
"product_id=5109","klf159b-cob-led-döküm-sensör-30w-gunsigi"
"product_id=5109","klf159b-cob-led-döküm-sensör-30w-gunsigi"
"product_id=5110","klf159b-cob-led-döküm-sensör-30w-yeşil"
"product_id=5110","klf159b-cob-led-döküm-sensör-30w-yeşil"
"product_id=5111","klf160b-cob-led-döküm-sensör-50w-beyaz"
"product_id=5111","klf160b-cob-led-döküm-sensör-50w-beyaz"
"product_id=5112","klf160b-cob-led-döküm-sensör-50w-günışığı"
"product_id=5112","klf160b-cob-led-döküm-sensör-50w-günışığı"
"product_id=5113","klf160b-cob-led-döküm-sensör-50w-yeşil"
"product_id=5113","klf160b-cob-led-döküm-sensör-50w-yeşil"
"product_id=5114","klf161b-cob-led-döküm-sensör-100w-beyaz"
"product_id=5114","klf161b-cob-led-döküm-sensör-100w-beyaz"
"product_id=5115","klf161b-cob-led-döküm-sensör-100w-günışığı"
"product_id=5115","klf161b-cob-led-döküm-sensör-100w-günışığı"
"product_id=5116","klf161b-cob-led-döküm-sensör-100w-yeşil"
"product_id=5116","klf161b-cob-led-döküm-sensör-100w-yeşil"
"product_id=5117","klf170-smd-led-döküm-10w-beyaz"
"product_id=5117","klf170-smd-led-döküm-10w-beyaz"
"product_id=5118","klf170-smd-led-döküm-10w-gnisk"
"product_id=5118","klf170-smd-led-döküm-10w-gnisk"
"product_id=5119","klf170-smd-led-döküm-10w-yeşil"
"product_id=5119","klf170-smd-led-döküm-10w-yeşil"
"product_id=5120","klf171-smd-led-döküm-20w-beyaz"
"product_id=5120","klf171-smd-led-döküm-20w-beyaz"
"product_id=5121","klf171-smd-led-döküm-20w-gnisk"
"product_id=5121","klf171-smd-led-döküm-20w-gnisk"
"product_id=5122","klf171-smd-led-döküm-20w-yeşil"
"product_id=5122","klf171-smd-led-döküm-20w-yeşil"
"product_id=5123","klf172-smd-led-döküm-30w-beyaz"
"product_id=5123","klf172-smd-led-döküm-30w-beyaz"
"product_id=5124","klf172-smd-led-döküm-30w-gnisk"
"product_id=5124","klf172-smd-led-döküm-30w-gnisk"
"product_id=5125","klf172-smd-led-döküm-30w-yeşil"
"product_id=5125","klf172-smd-led-döküm-30w-yeşil"
"product_id=5126","klf173-smd-led-döküm-50w-beyaz"
"product_id=5126","klf173-smd-led-döküm-50w-beyaz"
"product_id=5127","klf173-smd-led-döküm-50w-gnisk"
"product_id=5127","klf173-smd-led-döküm-50w-gnisk"
"product_id=5128","klf173-smd-led-döküm-50w-yeşil"
"product_id=5128","klf173-smd-led-döküm-50w-yeşil"
"product_id=5129","klf175-smd-led-döküm-100w-beyaz"
"product_id=5129","klf175-smd-led-döküm-100w-beyaz"
"product_id=5130","klf175-smd-led-döküm-100w-gnisk"
"product_id=5130","klf175-smd-led-döküm-100w-gnisk"
"product_id=5131","klf175-smd-led-döküm-100w-yeşil"
"product_id=5131","klf175-smd-led-döküm-100w-yeşil"
"product_id=5135","klf176-plus-smd-led-döküm-150w-beyaz"
"product_id=5135","klf176-plus-smd-led-döküm-150w-beyaz"
"product_id=5136","klf176-plus-smd-led-döküm-150w-gnisk"
"product_id=5136","klf176-plus-smd-led-döküm-150w-gnisk"
"product_id=5137","klf176-plus-smd-led-döküm-150w-yeşil"
"product_id=5137","klf176-plus-smd-led-döküm-150w-yeşil"
"product_id=5132","klf176-smd-led-döküm-150w-beyaz"
"product_id=5132","klf176-smd-led-döküm-150w-beyaz"
"product_id=5133","klf176-smd-led-döküm-150w-gnisk"
"product_id=5133","klf176-smd-led-döküm-150w-gnisk"
"product_id=5134","klf176-smd-led-döküm-150w-yeşil"
"product_id=5134","klf176-smd-led-döküm-150w-yeşil"
"product_id=5141","klf177-plus-smd-led-döküm-200w-beyaz"
"product_id=5141","klf177-plus-smd-led-döküm-200w-beyaz"
"product_id=5142","klf177-plus-smd-led-döküm-200w-gnisk"
"product_id=5142","klf177-plus-smd-led-döküm-200w-gnisk"
"product_id=5143","klf177-plus-smd-led-döküm-200w-yesil"
"product_id=5143","klf177-plus-smd-led-döküm-200w-yeşil"
"product_id=5138","klf177-smd-led-döküm-200w-beyaz"
"product_id=5138","klf177-smd-led-döküm-200w-beyaz"
"product_id=5139","klf177-smd-led-döküm-200w-gnisk"
"product_id=5139","klf177-smd-led-döküm-200w-gnisk"
"product_id=5140","klf177-smd-led-döküm-200w-yesil"
"product_id=5140","klf177-smd-led-döküm-200w-yeşil"
"product_id=5147","klf178-plus-smd-led-döküm-300w-beyaz"
"product_id=5147","klf178-plus-smd-led-döküm-300w-beyaz"
"product_id=5148","klf178-plus-smd-led-döküm-300w-gnisk"
"product_id=5148","klf178-plus-smd-led-döküm-300w-gnisk"
"product_id=5149","klf178-plus-smd-led-döküm-300w-yesil"
"product_id=5149","klf178-plus-smd-led-döküm-300w-yeşil"
"product_id=5144","klf178-smd-led-döküm-300w-beyaz"
"product_id=5144","klf178-smd-led-döküm-300w-beyaz"
"product_id=5145","klf178-smd-led-döküm-300w-gnisk"
"product_id=5145","klf178-smd-led-döküm-300w-gnisk"
"product_id=5146","klf178-smd-led-döküm-300w-yesil"
"product_id=5146","klf178-smd-led-döküm-300w-yeşil"
"product_id=5150","klf180-50w-smd-ledli-projektör-beyaz"
"product_id=5150","klf180-50w-smd-ledli-projektör-beyaz"
"product_id=5151","klf180-50w-smd-ledli-projektör-günışığı"
"product_id=5151","klf180-50w-smd-ledli-projektör-günışığı"
"product_id=5152","klf181-100w-smd-ledli-projektör-beyaz"
"product_id=5152","klf181-100w-smd-ledli-projektör-beyaz"
"product_id=5153","klf181-100w-smd-ledli-projektör-günışığı"
"product_id=5153","klf181-100w-smd-ledli-projektör-günışığı"
"product_id=5154","klf182-150w-smd-ledli-projektör-beyaz"
"product_id=5154","klf182-150w-smd-ledli-projektör-beyaz"
"product_id=5155","klf182-150w-smd-ledli-projektör-günışığı"
"product_id=5155","klf182-150w-smd-ledli-projektör-günışığı"
"product_id=6176","klf183-200w-smd-ledli-projektör-beyaz"
"product_id=6176","klf183-200w-smd-ledli-projektör-beyaz"
"product_id=6177","klf183-200w-smd-ledli-projektör-günişiği"
"product_id=6177","klf183-200w-smd-ledli-projektör-günişiği"
"product_id=5156","klf190-smd-led-döküm-10w-beyaz"
"product_id=5156","klf190-smd-led-döküm-10w-beyaz"
"product_id=5157","klf190-smd-led-döküm-10w-günışığı"
"product_id=5157","klf190-smd-led-döküm-10w-günışığı"
"product_id=5158","klf190-smd-led-döküm-10w-yeşil"
"product_id=5158","klf190-smd-led-döküm-10w-yeşil"
"product_id=5159","klf191-smd-led-döküm-20w-beyaz"
"product_id=5159","klf191-smd-led-döküm-20w-beyaz"
"product_id=5160","klf191-smd-led-döküm-20w-günışığı"
"product_id=5160","klf191-smd-led-döküm-20w-günışığı"
"product_id=5161","klf191-smd-led-döküm-20w-yeşil"
"product_id=5161","klf191-smd-led-döküm-20w-yeşil"
"product_id=5162","klf192-smd-led-döküm-30w-beyaz"
"product_id=5162","klf192-smd-led-döküm-30w-beyaz"
"product_id=5163","klf192-smd-led-döküm-30w-günışığı"
"product_id=5163","klf192-smd-led-döküm-30w-günışığı"
"product_id=5164","klf192-smd-led-döküm-30w-yeşil"
"product_id=5164","klf192-smd-led-döküm-30w-yeşil"
"product_id=5165","klf193-smd-led-döküm-50w-beyaz"
"product_id=5165","klf193-smd-led-döküm-50w-beyaz"
"product_id=5166","klf193-smd-led-döküm-50w-günışığı"
"product_id=5166","klf193-smd-led-döküm-50w-günışığı"
"product_id=5167","klf193-smd-led-döküm-50w-yeşil"
"product_id=5167","klf193-smd-led-döküm-50w-yeşil"
"product_id=5168","klf195-smd-led-döküm-100w-beyaz"
"product_id=5168","klf195-smd-led-döküm-100w-beyaz"
"product_id=5169","klf195-smd-led-döküm-100w-günışığı"
"product_id=5169","klf195-smd-led-döküm-100w-günışığı"
"product_id=5170","klf195-smd-led-döküm-100w-yeşil"
"product_id=5170","klf195-smd-led-döküm-100w-yeşil"
"product_id=7923","klf196-150w-beyaz-sari-paris-smd-ledli-projektör"
"product_id=7922","klf196-150w-green-led-flood-light"
"product_id=7923","klf196-150w-white-yellow-led-flood-light"
"product_id=7922","klf196-150w-yeşil-paris-smd-ledli-projektör"
"product_id=7616","klf197-smd-led-dokum-200w-beyaz"
"product_id=7616","klf197-smd-led-dokum-200w-beyaz"
"product_id=7617","klf197-smd-led-dokum-200w-gunisigi"
"product_id=7617","klf197-smd-led-dokum-200w-gunisigi"
"product_id=7624","klf197-smd-led-döküm-200w-yesil"
"product_id=7624","klf197-smd-led-döküm-200w-yesil"
"product_id=7622","klf198-smd-led-dokum-300w-beyaz"
"product_id=7622","klf198-smd-led-dokum-300w-beyaz"
"product_id=7623","klf198-smd-led-dokum-300w-gunisigi"
"product_id=7623","klf198-smd-led-dokum-300w-gunisigi"
"product_id=7618","klf198-smd-led-döküm-300w-yesil"
"product_id=7618","klf198-smd-led-döküm-300w-yesil"
"product_id=5171","klf200-smd-led-projektör-50w-beyaz"
"product_id=5172","klf200-smd-led-projektör-50w-günışığı"
"product_id=5173","klf200-smd-led-projektör-50w-yeşil"
"product_id=6178","klf200t-tutucu-aparat"
"product_id=6178","klf200t-tutucu-aparat"
"product_id=5176","klf2060-60w-led-projektör-3000k"
"product_id=5176","klf2060-60w-led-projektör-3000k"
"product_id=5174","klf2060-60w-led-projektör-4000k"
"product_id=5174","klf2060-60w-led-projektör-4000k"
"product_id=5175","klf2060-60w-led-projektör-6500k"
"product_id=5175","klf2060-60w-led-projektör-6500k"
"product_id=5177","klf2100-100w-led-projektör-ararenk"
"product_id=5177","klf2100-100w-led-projektör-ararenk"
"product_id=5178","klf2100-100w-led-projektör-beyaz"
"product_id=5178","klf2100-100w-led-projektör-beyaz"
"product_id=5179","klf2100-100w-led-projektör-günışığı"
"product_id=5179","klf2100-100w-led-projektör-günişiği"
"product_id=6179","klf2150-150w-led-projektör-ararenk"
"product_id=6179","klf2150-150w-led-projektör-ararenk"
"product_id=6180","klf2150-150w-led-projektör-beyaz"
"product_id=6180","klf2150-150w-led-projektör-beyaz"
"product_id=6181","klf2150-150w-led-projektör-günişiği"
"product_id=6181","klf2150-150w-led-projektör-günişiği"
"product_id=6182","klf2200-200w-led-projektör-ararenk"
"product_id=6182","klf2200-200w-led-projektör-ararenk"
"product_id=6183","klf2200-200w-led-projektör-beyaz"
"product_id=6183","klf2200-200w-led-projektör-beyaz"
"product_id=6184","klf2200-200w-led-projektör-gün-işiği"
"product_id=6184","klf2200-200w-led-projektör-gün-işiği"
"product_id=7502","klf2250-250w-led-projektör-ararenk"
"product_id=7502","klf2250-250w-led-projektör-ararenk"
"product_id=7503","klf2250-250w-led-projektör-beyaz"
"product_id=7503","klf2250-250w-led-projektör-beyaz"
"product_id=7504","klf2250-250w-led-projektör-günişiği"
"product_id=7504","klf2250-250w-led-projektör-günişiği"
"product_id=6185","klf2300-300w-led-projektör-beyaz"
"product_id=6185","klf2300-300w-led-projektör-beyaz"
"product_id=6186","klf2300b-300w-led-projektör-ararenk"
"product_id=6186","klf2300b-300w-led-projektör-ararenk"
"product_id=5180","klf240-cob-led-döküm-3*80w-yeşil"
"product_id=5180","klf240-cob-led-döküm-3*80w-yeşil"
"product_id=5181","klf320-cob-led-döküm-4*80w-beyaz"
"product_id=5182","klf320-cob-led-döküm-4*80w-günışığı"
"product_id=5183","klf320-cob-led-döküm-4*80w-yeşil"
"product_id=8081","klf500-led-projector-with-lens"
"product_id=8081","klf500-lensli-led-projektör"
"product_id=8082","klf501-led-projector-with-lens"
"product_id=8082","klf501-lensli-led-projektör"
"product_id=8083","klf502-led-projector-with-lens"
"product_id=8083","klf502-lensli-led-projektör"
"product_id=8084","klf503-led-projector-with-lens"
"product_id=8084","klf503-lensli-led-projektör"
"product_id=8085","klf504-led-projector-with-lens"
"product_id=8085","klf504-lensli-led-projektör"
"product_id=8086","klf505-led-projector-with-lens"
"product_id=8086","klf505-lensli-led-projektör"
"product_id=8087","klf506-led-projector-with-lens"
"product_id=8087","klf506-lensli-led-projektör"
"product_id=8088","klf507-led-projector-with-lens"
"product_id=8088","klf507-lensli-led-projektör"
"product_id=8089","klf508-led-projector-with-lens"
"product_id=8089","klf508-lensli-led-projektör"
"product_id=6187","klf610-viyana-smd-ledli-prj-10w-beyaz"
"product_id=6187","klf610-viyana-smd-ledli-prj-10w-beyaz"
"product_id=6188","klf610-viyana-smd-ledli-prj-10w-gün-işiği"
"product_id=6188","klf610-viyana-smd-ledli-prj-10w-gün-işiği"
"product_id=6189","klf610-viyana-smd-ledli-prj-10w-yeşil"
"product_id=6189","klf610-viyana-smd-ledli-prj-10w-yeşil"
"product_id=6190","klf611-viyana-smd-ledli-prj-20w-beyaz"
"product_id=6190","klf611-viyana-smd-ledli-prj-20w-beyaz"
"product_id=6191","klf611-viyana-smd-ledli-prj-20w-gün-işiği"
"product_id=6191","klf611-viyana-smd-ledli-prj-20w-gün-işiği"
"product_id=6192","klf611-viyana-smd-ledli-prj-20w-yeşil"
"product_id=6192","klf611-viyana-smd-ledli-prj-20w-yeşil"
"product_id=6193","klf612-viyana-smd-ledli-prj-30w-beyaz"
"product_id=6193","klf612-viyana-smd-ledli-prj-30w-beyaz"
"product_id=6194","klf612-viyana-smd-ledli-prj-30w-gün-işiği"
"product_id=6194","klf612-viyana-smd-ledli-prj-30w-gün-işiği"
"product_id=6195","klf612-viyana-smd-ledli-prj-30w-yeşil"
"product_id=6195","klf612-viyana-smd-ledli-prj-30w-yeşil"
"product_id=6196","klf613-viyana-smd-ledli-prj-50w-beyaz"
"product_id=6196","klf613-viyana-smd-ledli-prj-50w-beyaz"
"product_id=6197","klf613-viyana-smd-ledli-prj-50w-gün-işiği"
"product_id=6197","klf613-viyana-smd-ledli-prj-50w-gün-işiği"
"product_id=6198","klf613-viyana-smd-ledli-prj-50w-yeşil"
"product_id=6198","klf613-viyana-smd-ledli-prj-50w-yeşil"
"product_id=6199","klf614-viyana-smd-ledli-prj-100w-beyaz"
"product_id=6199","klf614-viyana-smd-ledli-prj-100w-beyaz"
"product_id=6200","klf614-viyana-smd-ledli-prj-100w-gün-işiği"
"product_id=6200","klf614-viyana-smd-ledli-prj-100w-gün-işiği"
"product_id=6201","klf614-viyana-smd-ledli-prj-100w-yeşil"
"product_id=6201","klf614-viyana-smd-ledli-prj-100w-yeşil"
"product_id=6202","klf615-viyana-smd-ledli-prj-150w-beyaz"
"product_id=6202","klf615-viyana-smd-ledli-prj-150w-beyaz"
"product_id=6203","klf615-viyana-smd-ledli-prj-150w-gün-işiği"
"product_id=6203","klf615-viyana-smd-ledli-prj-150w-gün-işiği"
"product_id=6204","klf615-viyana-smd-ledli-prj-150w-yeşil"
"product_id=6204","klf615-viyana-smd-ledli-prj-150w-yeşil"
"product_id=7924","klh118-ceramic-base"
"product_id=7924","klh118-seramik-duy"
"product_id=7926","klh118a-ceramic-base"
"product_id=7926","klh118a-seramik-duy"
"product_id=5184","klh121-seramik-duy-gu10"
"product_id=5184","klh121-seramik-duy-gu10"
"product_id=5185","klh122-seramik-duy-gu5-3"
"product_id=5186","klh300-e27-aski-suy"
"product_id=5187","klh301-e27-aski-suy"
"product_id=5188","kls001-led-sensörü"
"product_id=5189","kls518-yildiz-ledli-spot-1w-beyaz"
"product_id=5189","kls518-yildiz-ledli-spot-1w-beyaz"
"product_id=5190","kls518-yildiz-ledli-spot-1w-günişiği"
"product_id=5190","kls518-yildiz-ledli-spot-1w-günışığı"
"product_id=7332","kls518-yildiz-ledli-spot-1w-kirmizi"
"product_id=7332","kls518-yildiz-ledli-spot-1w-kirmizi"
"product_id=5191","kls518-yildiz-ledli-spot-1w-mavi"
"product_id=5191","kls518-yildiz-ledli-spot-1w-mavi"
"product_id=7333","kls518-yildiz-ledli-spot-1w-yesil"
"product_id=7333","kls518-yildiz-ledli-spot-1w-yesil"
"product_id=5192","kls519-yildiz-ledli-spot-3w-beyaz-beyaz"
"product_id=5192","kls519-yildiz-ledli-spot-3w-beyaz-beyaz"
"product_id=7334","kls519-yildiz-ledli-spot-3w-beyaz-kirmizi"
"product_id=7334","kls519-yildiz-ledli-spot-3w-beyaz-kirmizi"
"product_id=5193","kls519-yildiz-ledli-spot-3w-beyaz-mavi"
"product_id=5193","kls519-yildiz-ledli-spot-3w-beyaz-mavi"
"product_id=5194","kls519-yildiz-ledli-spot-3w-beyaz-sarı"
"product_id=5194","kls519-yildiz-ledli-spot-3w-beyaz-sarı"
"product_id=7335","kls519-yildiz-ledli-spot-3w-beyaz-yeşil"
"product_id=7335","kls519-yildiz-ledli-spot-3w-beyaz-yeşil"
"product_id=5195","kls519-yildiz-ledli-spot-3w-saten-beyaz"
"product_id=5195","kls519-yildiz-ledli-spot-3w-saten-beyaz"
"product_id=7336","kls519-yildiz-ledli-spot-3w-saten-beyaz-1"
"product_id=7336","kls519-yildiz-ledli-spot-3w-saten-beyaz-1"
"product_id=7337","kls519-yildiz-ledli-spot-3w-saten-kirmizi"
"product_id=7337","kls519-yildiz-ledli-spot-3w-saten-kirmizi"
"product_id=5532","kls519-yildiz-ledli-spot-3w-saten-mavi"
"product_id=5532","kls519-yildiz-ledli-spot-3w-saten-mavi"
"product_id=5196","kls519-yildiz-ledli-spot-3w-saten-sarı"
"product_id=5196","kls519-yildiz-ledli-spot-3w-saten-sari"
"product_id=7338","kls519-yildiz-ledli-spot-3w-saten-yeşil"
"product_id=7338","kls519-yildiz-ledli-spot-3w-saten-yeşil"
"product_id=5197","kls519-yildiz-ledli-spot-3w-siyah-beyaz"
"product_id=5197","kls519-yildiz-ledli-spot-3w-siyah-beyaz"
"product_id=7339","kls519-yildiz-ledli-spot-3w-siyah-kirmizi"
"product_id=7339","kls519-yildiz-ledli-spot-3w-siyah-kirmizi"
"product_id=5198","kls519-yildiz-ledli-spot-3w-siyah-mavi"
"product_id=5198","kls519-yildiz-ledli-spot-3w-siyah-mavi"
"product_id=5199","kls519-yildiz-ledli-spot-3w-siyah-sarı"
"product_id=5199","kls519-yildiz-ledli-spot-3w-siyah-sarı"
"product_id=7340","kls519-yildiz-ledli-spot-3w-siyah-yeşil"
"product_id=7340","kls519-yildiz-ledli-spot-3w-siyah-yeşil"
"product_id=5200","kls520-yildiz-ledli-spot-3w-beyaz"
"product_id=5201","kls520-yildiz-ledli-spot-3w-günışığı"
"product_id=5202","kls520-yildiz-ledli-spot-3w-mavi"
"product_id=5203","kls521-yildiz-ledli-spot-3w-beyaz"
"product_id=5203","kls521-yildiz-ledli-spot-3w-beyaz"
"product_id=5204","kls521-yildiz-ledli-spot-3w-günışığı"
"product_id=5204","kls521-yildiz-ledli-spot-3w-günışığı"
"product_id=5205","kls521-yildiz-ledli-spot-3w-mavi"
"product_id=5205","kls521-yildiz-ledli-spot-3w-mavi"
"product_id=5206","kls522-yildiz-ledli-spot-3w-beyaz"
"product_id=5207","kls522-yildiz-ledli-spot-3w-günışığı"
"product_id=5207","kls522-yildiz-ledli-spot-3w-günışığı"
"product_id=5208","kls522-yildiz-ledli-spot-3w-mavi"
"product_id=5208","kls522-yildiz-ledli-spot-3w-mavi"
"product_id=5209","kls523-yildiz-ledli-spot-3w-beyaz"
"product_id=5210","kls523-yildiz-ledli-spot-3w-günışığı"
"product_id=5211","kls523-yildiz-ledli-spot-3w-mavi"
"product_id=5212","kls524-led-spot-light-3w-beyaz-beyaz"
"product_id=5212","kls524-led-spot-light-3w-beyaz-beyaz"
"product_id=5213","kls524-led-spot-light-3w-beyaz-mavi"
"product_id=5213","kls524-led-spot-light-3w-beyaz-mavi"
"product_id=5214","kls524-led-spot-light-3w-beyaz-sarı"
"product_id=5214","kls524-led-spot-light-3w-beyaz-sarı"
"product_id=5215","kls525-led-spot-light-1w-altin-beyaz"
"product_id=5215","kls525-led-spot-light-1w-altin-beyaz"
"product_id=5216","kls525-led-spot-light-1w-altin-mavi"
"product_id=5216","kls525-led-spot-light-1w-altin-mavi"
"product_id=5217","kls525-led-spot-light-1w-altin-sarı"
"product_id=5217","kls525-led-spot-light-1w-altin-sarı"
"product_id=5218","kls525-led-spot-light-1w-beyaz-beyaz"
"product_id=5218","kls525-led-spot-light-1w-beyaz-beyaz"
"product_id=5219","kls525-led-spot-light-1w-beyaz-mavi"
"product_id=5219","kls525-led-spot-light-1w-beyaz-mavi"
"product_id=5220","kls525-led-spot-light-1w-beyaz-sarı"
"product_id=5220","kls525-led-spot-light-1w-beyaz-sarı"
"product_id=5221","kls525-led-spot-light-1w-saten-beyaz"
"product_id=5222","kls525-led-spot-light-1w-saten-mavi"
"product_id=5223","kls525-led-spot-light-1w-saten-sarı"
"product_id=5224","kls526-led-spot-light-3w-beyaz-beyaz"
"product_id=5224","kls526-led-spot-light-3w-beyaz-beyaz"
"product_id=5225","kls526-led-spot-light-3w-beyaz-mavi"
"product_id=5225","kls526-led-spot-light-3w-beyaz-mavi"
"product_id=5226","kls526-led-spot-light-3w-beyaz-sarı"
"product_id=5226","kls526-led-spot-light-3w-beyaz-sarı"
"product_id=5227","kls526-led-spot-light-3w-saten-beyaz"
"product_id=5228","kls526-led-spot-light-3w-saten-mavi"
"product_id=5229","kls526-led-spot-light-3w-saten-sarı"
"product_id=5232","kls918-beyaz-45xsmd-ledli-spot-5w-beyaz"
"product_id=5232","kls918-beyaz-45xsmd-ledli-spot-5w-beyaz"
"product_id=5233","kls918-beyaz-45xsmd-ledli-spot-5w-sarı"
"product_id=5233","kls918-beyaz-45xsmd-ledli-spot-5w-sarı"
"product_id=5234","kls918-crom-45xsmd-ledli-spot-5w-beyaz"
"product_id=5234","kls918-crom-45xsmd-ledli-spot-5w-beyaz"
"product_id=5235","kls918-crom-45xsmd-ledli-spot-5w-sarı"
"product_id=5235","kls918-crom-45xsmd-ledli-spot-5w-sarı"
"product_id=5236","kls918-gold-45xsmd-ledli-spot-5w-beyaz"
"product_id=5236","kls918-gold-45xsmd-ledli-spot-5w-beyaz"
"product_id=5237","kls918-gold-45xsmd-ledli-spot-5w-sarı"
"product_id=5237","kls918-gold-45xsmd-ledli-spot-5w-sarı"
"product_id=6206","kls921-ledli-panel-ayd-3000k-3-5w-altin-1"
"product_id=6206","kls921-ledli-panel-ayd-3000k-3-5w-altin-1"
"product_id=7341","kls921-ledli-panel-ayd-3000k-3-5w-kahve"
"product_id=7341","kls921-ledli-panel-ayd-3000k-3-5w-kahve"
"product_id=6205","kls921-ledli-panel-ayd-6500k-3-5w-altin-1"
"product_id=6205","kls921-ledli-panel-ayd-6500k-3-5w-altin-1"
"product_id=6208","kls922-ledli-panel-ayd-3000k-5w-bakir-1"
"product_id=6208","kls922-ledli-panel-ayd-3000k-5w-bakir-1"
"product_id=6207","kls922-ledli-panel-ayd-6500k-5w-bakir-1"
"product_id=6207","kls922-ledli-panel-ayd-6500k-5w-bakir-1"
"product_id=7264","kls923-6w-smd-ledli-spot-beyaz*ararenk"
"product_id=7264","kls923-6w-smd-ledli-spot-beyaz*ararenk"
"product_id=6209","kls923-6w-smd-ledli-spot-beyaz*beyaz"
"product_id=6209","kls923-6w-smd-ledli-spot-beyaz*beyaz"
"product_id=6210","kls923-6w-smd-ledli-spot-beyaz*günişiği"
"product_id=6210","kls923-6w-smd-ledli-spot-beyaz*günişiği"
"product_id=7265","kls923b-6w-smd-ledli-spot-siyah*ararenk"
"product_id=7265","kls923b-6w-smd-ledli-spot-siyah*ararenk"
"product_id=6211","kls923b-6w-smd-ledli-spot-siyah*beyaz"
"product_id=6211","kls923b-6w-smd-ledli-spot-siyah*beyaz"
"product_id=6212","kls923b-6w-smd-ledli-spot-siyah*günişiği"
"product_id=6212","kls923b-6w-smd-ledli-spot-siyah*günişiği"
"product_id=8034","km1109-3-fonksiyonlu-şarj-edilebilir-masa-lambasi"
"product_id=5258","kmd109-para-kontrol-cihazi-6w"
"product_id=5260","kmk120-20mt-3*1-5mm2-makaralı-uz-kablosu"
"product_id=5261","kmk135-35mt-3*1-5mm2-makaralı-uz-kablosu"
"product_id=5262","kmk150-50mt-3*1-5mm2-makaralı-uz-kablosu"
"product_id=5263","kmk220-20mt-2*1-5mm2-makaralı-uz-kablosu"
"product_id=5264","kmk235-35mt-2*1-5mm2-makaralı-uz-kablosu"
"product_id=5265","kmk250-50mt-2*1-5mm2-makaralı-uz-kablosu"
"product_id=7505","kml100-masa-lambasi-e27"
"product_id=7505","kml100-masa-lambasi-e27"
"product_id=7506","kml101-banker-masa-lambasi-e27-bronz"
"product_id=7506","kml101-banker-masa-lambasi-e27-bronz"
"product_id=7507","kml101-banker-masa-lambasi-e27-gold"
"product_id=7507","kml101-banker-masa-lambasi-e27-gold"
"product_id=7508","kml102-şarjli-masa-lambasi-3000k-bakir"
"product_id=7508","kml102-şarjli-masa-lambasi-3000k-bakir"
"product_id=7509","kml102-şarjli-masa-lambasi-3000k-beyaz"
"product_id=7509","kml102-şarjli-masa-lambasi-3000k-beyaz"
"product_id=7510","kml102-şarjli-masa-lambasi-3000k-gold"
"product_id=7510","kml102-şarjli-masa-lambasi-3000k-gold"
"product_id=7511","kml102-şarjli-masa-lambasi-3000k-krom"
"product_id=7511","kml102-şarjli-masa-lambasi-3000k-krom"
"product_id=7512","kml102-şarjli-masa-lambasi-3000k-siyah"
"product_id=7512","kml102-şarjli-masa-lambasi-3000k-siyah"
"product_id=7828","kml103-3-fonksiyonlu-masa-lambasi"
"product_id=7828","kml103-3-function-desk-lamp"
"product_id=7829","kml104-3-fonksiyonlu-masa-lambasi"
"product_id=7829","kml104-3-function-desk-lamp"
"product_id=7830","kml105-3-fonksiyonlu-masa-lambasi"
"product_id=7830","kml105-3-function-desk-lamp"
"product_id=7831","kml106-3-fonksiyonlu-masa-lambasi"
"product_id=7831","kml106-3-function-desk-lamp"
"product_id=7832","kml107-3-fonksiyonlu-masa-lambasi"
"product_id=7832","kml107-3-function-desk-lamp"
"product_id=7833","kml108-3-fonksiyonlu-masa-lambasi"
"product_id=7833","kml108-3-function-desk-lamp"
"product_id=7834","kml109-3-fonksiyonlu-masa-lambasi"
"product_id=7834","kml109-3-function-desk-lamp"
"product_id=8034","kml109-3-function-rechargeable-table-lamp"
"product_id=7835","kml110-3-fonksiyonlu-masa-lambasi"
"product_id=7835","kml110-3-function-desk-lamp"
"product_id=7836","kml111-3-fonksiyonlu-masa-lambasi"
"product_id=7836","kml111-3-function-desk-lamp"
"product_id=8035","kml112-3-fonksiyonlu-masa-lambasi"
"product_id=8035","kml112-3-function-rechargeable-table-lamp"
"product_id=8036","kml113-3-fonksiyonlu-masa-lambasi"
"product_id=8036","kml113-3-function-rechargeable-table-lamp"
"product_id=8037","kml114-3-fonksiyonlu-masa-lambasi"
"product_id=8037","kml114-3-function-rechargeable-table-lamp"
"product_id=8096","kml115-3-fonksiyonlu-masa-lambasi"
"product_id=8096","kml115-3-function-table-lamp"
"product_id=8097","kml116-3-fonksiyonlu-masa-lambasi"
"product_id=8097","kml116-3-function-table-lamp"
"product_id=8098","kml117c-3-fonksiyonlu-masa-lambasi"
"product_id=8098","kml117c-3-function-table-lamp"
"product_id=8099","kml117e-3-fonksiyonlu-masa-lambasi"
"product_id=8099","kml117e-3-function-table-lamp"
"product_id=7837","kml120-5w-magnet-okuma-lambasi"
"product_id=7837","kml120-5w-magnet-reading-lamp"
"product_id=7839","kml200-black-desk-lamp"
"product_id=7838","kml200-desk-lamp"
"product_id=7838","kml200-masa-lambasi"
"product_id=7839","kml200-siyah-masa-lambasi"
"product_id=7840","kml300-desk-lamp"
"product_id=7840","kml300-masa-lambasi"
"product_id=8033","kml400-rgb-fonksiyonlu-masa-lambasi"
"product_id=8033","kml400-rgb-functional-table-lamp"
"product_id=8059","kml401-rgb-fonksiyonlu-masa-lambasi"
"product_id=8059","kml401-rgb-fonksiyonlu-masa-lambasi"
"product_id=5266","kms100-microware-sensor-360-220-240v"
"product_id=5266","kms100-microware-sensor-360-220-240v"
"product_id=5267","knl351-ledli-gece-lambasi-3w"
"product_id=5268","knl353-ledli-gece-lambasi-3w"
"product_id=5268","knl353-ledli-gece-lambasi-3w"
"product_id=5269","knl354-ledli-gece-lambasi-3w"
"product_id=5270","knl356-ledli-gece-lambasi-3w"
"product_id=5269","knl356-ledli-gece-lambasi-3w-1"
"product_id=5271","knl357-ledli-gece-lambasi-3w"
"product_id=5272","knl380-ledli-gece-lambasi-1w-beyaz"
"product_id=5272","knl380-ledli-gece-lambasi-1w-beyaz"
"product_id=5273","knl380-ledli-gece-lambasi-1w-kırmızı"
"product_id=5273","knl380-ledli-gece-lambasi-1w-kirmizi"
"product_id=5274","knl380-ledli-gece-lambasi-1w-mavi"
"product_id=5274","knl380-ledli-gece-lambasi-1w-mavi"
"product_id=5275","knl380-ledli-gece-lambasi-1w-sarı"
"product_id=5275","knl380-ledli-gece-lambasi-1w-sari"
"product_id=5276","knl380-ledli-gece-lambasi-1w-yeşil"
"product_id=5276","knl380-ledli-gece-lambasi-1w-yeşil"
"product_id=5277","knl381-ledli-gece-lambasi-1w-beyaz"
"product_id=5278","knl381-ledli-gece-lambasi-1w-kırmızı"
"product_id=5279","knl381-ledli-gece-lambasi-1w-mavi"
"product_id=5280","knl381-ledli-gece-lambasi-1w-sarı"
"product_id=5281","knl381-ledli-gece-lambasi-1w-yeşil"
"product_id=5282","kpd111-power-ledli-down-10w-beyaz"
"product_id=5283","kpd111-power-ledli-down-10w-günışığı"
"product_id=5284","kpl003b-led-ampul-3*1w-e27-beyaz"
"product_id=7217","kpl003b-power-led-down-3*1w-beyaz"
"product_id=7217","kpl003b-power-led-down-3*1w-beyaz"
"product_id=5285","krs101-monofaze-ray-1m-beyaz"
"product_id=5285","krs101-monofaze-ray-1m-beyaz"
"product_id=5286","krs101-monofaze-ray-1m-gri"
"product_id=5286","krs101-monofaze-ray-1m-gri"
"product_id=5287","krs101-monofaze-ray-1m-siyah"
"product_id=5287","krs101-monofaze-ray-1m-siyah"
"product_id=5288","krs102-monofaze-ray-2m-beyaz"
"product_id=5288","krs102-monofaze-ray-2m-beyaz"
"product_id=5289","krs102-monofaze-ray-2m-gri"
"product_id=5289","krs102-monofaze-ray-2m-gri"
"product_id=5290","krs102-monofaze-ray-2m-siyah"
"product_id=5290","krs102-monofaze-ray-2m-siyah"
"product_id=5291","krs103-monofaze-ray-3m-beyaz"
"product_id=5291","krs103-monofaze-ray-3m-beyaz"
"product_id=5292","krs103-monofaze-ray-3m-gri"
"product_id=5292","krs103-monofaze-ray-3m-gri"
"product_id=5293","krs103-monofaze-ray-3m-siyah"
"product_id=5293","krs103-monofaze-ray-3m-siyah"
"product_id=5294","krs104-monofoze-soket-beyaz"
"product_id=5294","krs104-monofoze-soket-beyaz"
"product_id=5295","krs104-monofoze-soket-gri"
"product_id=5295","krs104-monofoze-soket-gri"
"product_id=5296","krs104-monofoze-soket-siyah"
"product_id=5296","krs104-monofoze-soket-siyah"
"product_id=5298","krs105-monofoze-ara-bağlanti"
"product_id=5298","krs105-monofoze-ara-bağlanti"
"product_id=5297","krs105-monofoze-ara-bağlanti-beyaz"
"product_id=5297","krs105-monofoze-ara-bağlanti-beyaz"
"product_id=5299","krs105-monofoze-ara-bağlanti-gri"
"product_id=5299","krs105-monofoze-ara-bağlanti-gri"
"product_id=5300","krs105-monofoze-ara-bağlanti-siyah"
"product_id=5300","krs105-monofoze-ara-bağlanti-siyah"
"product_id=5302","krs108-monofoze-köşe-dönüş"
"product_id=5302","krs108-monofoze-köşe-dönüş"
"product_id=5301","krs108-monofoze-köşe-dönüş-beyaz"
"product_id=5301","krs108-monofoze-köşe-dönüş-beyaz"
"product_id=5303","krs108-monofoze-köşe-dönüş-siyah"
"product_id=5303","krs108-monofoze-köşe-dönüş-siyah"
"product_id=5305","krs109-monofoze-t-aparati"
"product_id=5305","krs109-monofoze-t-aparati"
"product_id=5304","krs109-monofoze-t-aparati-beyaz"
"product_id=5304","krs109-monofoze-t-aparati-beyaz"
"product_id=5306","krs109-monofoze-t-aparati-siyah"
"product_id=5306","krs109-monofoze-t-aparati-siyah"
"product_id=7513","krs111-monofoze-ray-1m-beyaz"
"product_id=7513","krs111-monofoze-ray-1m-beyaz"
"product_id=7514","krs111-monofoze-ray-1m-siyah"
"product_id=7514","krs111-monofoze-ray-1m-siyah"
"product_id=7515","krs112-monofoze-ray-2m-beyaz"
"product_id=7515","krs112-monofoze-ray-2m-beyaz"
"product_id=7516","krs112-monofoze-ray-2m-siyah"
"product_id=7516","krs112-monofoze-ray-2m-siyah"
"product_id=7517","krs113-monofoze-ray-3m-beyaz"
"product_id=7517","krs113-monofoze-ray-3m-beyaz"
"product_id=7518","krs113-monofoze-ray-3m-siyah"
"product_id=7518","krs113-monofoze-ray-3m-siyah"
"product_id=7894","krs114-aski-aparati"
"product_id=7894","krs114-hanging-set"
"product_id=7519","krs131-monofoze-ara-bağlanti-siva-üstü-1m-siyah"
"product_id=7519","krs131-monofoze-ara-bağlanti-siva-üstü-1m-siyah"
"product_id=7521","krs131-monofoze-siva-alti-ara-bağlanti-1m-siyah"
"product_id=7521","krs131-monofoze-siva-alti-ara-bağlanti-1m-siyah"
"product_id=7522","krs131-monofoze-siva-alti-ara-bağlanti-2m-siyah"
"product_id=7522","krs131-monofoze-siva-alti-ara-bağlanti-2m-siyah"
"product_id=7892","krs131b-rail-connection-accessory"
"product_id=7892","krs131b-ray-bağlanti-aparati"
"product_id=7893","krs131l-horizontal-corner-accessory"
"product_id=7893","krs131l-yatay-l-dönüș-aparati"
"product_id=7520","krs132-monofoze-ara-bağlanti-siva-üstü-2m-siyah"
"product_id=7520","krs132-monofoze-ara-bağlanti-siva-üstü-2m-siyah"
"product_id=7895","krs132l-dikey-l-dönüș-aparati"
"product_id=7895","krs132l-vertical-corner-accessory"
"product_id=7896","krs133-magnet-accessories"
"product_id=7896","krs133-magnet-aparati"
"product_id=7897","krs134-magnet-arrow-accessory"
"product_id=7897","krs134-magnet-yay-aparati"
"product_id=7898","krs135-aski-aparat-takimi"
"product_id=7898","krs135-hanging-set"
"product_id=7899","krs136-installation-accessory-set"
"product_id=7899","krs136-kurulum-aparat-takimi"
"product_id=7900","krs137-2-pinli-iletken-modül"
"product_id=7900","krs137-conductive-module-with-2-pin"
"product_id=7901","krs137d-4-pinli-iletken-modül"
"product_id=7901","krs137d-conductive-module-with-4-pin"
"product_id=7933","krs138-2-pinli-iletken-modül"
"product_id=7933","krs138-conductive-module-with-2-pin"
"product_id=7935","krs138d-4-pinli-iletken-modül"
"product_id=7935","krs138d-conductive-module-with-4-pin"
"product_id=7934","krs139-2-pinli-iletken-modül"
"product_id=7934","krs139-conductive-module-with-2-pin"
"product_id=7936","krs139d-4-pinli-iletken-modül"
"product_id=7936","krs139d-conductive-module-with-4-pin"
"product_id=6213","ks117-j15-starter-80w"
"product_id=6213","ks117-j15-starter-80w"
"product_id=5307","ks117-s10-starter-4-65w"
"product_id=5308","ks117-s2-starter-4-22w"
"product_id=5309","ksa177-360-derece-haraket-sensör-ayarlı"
"product_id=5309","ksa177-360-derece-haraket-sensör-ayarli"
"product_id=5310","ksa178-180-derece-haraket-sensör"
"product_id=5310","ksa178-180-derece-haraket-sensör"
"product_id=5311","ksa179-180-derece-haraket-sensör"
"product_id=7937","ksa179-1800-hareket-sensörü"
"product_id=7937","ksa179-180°-movement-sensor"
"product_id=5312","ksa181-360-derece-haraket-sensör-ayarli"
"product_id=5312","ksa181-360-derece-haraket-sensör-ayarlı"
"product_id=5313","ksa182-360-derece-haraket-sensör-ayarlı-s-ü"
"product_id=7938","ksa183-3600-mini-hareket-sensör"
"product_id=7938","ksa183-360°-mini-movement-sensor"
"product_id=7523","ksa184-sensörlü-duvar-armatürü-e27"
"product_id=7523","ksa184-sensörlü-duvar-armatürü-e27"
"product_id=7524","ksa185-sensörlü-duvar-armatürü-e27"
"product_id=7524","ksa185-sensörlü-duvar-armatürü-e27"
"product_id=5315","ksa186-sensörlü-tavan-arm-25w-e27"
"product_id=7939","ksa187-2x25w-ceiling-light-with-sensor"
"product_id=7939","ksa187-2x25w-sensörlü-tavan-armatürü"
"product_id=6214","ksa188-ledli-sensörlü-tavan-arm-18w-e27"
"product_id=6214","ksa188-ledli-sensörlü-tavan-arm-18w-e27"
"product_id=6215","ksa189-ledli-kitli-sensörlü-tavan-arm-18w-e27"
"product_id=6215","ksa189-ledli-kitli-sensörlü-tavan-arm-18w-e27"
"product_id=7919","ksa190-12w-led-ceiling-fixture-with-pir-sensor"
"product_id=7919","ksa190-12w-pir-sensörlü-tavan-armatürü"
"product_id=7920","ksa191-18w-led-ceiling-fixture-with-pir-sensor"
"product_id=7920","ksa191-18w-pir-sensörlü-tavan-armatürü"
"product_id=8014","ksa192-15w-round-led-wall-lamp-with-sensor"
"product_id=8014","ksa192-15w-sensörlü-yuvarlak-led-duvar-armatür"
"product_id=8015","ksa193-15w-oval-led-wall-lamp-with-sensor"
"product_id=8015","ksa193-15w-sensörlü-oval-led-duvar-armatür"
"product_id=7525","ksa200-200-240v-abs-akilli-anahtar"
"product_id=7525","ksa200-200-240v-abs-akilli-anahtar"
"product_id=7526","ksa201-200-240v-abs-akilli-anahtar"
"product_id=7526","ksa201-200-240v-abs-akilli-anahtar"
"product_id=7527","ksa202-200-240v-abs-akilli-anahtar"
"product_id=7527","ksa202-200-240v-abs-akilli-anahtar"
"product_id=7959","kscyl2825-80x100x120-430w-kare-saturn-çift-yönlü-linear-1"
"product_id=7959","kscyl2825-80x100x120-430w-square-saturn-linear-fixtures-double-side-1"
"product_id=6216","ksd001h-duman-dedektörü"
"product_id=6216","ksd001h-smoke-detector"
"product_id=7890","ksl-snag2-35x145-65w-high-mercekli-snag-linear"
"product_id=7890","ksl-snag2-35x145-65w-snake-linear-fixture-with-lens"
"product_id=7891","ksl-snag3-50x240-95w-high-mercekli-snag-soft-linear"
"product_id=7891","ksl-snag3-50x240-95w-snake-linear-fixture-with-lens"
"product_id=7528","ksl089-dekoratif-bakir-duvar-aplik"
"product_id=7528","ksl089-dekoratif-bakir-duvar-aplik"
"product_id=7529","ksl089-dekoratif-beyaz-duvar-aplik"
"product_id=7529","ksl089-dekoratif-beyaz-duvar-aplik"
"product_id=7530","ksl089-dekoratif-eskitme-duvar-aplik"
"product_id=7530","ksl089-dekoratif-eskitme-duvar-aplik"
"product_id=7531","ksl089-dekoratif-gold-duvar-aplik"
"product_id=7531","ksl089-dekoratif-gold-duvar-aplik"
"product_id=7532","ksl089-dekoratif-krom-duvar-aplik"
"product_id=7532","ksl089-dekoratif-krom-duvar-aplik"
"product_id=7533","ksl089-dekoratif-siyah-duvar-aplik"
"product_id=7533","ksl089-dekoratif-siyah-duvar-aplik"
"product_id=7534","ksl090-dekoratif-eskitme-duvar-aplik"
"product_id=7534","ksl090-dekoratif-eskitme-duvar-aplik"
"product_id=7535","ksl091-dekoratif-gold-duvar-aplik"
"product_id=7535","ksl091-dekoratif-gold-duvar-aplik"
"product_id=7536","ksl092-dekoratif-bakir-duvar-aplik"
"product_id=7536","ksl092-dekoratif-bakir-duvar-aplik"
"product_id=7537","ksl093-dekoratif-siyah-duvar-aplik"
"product_id=7537","ksl093-dekoratif-siyah-duvar-aplik"
"product_id=7538","ksl094-dekoratif-beyaz-duvar-aplik"
"product_id=7538","ksl094-dekoratif-beyaz-duvar-aplik"
"product_id=7539","ksl095-dekoratif-krom-duvar-aplik"
"product_id=7539","ksl095-dekoratif-krom-duvar-aplik"
"product_id=6217","ksl097-13w-ledli-bahçe-duvar-apliği-günişiği"
"product_id=6217","ksl097-13w-ledli-bahçe-duvar-apliği-günişiği"
"product_id=6218","ksl098-12w-ledli-bahçe-duvar-apliği-günişiği"
"product_id=6218","ksl098-12w-ledli-bahçe-duvar-apliği-günişiği"
"product_id=6219","ksl099-2*5w-ledli-dekoratif-aplik-3000k-1"
"product_id=6219","ksl099-2*5w-ledli-dekoratif-aplik-3000k-1"
"product_id=6220","ksl099-2*5w-ledli-dekoratif-aplik-antrasit-1"
"product_id=6220","ksl099-2*5w-ledli-dekoratif-aplik-antrasit-1"
"product_id=7273","ksl099-2*5w-ledli-dekoratif-aplik-beyaz"
"product_id=7273","ksl099-2*5w-ledli-dekoratif-aplik-beyaz"
"product_id=6221","ksl099-2*5w-ledli-dekoratif-aplik-siyah-1"
"product_id=6221","ksl099-2*5w-ledli-dekoratif-aplik-siyah-1"
"product_id=6222","ksl1001-sarkit-ve-rozans-kutusu"
"product_id=6222","ksl1001-sarkit-ve-rozans-kutusu"
"product_id=5319","ksl101-ledli-resim-aplik-8w-3000k"
"product_id=5320","ksl102-ledli-resim-aplik-16w-3000k"
"product_id=5321","ksl103-ledli-resim-aplik-24w-3000k"
"product_id=5322","ksl104-ledli-resim-aplik-36w-3000k"
"product_id=5323","ksl105-ledli-resim-aplik-6w-3000k"
"product_id=7888","ksl105ks-105x105-100w-high-kare-mercekli-cob-spot-linear"
"product_id=7888","ksl105ks-105x105-100w-square-cob-linear-spot-fixture-with-lens"
"product_id=5324","ksl106-ledli-resim-aplik-9w-3000k"
"product_id=5325","ksl107-ledli-resim-aplik-9w-3000k"
"product_id=5326","ksl113-ledli-resim-aplik-9w-4200k"
"product_id=5327","ksl114-ledli-resim-aplik-12w-4200k"
"product_id=5328","ksl123-ledli-resim-aplik-9w-4200k"
"product_id=6223","ksl124-ledli-resim-aplik-12w-4200k"
"product_id=6223","ksl124-ledli-resim-aplik-12w-4200k"
"product_id=5329","ksl133-ledli-resim-aplik-9w-4200k"
"product_id=5330","ksl134-ledli-resim-aplik-12w-4200k"
"product_id=5331","ksl142-ledli-resim-aplik-6w-4200k"
"product_id=5332","ksl143-ledli-resim-aplik-9w-4200k"
"product_id=5333","ksl144-ledli-resim-aplik-12w-4200k"
"product_id=5334","ksl150-ledli-flüt-banyo-apliği-4200k"
"product_id=5334","ksl150-ledli-flüt-banyo-apliği-4200k"
"product_id=6224","ksl153-ledli-flüt-banyo-apliği-4200k"
"product_id=6224","ksl153-ledli-flüt-banyo-apliği-4200k"
"product_id=6225","ksl154-ledli-flüt-banyo-apliği-4200k"
"product_id=6225","ksl154-ledli-flüt-banyo-apliği-4200k"
"product_id=6227","ksl155-12w-ledli-dekoratif-aplik-3000k"
"product_id=6227","ksl155-12w-ledli-dekoratif-aplik-3000k"
"product_id=6226","ksl155-12w-ledli-dekoratif-aplik-6500k"
"product_id=6226","ksl155-12w-ledli-dekoratif-aplik-6500k"
"product_id=6229","ksl156-24w-ledli-dekoratif-aplik-3000k"
"product_id=6229","ksl156-24w-ledli-dekoratif-aplik-3000k"
"product_id=6228","ksl156-24w-ledli-dekoratif-aplik-6500k"
"product_id=6228","ksl156-24w-ledli-dekoratif-aplik-6500k"
"product_id=5335","ksl160-ledli-flüt-banyo-apliği-4200k"
"product_id=5336","ksl161-ledli-flüt-banyo-apliği-6000k"
"product_id=5337","ksl163-6w-ledli-flüt-banyo-apliği-4200k"
"product_id=5338","ksl164-9w-ledli-flüt-banyo-apliği-4200k"
"product_id=5339","ksl165-12w-ledli-flüt-banyo-apliği-4200k"
"product_id=5340","ksl166-3w-ledli-flüt-banyo-apliği-4200k"
"product_id=5341","ksl167-6w-ledli-flüt-banyo-apliği-4200k"
"product_id=5342","ksl168-9w-ledli-flüt-banyo-apliği-4200k"
"product_id=5343","ksl169-12w-ledli-flüt-banyo-apliği-4200k"
"product_id=5344","ksl174-ledli-resim-aplik-12w-4200k"
"product_id=5344","ksl174-ledli-resim-aplik-12w-4200k"
"product_id=7975","ksl175-indoor-led-wall-fixture"
"product_id=7975","ksl175-yatak-başi-led-aplik"
"product_id=7974","ksl176-indoor-led-wall-fixture"
"product_id=7974","ksl176-yatak-başi-led-aplik"
"product_id=7976","ksl177-indoor-led-wall-fixture"
"product_id=7976","ksl177-yatak-başi-led-aplik"
"product_id=8112","ksl178-2-usb-li-yatak-başi-led-aplik"
"product_id=8112","ksl178-led-bedside-lamp-with-2-usb-ports"
"product_id=6230","ksl1801-s-a-linear-25w-80cm-ararenk"
"product_id=6230","ksl1801-s-a-linear-25w-80cm-ararenk"
"product_id=6231","ksl1801-s-a-linear-25w-80cm-beyaz"
"product_id=6231","ksl1801-s-a-linear-25w-80cm-beyaz"
"product_id=6232","ksl1801-s-a-linear-25w-80cm-gün-işiği"
"product_id=6232","ksl1801-s-a-linear-25w-80cm-gün-işiği"
"product_id=6233","ksl1802-s-a-linear-32w-100cm-ararenk"
"product_id=6233","ksl1802-s-a-linear-32w-100cm-ararenk"
"product_id=6234","ksl1802-s-a-linear-32w-100cm-beyaz"
"product_id=6234","ksl1802-s-a-linear-32w-100cm-beyaz"
"product_id=6235","ksl1802-s-a-linear-32w-100cm-gün-işiği"
"product_id=6235","ksl1802-s-a-linear-32w-100cm-gün-işiği"
"product_id=6236","ksl1803-s-a-linear-38w-120cm-ararenk"
"product_id=6236","ksl1803-s-a-linear-38w-120cm-ararenk"
"product_id=6237","ksl1803-s-a-linear-38w-120cm-beyaz"
"product_id=6237","ksl1803-s-a-linear-38w-120cm-beyaz"
"product_id=6238","ksl1803-s-a-linear-38w-120cm-gün-işiği"
"product_id=6238","ksl1803-s-a-linear-38w-120cm-gün-işiği"
"product_id=6239","ksl1804-s-a-linear-48w-150cm-ararenk"
"product_id=6239","ksl1804-s-a-linear-48w-150cm-ararenk"
"product_id=6240","ksl1804-s-a-linear-48w-150cm-beyaz"
"product_id=6240","ksl1804-s-a-linear-48w-150cm-beyaz"
"product_id=6241","ksl1804-s-a-linear-48w-150cm-gün-işiği"
"product_id=6241","ksl1804-s-a-linear-48w-150cm-gün-işiği"
"product_id=6242","ksl1805-s-a-linear-57w-180cm-ararenk"
"product_id=6242","ksl1805-s-a-linear-57w-180cm-ararenk"
"product_id=6243","ksl1805-s-a-linear-57w-180cm-beyaz"
"product_id=6243","ksl1805-s-a-linear-57w-180cm-beyaz"
"product_id=6244","ksl1805-s-a-linear-57w-180cm-gün-işiği"
"product_id=6244","ksl1805-s-a-linear-57w-180cm-gün-işiği"
"product_id=6245","ksl1806-s-a-linear-64w-200cm-ararenk"
"product_id=6245","ksl1806-s-a-linear-64w-200cm-ararenk"
"product_id=6246","ksl1806-s-a-linear-64w-200cm-beyaz"
"product_id=6246","ksl1806-s-a-linear-64w-200cm-beyaz"
"product_id=6247","ksl1806-s-a-linear-64w-200cm-gün-işiği"
"product_id=6247","ksl1806-s-a-linear-64w-200cm-gün-işiği"
"product_id=6248","ksl1807-s-a-linear-80w-250cm-ararenk"
"product_id=6248","ksl1807-s-a-linear-80w-250cm-ararenk"
"product_id=6249","ksl1807-s-a-linear-80w-250cm-beyaz"
"product_id=6249","ksl1807-s-a-linear-80w-250cm-beyaz"
"product_id=6250","ksl1807-s-a-linear-80w-250cm-gün-işiği"
"product_id=6250","ksl1807-s-a-linear-80w-250cm-gün-işiği"
"product_id=6251","ksl1808-s-a-linear-96w-300cm-ararenk"
"product_id=6251","ksl1808-s-a-linear-96w-300cm-ararenk"
"product_id=6252","ksl1808-s-a-linear-96w-300cm-beyaz"
"product_id=6252","ksl1808-s-a-linear-96w-300cm-beyaz"
"product_id=6253","ksl1808-s-a-linear-96w-300cm-gün-işiği"
"product_id=6253","ksl1808-s-a-linear-96w-300cm-gün-işiği"
"product_id=6254","ksl1809-s-a-linear-19w-60cm-ararenk"
"product_id=6254","ksl1809-s-a-linear-19w-60cm-ararenk"
"product_id=6255","ksl1809-s-a-linear-19w-60cm-beyaz"
"product_id=6255","ksl1809-s-a-linear-19w-60cm-beyaz"
"product_id=6256","ksl1809-s-a-linear-19w-60cm-gün-işiği"
"product_id=6256","ksl1809-s-a-linear-19w-60cm-gün-işiği"
"product_id=6257","ksl1810-s-a-linear-19w-60cm-ararenk"
"product_id=6257","ksl1810-s-a-linear-19w-60cm-ararenk"
"product_id=6258","ksl1810-s-a-linear-19w-60cm-beyaz"
"product_id=6258","ksl1810-s-a-linear-19w-60cm-beyaz"
"product_id=6259","ksl1810-s-a-linear-19w-60cm-gün-işiği"
"product_id=6259","ksl1810-s-a-linear-19w-60cm-gün-işiği"
"product_id=6260","ksl1811-s-a-linear-25w-80cm-ararenk"
"product_id=6260","ksl1811-s-a-linear-25w-80cm-ararenk"
"product_id=6261","ksl1811-s-a-linear-25w-80cm-beyaz"
"product_id=6261","ksl1811-s-a-linear-25w-80cm-beyaz"
"product_id=6262","ksl1811-s-a-linear-25w-80cm-gün-işiği"
"product_id=6262","ksl1811-s-a-linear-25w-80cm-gün-işiği"
"product_id=6263","ksl1812-s-a-linear-32w-100cm-ararenk"
"product_id=6263","ksl1812-s-a-linear-32w-100cm-ararenk"
"product_id=6264","ksl1812-s-a-linear-32w-100cm-beyaz"
"product_id=6264","ksl1812-s-a-linear-32w-100cm-beyaz"
"product_id=6265","ksl1812-s-a-linear-32w-100cm-gün-işiği"
"product_id=6265","ksl1812-s-a-linear-32w-100cm-gün-işiği"
"product_id=6266","ksl1813-s-a-linear-38w-120cm-ararenk"
"product_id=6266","ksl1813-s-a-linear-38w-120cm-ararenk"
"product_id=6267","ksl1813-s-a-linear-38w-120cm-beyaz"
"product_id=6267","ksl1813-s-a-linear-38w-120cm-beyaz"
"product_id=6268","ksl1813-s-a-linear-38w-120cm-gün-işiği"
"product_id=6268","ksl1813-s-a-linear-38w-120cm-gün-işiği"
"product_id=6269","ksl1814-s-a-linear-48w-150cm-ararenk"
"product_id=6269","ksl1814-s-a-linear-48w-150cm-ararenk"
"product_id=6270","ksl1814-s-a-linear-48w-150cm-beyaz"
"product_id=6270","ksl1814-s-a-linear-48w-150cm-beyaz"
"product_id=6271","ksl1814-s-a-linear-48w-150cm-gün-işiği"
"product_id=6271","ksl1814-s-a-linear-48w-150cm-gün-işiği"
"product_id=6272","ksl1815-s-a-linear-57w-180cm-ararenk"
"product_id=6272","ksl1815-s-a-linear-57w-180cm-ararenk"
"product_id=6273","ksl1815-s-a-linear-57w-180cm-beyaz"
"product_id=6273","ksl1815-s-a-linear-57w-180cm-beyaz"
"product_id=6274","ksl1815-s-a-linear-57w-180cm-gün-işiği"
"product_id=6274","ksl1815-s-a-linear-57w-180cm-gün-işiği"
"product_id=6275","ksl1816-s-a-linear-64w-200cm-ararenk"
"product_id=6275","ksl1816-s-a-linear-64w-200cm-ararenk"
"product_id=6276","ksl1816-s-a-linear-64w-200cm-beyaz"
"product_id=6276","ksl1816-s-a-linear-64w-200cm-beyaz"
"product_id=6277","ksl1816-s-a-linear-64w-200cm-gün-işiği"
"product_id=6277","ksl1816-s-a-linear-64w-200cm-gün-işiği"
"product_id=6278","ksl1817-s-a-linear-80w-250cm-ararenk"
"product_id=6278","ksl1817-s-a-linear-80w-250cm-ararenk"
"product_id=6279","ksl1817-s-a-linear-80w-250cm-beyaz"
"product_id=6279","ksl1817-s-a-linear-80w-250cm-beyaz"
"product_id=6280","ksl1817-s-a-linear-80w-250cm-gün-işiği"
"product_id=6280","ksl1817-s-a-linear-80w-250cm-gün-işiği"
"product_id=6281","ksl1818-s-a-linear-96w-300cm-ararenk"
"product_id=6281","ksl1818-s-a-linear-96w-300cm-ararenk"
"product_id=6282","ksl1818-s-a-linear-96w-300cm-beyaz"
"product_id=6282","ksl1818-s-a-linear-96w-300cm-beyaz"
"product_id=6283","ksl1818-s-a-linear-96w-300cm-gün-işiği"
"product_id=6283","ksl1818-s-a-linear-96w-300cm-gün-işiği"
"product_id=6284","ksl1819-s-a-linear-35w-60cm-ararenk"
"product_id=6284","ksl1819-s-a-linear-35w-60cm-ararenk"
"product_id=6285","ksl1819-s-a-linear-35w-60cm-beyaz"
"product_id=6285","ksl1819-s-a-linear-35w-60cm-beyaz"
"product_id=6286","ksl1819-s-a-linear-35w-60cm-gün-işiği"
"product_id=6286","ksl1819-s-a-linear-35w-60cm-gün-işiği"
"product_id=6287","ksl1820-s-a-linear-45w-80cm-ararenk"
"product_id=6287","ksl1820-s-a-linear-45w-80cm-ararenk"
"product_id=6288","ksl1820-s-a-linear-45w-80cm-beyaz"
"product_id=6288","ksl1820-s-a-linear-45w-80cm-beyaz"
"product_id=6289","ksl1820-s-a-linear-45w-80cm-gün-işiği"
"product_id=6289","ksl1820-s-a-linear-45w-80cm-gün-işiği"
"product_id=6290","ksl1821-s-a-linear-56w-100cm-ararenk"
"product_id=6290","ksl1821-s-a-linear-56w-100cm-ararenk"
"product_id=6291","ksl1821-s-a-linear-56w-100cm-beyaz"
"product_id=6291","ksl1821-s-a-linear-56w-100cm-beyaz"
"product_id=6292","ksl1821-s-a-linear-56w-100cm-gün-işiği"
"product_id=6292","ksl1821-s-a-linear-56w-100cm-gün-işiği"
"product_id=6293","ksl1822-s-a-linear-67w-120cm-ararenk"
"product_id=6293","ksl1822-s-a-linear-67w-120cm-ararenk"
"product_id=6294","ksl1822-s-a-linear-67w-120cm-beyaz"
"product_id=6294","ksl1822-s-a-linear-67w-120cm-beyaz"
"product_id=6295","ksl1822-s-a-linear-67w-120cm-gün-işiği"
"product_id=6295","ksl1822-s-a-linear-67w-120cm-gün-işiği"
"product_id=6296","ksl1823-s-a-linear-84w-150cm-ararenk"
"product_id=6296","ksl1823-s-a-linear-84w-150cm-ararenk"
"product_id=6297","ksl1823-s-a-linear-84w-150cm-beyaz"
"product_id=6297","ksl1823-s-a-linear-84w-150cm-beyaz"
"product_id=6298","ksl1823-s-a-linear-84w-150cm-gün-işiği"
"product_id=6298","ksl1823-s-a-linear-84w-150cm-gün-işiği"
"product_id=6299","ksl1824-s-a-linear-100w-180cm-ararenk"
"product_id=6299","ksl1824-s-a-linear-100w-180cm-ararenk"
"product_id=6300","ksl1824-s-a-linear-100w-180cm-beyaz"
"product_id=6300","ksl1824-s-a-linear-100w-180cm-beyaz"
"product_id=6301","ksl1824-s-a-linear-100w-180cm-gün-işiği"
"product_id=6301","ksl1824-s-a-linear-100w-180cm-gün-işiği"
"product_id=6302","ksl1825-s-a-linear-112w-200cm-ararenk"
"product_id=6302","ksl1825-s-a-linear-112w-200cm-ararenk"
"product_id=6303","ksl1825-s-a-linear-112w-200cm-beyaz"
"product_id=6303","ksl1825-s-a-linear-112w-200cm-beyaz"
"product_id=6304","ksl1825-s-a-linear-112w-200cm-gün-işiği"
"product_id=6304","ksl1825-s-a-linear-112w-200cm-gün-işiği"
"product_id=6305","ksl1826-s-a-linear-140w-250cm-ararenk"
"product_id=6305","ksl1826-s-a-linear-140w-250cm-ararenk"
"product_id=6306","ksl1826-s-a-linear-140w-250cm-beyaz"
"product_id=6306","ksl1826-s-a-linear-140w-250cm-beyaz"
"product_id=6307","ksl1826-s-a-linear-140w-250cm-gün-işiği"
"product_id=6307","ksl1826-s-a-linear-140w-250cm-gün-işiği"
"product_id=6308","ksl1827-s-a-linear-170w-300cm-ararenk"
"product_id=6308","ksl1827-s-a-linear-170w-300cm-ararenk"
"product_id=6309","ksl1827-s-a-linear-170w-300cm-beyaz"
"product_id=6309","ksl1827-s-a-linear-170w-300cm-beyaz"
"product_id=6310","ksl1827-s-a-linear-170w-300cm-gün-işiği"
"product_id=6310","ksl1827-s-a-linear-170w-300cm-gün-işiği"
"product_id=5345","ksl184-ledli-resim-aplik-20w-4200k"
"product_id=5346","ksl190-ledli-resim-aplik-3w-4200k"
"product_id=6311","ksl1901-19w-siva-üstü-ve-sarkit-linear-60cm-ararenk"
"product_id=6311","ksl1901-19w-siva-üstü-ve-sarkit-linear-60cm-ararenk"
"product_id=6312","ksl1901-19w-siva-üstü-ve-sarkit-linear-60cm-beyaz"
"product_id=6312","ksl1901-19w-siva-üstü-ve-sarkit-linear-60cm-beyaz"
"product_id=6313","ksl1901-19w-siva-üstü-ve-sarkit-linear-60cm-günişiği"
"product_id=6313","ksl1901-19w-siva-üstü-ve-sarkit-linear-60cm-günişiği"
"product_id=6314","ksl1902-25w-siva-üstü-ve-sarkit-linear-80cm-ararenk"
"product_id=6314","ksl1902-25w-siva-üstü-ve-sarkit-linear-80cm-ararenk"
"product_id=6315","ksl1902-25w-siva-üstü-ve-sarkit-linear-80cm-beyaz"
"product_id=6315","ksl1902-25w-siva-üstü-ve-sarkit-linear-80cm-beyaz"
"product_id=6316","ksl1902-25w-siva-üstü-ve-sarkit-linear-80cm-günişiği"
"product_id=6316","ksl1902-25w-siva-üstü-ve-sarkit-linear-80cm-günişiği"
"product_id=6317","ksl1903-32w-siva-üstü-ve-sarkit-linear-100cm-ararenk"
"product_id=6317","ksl1903-32w-siva-üstü-ve-sarkit-linear-100cm-ararenk"
"product_id=6318","ksl1903-32w-siva-üstü-ve-sarkit-linear-100cm-beyaz"
"product_id=6318","ksl1903-32w-siva-üstü-ve-sarkit-linear-100cm-beyaz"
"product_id=6319","ksl1903-32w-siva-üstü-ve-sarkit-linear-100cm-günişiği"
"product_id=6319","ksl1903-32w-siva-üstü-ve-sarkit-linear-100cm-günişiği"
"product_id=6320","ksl1904-38w-siva-üstü-ve-sarkit-linear-120cm-ararenk"
"product_id=6320","ksl1904-38w-siva-üstü-ve-sarkit-linear-120cm-ararenk"
"product_id=6321","ksl1904-38w-siva-üstü-ve-sarkit-linear-120cm-beyaz"
"product_id=6321","ksl1904-38w-siva-üstü-ve-sarkit-linear-120cm-beyaz"
"product_id=6322","ksl1904-38w-siva-üstü-ve-sarkit-linear-120cm-günişiği"
"product_id=6322","ksl1904-38w-siva-üstü-ve-sarkit-linear-120cm-günişiği"
"product_id=6323","ksl1905-48w-siva-üstü-ve-sarkit-linear-150cm-ararenk"
"product_id=6323","ksl1905-48w-siva-üstü-ve-sarkit-linear-150cm-ararenk"
"product_id=6324","ksl1905-48w-siva-üstü-ve-sarkit-linear-150cm-beyaz"
"product_id=6324","ksl1905-48w-siva-üstü-ve-sarkit-linear-150cm-beyaz"
"product_id=6325","ksl1905-48w-siva-üstü-ve-sarkit-linear-150cm-günişiği"
"product_id=6325","ksl1905-48w-siva-üstü-ve-sarkit-linear-150cm-günişiği"
"product_id=6326","ksl1906-58w-siva-üstü-ve-sarkit-linear-180cm-ararenk"
"product_id=6326","ksl1906-58w-siva-üstü-ve-sarkit-linear-180cm-ararenk"
"product_id=6327","ksl1906-58w-siva-üstü-ve-sarkit-linear-180cm-beyaz"
"product_id=6327","ksl1906-58w-siva-üstü-ve-sarkit-linear-180cm-beyaz"
"product_id=6328","ksl1906-58w-siva-üstü-ve-sarkit-linear-180cm-günişiği"
"product_id=6328","ksl1906-58w-siva-üstü-ve-sarkit-linear-180cm-günişiği"
"product_id=6329","ksl1907-65w-siva-üstü-ve-sarkit-linear-200cm-ararenk"
"product_id=6329","ksl1907-65w-siva-üstü-ve-sarkit-linear-200cm-ararenk"
"product_id=6330","ksl1907-65w-siva-üstü-ve-sarkit-linear-200cm-beyaz"
"product_id=6330","ksl1907-65w-siva-üstü-ve-sarkit-linear-200cm-beyaz"
"product_id=6331","ksl1907-65w-siva-üstü-ve-sarkit-linear-200cm-günişiği"
"product_id=6331","ksl1907-65w-siva-üstü-ve-sarkit-linear-200cm-günişiği"
"product_id=6332","ksl1908-80w-siva-üstü-ve-sarkit-linear-250cm-ararenk"
"product_id=6332","ksl1908-80w-siva-üstü-ve-sarkit-linear-250cm-ararenk"
"product_id=6333","ksl1908-80w-siva-üstü-ve-sarkit-linear-250cm-beyaz"
"product_id=6333","ksl1908-80w-siva-üstü-ve-sarkit-linear-250cm-beyaz"
"product_id=6334","ksl1908-80w-siva-üstü-ve-sarkit-linear-250cm-günişiği"
"product_id=6334","ksl1908-80w-siva-üstü-ve-sarkit-linear-250cm-günişiği"
"product_id=6335","ksl1909-95w-siva-üstü-ve-sarkit-linear-300cm-ararenk"
"product_id=6335","ksl1909-95w-siva-üstü-ve-sarkit-linear-300cm-ararenk"
"product_id=6336","ksl1909-95w-siva-üstü-ve-sarkit-linear-300cm-beyaz"
"product_id=6336","ksl1909-95w-siva-üstü-ve-sarkit-linear-300cm-beyaz"
"product_id=6337","ksl1909-95w-siva-üstü-ve-sarkit-linear-300cm-günişiği"
"product_id=6337","ksl1909-95w-siva-üstü-ve-sarkit-linear-300cm-günişiği"
"product_id=5347","ksl191-ledli-resim-aplik-6w-4200k"
"product_id=6338","ksl1910-25w-yülsek-lümen-siva-üstü-ve-sarkit-linear-60cm-ararenk"
"product_id=6338","ksl1910-25w-yülsek-lümen-siva-üstü-ve-sarkit-linear-60cm-ararenk"
"product_id=6339","ksl1910-25w-yülsek-lümen-siva-üstü-ve-sarkit-linear-60cm-beyaz"
"product_id=6339","ksl1910-25w-yülsek-lümen-siva-üstü-ve-sarkit-linear-60cm-beyaz"
"product_id=6340","ksl1910-25w-yülsek-lümen-siva-üstü-ve-sarkit-linear-60cm-günişiği"
"product_id=6340","ksl1910-25w-yülsek-lümen-siva-üstü-ve-sarkit-linear-60cm-günişiği"
"product_id=6341","ksl1911-33w-yülsek-lümen-siva-üstü-ve-sarkit-linear-80cm-ararenk"
"product_id=6341","ksl1911-33w-yülsek-lümen-siva-üstü-ve-sarkit-linear-80cm-ararenk"
"product_id=6342","ksl1911-33w-yülsek-lümen-siva-üstü-ve-sarkit-linear-80cm-beyaz"
"product_id=6342","ksl1911-33w-yülsek-lümen-siva-üstü-ve-sarkit-linear-80cm-beyaz"
"product_id=6343","ksl1911-33w-yülsek-lümen-siva-üstü-ve-sarkit-linear-80cm-günişiği"
"product_id=6343","ksl1911-33w-yülsek-lümen-siva-üstü-ve-sarkit-linear-80cm-günişiği"
"product_id=6344","ksl1912-42w-yülsek-lümen-siva-üstü-ve-sarkit-linear-100cm-ararenk"
"product_id=6344","ksl1912-42w-yülsek-lümen-siva-üstü-ve-sarkit-linear-100cm-ararenk"
"product_id=6345","ksl1912-42w-yülsek-lümen-siva-üstü-ve-sarkit-linear-100cm-beyaz"
"product_id=6345","ksl1912-42w-yülsek-lümen-siva-üstü-ve-sarkit-linear-100cm-beyaz"
"product_id=6346","ksl1912-42w-yülsek-lümen-siva-üstü-ve-sarkit-linear-100cm-günişiği"
"product_id=6346","ksl1912-42w-yülsek-lümen-siva-üstü-ve-sarkit-linear-100cm-günişiği"
"product_id=6347","ksl1913-50w-yülsek-lümen-siva-üstü-ve-sarkit-linear-120cm-ararenk"
"product_id=6347","ksl1913-50w-yülsek-lümen-siva-üstü-ve-sarkit-linear-120cm-ararenk"
"product_id=6348","ksl1913-50w-yülsek-lümen-siva-üstü-ve-sarkit-linear-120cm-beyaz"
"product_id=6348","ksl1913-50w-yülsek-lümen-siva-üstü-ve-sarkit-linear-120cm-beyaz"
"product_id=6349","ksl1913-50w-yülsek-lümen-siva-üstü-ve-sarkit-linear-120cm-günişiği"
"product_id=6349","ksl1913-50w-yülsek-lümen-siva-üstü-ve-sarkit-linear-120cm-günişiği"
"product_id=6350","ksl1914-63w-yülsek-lümen-siva-üstü-ve-sarkit-linear-150cm-ararenk"
"product_id=6350","ksl1914-63w-yülsek-lümen-siva-üstü-ve-sarkit-linear-150cm-ararenk"
"product_id=6351","ksl1914-63w-yülsek-lümen-siva-üstü-ve-sarkit-linear-150cm-beyaz"
"product_id=6351","ksl1914-63w-yülsek-lümen-siva-üstü-ve-sarkit-linear-150cm-beyaz"
"product_id=6352","ksl1914-63w-yülsek-lümen-siva-üstü-ve-sarkit-linear-150cm-günişiği"
"product_id=6352","ksl1914-63w-yülsek-lümen-siva-üstü-ve-sarkit-linear-150cm-günişiği"
"product_id=6353","ksl1915-75w-yülsek-lümen-siva-üstü-ve-sarkit-linear-180cm-ararenk"
"product_id=6353","ksl1915-75w-yülsek-lümen-siva-üstü-ve-sarkit-linear-180cm-ararenk"
"product_id=6354","ksl1915-75w-yülsek-lümen-siva-üstü-ve-sarkit-linear-180cm-beyaz"
"product_id=6354","ksl1915-75w-yülsek-lümen-siva-üstü-ve-sarkit-linear-180cm-beyaz"
"product_id=6355","ksl1915-75w-yülsek-lümen-siva-üstü-ve-sarkit-linear-180cm-günişiği"
"product_id=6355","ksl1915-75w-yülsek-lümen-siva-üstü-ve-sarkit-linear-180cm-günişiği"
"product_id=6356","ksl1916-85w-yülsek-lümen-siva-üstü-ve-sarkit-linear-200cm-ararenk"
"product_id=6356","ksl1916-85w-yülsek-lümen-siva-üstü-ve-sarkit-linear-200cm-ararenk"
"product_id=6357","ksl1916-85w-yülsek-lümen-siva-üstü-ve-sarkit-linear-200cm-beyaz"
"product_id=6357","ksl1916-85w-yülsek-lümen-siva-üstü-ve-sarkit-linear-200cm-beyaz"
"product_id=6358","ksl1916-85w-yülsek-lümen-siva-üstü-ve-sarkit-linear-200cm-günişiği"
"product_id=6358","ksl1916-85w-yülsek-lümen-siva-üstü-ve-sarkit-linear-200cm-günişiği"
"product_id=6359","ksl1917-105w-yülsek-lümen-siva-üstü-ve-sarkit-linear-250cm-ararenk"
"product_id=6359","ksl1917-105w-yülsek-lümen-siva-üstü-ve-sarkit-linear-250cm-ararenk"
"product_id=6360","ksl1917-105w-yülsek-lümen-siva-üstü-ve-sarkit-linear-250cm-beyaz"
"product_id=6360","ksl1917-105w-yülsek-lümen-siva-üstü-ve-sarkit-linear-250cm-beyaz"
"product_id=6361","ksl1917-105w-yülsek-lümen-siva-üstü-ve-sarkit-linear-250cm-günişiği"
"product_id=6361","ksl1917-105w-yülsek-lümen-siva-üstü-ve-sarkit-linear-250cm-günişiği"
"product_id=6362","ksl1918-125w-yülsek-lümen-siva-üstü-ve-sarkit-linear-300cm-ararenk"
"product_id=6362","ksl1918-125w-yülsek-lümen-siva-üstü-ve-sarkit-linear-300cm-ararenk"
"product_id=6363","ksl1918-125w-yülsek-lümen-siva-üstü-ve-sarkit-linear-300cm-beyaz"
"product_id=6363","ksl1918-125w-yülsek-lümen-siva-üstü-ve-sarkit-linear-300cm-beyaz"
"product_id=6364","ksl1918-125w-yülsek-lümen-siva-üstü-ve-sarkit-linear-300cm-günişiği"
"product_id=6364","ksl1918-125w-yülsek-lümen-siva-üstü-ve-sarkit-linear-300cm-günişiği"
"product_id=6365","ksl1919-19w-siva-üstü-ve-sarkit-linear-60cm-ararenk"
"product_id=6365","ksl1919-19w-siva-üstü-ve-sarkit-linear-60cm-ararenk"
"product_id=6366","ksl1919-19w-siva-üstü-ve-sarkit-linear-60cm-beyaz"
"product_id=6366","ksl1919-19w-siva-üstü-ve-sarkit-linear-60cm-beyaz"
"product_id=6367","ksl1919-19w-siva-üstü-ve-sarkit-linear-60cm-günişiği"
"product_id=6367","ksl1919-19w-siva-üstü-ve-sarkit-linear-60cm-günişiği"
"product_id=5348","ksl192-ledli-resim-aplik-9w-4200k"
"product_id=6368","ksl1920-25w-siva-üstü-ve-sarkit-linear-80cm-ararenk"
"product_id=6368","ksl1920-25w-siva-üstü-ve-sarkit-linear-80cm-ararenk"
"product_id=6369","ksl1920-25w-siva-üstü-ve-sarkit-linear-80cm-beyaz"
"product_id=6369","ksl1920-25w-siva-üstü-ve-sarkit-linear-80cm-beyaz"
"product_id=6370","ksl1920-25w-siva-üstü-ve-sarkit-linear-80cm-günişiği"
"product_id=6370","ksl1920-25w-siva-üstü-ve-sarkit-linear-80cm-günişiği"
"product_id=6371","ksl1921-32w-siva-üstü-ve-sarkit-linear-100cm-ararenk"
"product_id=6371","ksl1921-32w-siva-üstü-ve-sarkit-linear-100cm-ararenk"
"product_id=6372","ksl1921-32w-siva-üstü-ve-sarkit-linear-100cm-beyaz"
"product_id=6372","ksl1921-32w-siva-üstü-ve-sarkit-linear-100cm-beyaz"
"product_id=6373","ksl1921-32w-siva-üstü-ve-sarkit-linear-100cm-günişiği"
"product_id=6373","ksl1921-32w-siva-üstü-ve-sarkit-linear-100cm-günişiği"
"product_id=6374","ksl1922-38w-siva-üstü-ve-sarkit-linear-120cm-ararenk"
"product_id=6374","ksl1922-38w-siva-üstü-ve-sarkit-linear-120cm-ararenk"
"product_id=6375","ksl1922-38w-siva-üstü-ve-sarkit-linear-120cm-beyaz"
"product_id=6375","ksl1922-38w-siva-üstü-ve-sarkit-linear-120cm-beyaz"
"product_id=6376","ksl1922-38w-siva-üstü-ve-sarkit-linear-120cm-günişiği"
"product_id=6376","ksl1922-38w-siva-üstü-ve-sarkit-linear-120cm-günişiği"
"product_id=6377","ksl1923-48w-siva-üstü-ve-sarkit-linear-150cm-ararenk"
"product_id=6377","ksl1923-48w-siva-üstü-ve-sarkit-linear-150cm-ararenk"
"product_id=6378","ksl1923-48w-siva-üstü-ve-sarkit-linear-150cm-beyaz"
"product_id=6378","ksl1923-48w-siva-üstü-ve-sarkit-linear-150cm-beyaz"
"product_id=6379","ksl1923-48w-siva-üstü-ve-sarkit-linear-150cm-günişiği"
"product_id=6379","ksl1923-48w-siva-üstü-ve-sarkit-linear-150cm-günişiği"
"product_id=6380","ksl1924-58w-siva-üstü-ve-sarkit-linear-180cm-ararenk"
"product_id=6380","ksl1924-58w-siva-üstü-ve-sarkit-linear-180cm-ararenk"
"product_id=6381","ksl1924-58w-siva-üstü-ve-sarkit-linear-180cm-beyaz"
"product_id=6381","ksl1924-58w-siva-üstü-ve-sarkit-linear-180cm-beyaz"
"product_id=6382","ksl1924-58w-siva-üstü-ve-sarkit-linear-180cm-günişiği"
"product_id=6382","ksl1924-58w-siva-üstü-ve-sarkit-linear-180cm-günişiği"
"product_id=6383","ksl1925-65w-siva-üstü-ve-sarkit-linear-200cm-ararenk"
"product_id=6383","ksl1925-65w-siva-üstü-ve-sarkit-linear-200cm-ararenk"
"product_id=6384","ksl1925-65w-siva-üstü-ve-sarkit-linear-200cm-beyaz"
"product_id=6384","ksl1925-65w-siva-üstü-ve-sarkit-linear-200cm-beyaz"
"product_id=6385","ksl1925-65w-siva-üstü-ve-sarkit-linear-200cm-günişiği"
"product_id=6385","ksl1925-65w-siva-üstü-ve-sarkit-linear-200cm-günişiği"
"product_id=6386","ksl1926-80w-siva-üstü-ve-sarkit-linear-250cm-ararenk"
"product_id=6386","ksl1926-80w-siva-üstü-ve-sarkit-linear-250cm-ararenk"
"product_id=6387","ksl1926-80w-siva-üstü-ve-sarkit-linear-250cm-beyaz"
"product_id=6387","ksl1926-80w-siva-üstü-ve-sarkit-linear-250cm-beyaz"
"product_id=6388","ksl1926-80w-siva-üstü-ve-sarkit-linear-250cm-günişiği"
"product_id=6388","ksl1926-80w-siva-üstü-ve-sarkit-linear-250cm-günişiği"
"product_id=6389","ksl1927-95w-siva-üstü-ve-sarkit-linear-300cm-ararenk"
"product_id=6389","ksl1927-95w-siva-üstü-ve-sarkit-linear-300cm-ararenk"
"product_id=6390","ksl1927-95w-siva-üstü-ve-sarkit-linear-300cm-beyaz"
"product_id=6390","ksl1927-95w-siva-üstü-ve-sarkit-linear-300cm-beyaz"
"product_id=6391","ksl1927-95w-siva-üstü-ve-sarkit-linear-300cm-günişiği"
"product_id=6391","ksl1927-95w-siva-üstü-ve-sarkit-linear-300cm-günişiği"
"product_id=6392","ksl1928-19w-siva-üstü-ve-sarkit-ovalium-radus-linear-60cm-ararenk"
"product_id=6392","ksl1928-19w-siva-üstü-ve-sarkit-ovalium-radus-linear-60cm-ararenk"
"product_id=6393","ksl1928-19w-siva-üstü-ve-sarkit-ovalium-radus-linear-60cm-beyaz"
"product_id=6393","ksl1928-19w-siva-üstü-ve-sarkit-ovalium-radus-linear-60cm-beyaz"
"product_id=6394","ksl1928-19w-siva-üstü-ve-sarkit-ovalium-radus-linear-60cm-günişiği"
"product_id=6394","ksl1928-19w-siva-üstü-ve-sarkit-ovalium-radus-linear-60cm-günişiği"
"product_id=6395","ksl1929-25w-siva-üstü-ve-sarkit-ovalium-radus-linear-80cm-ararenk"
"product_id=6395","ksl1929-25w-siva-üstü-ve-sarkit-ovalium-radus-linear-80cm-ararenk"
"product_id=6396","ksl1929-25w-siva-üstü-ve-sarkit-ovalium-radus-linear-80cm-beyaz"
"product_id=6396","ksl1929-25w-siva-üstü-ve-sarkit-ovalium-radus-linear-80cm-beyaz"
"product_id=6397","ksl1929-25w-siva-üstü-ve-sarkit-ovalium-radus-linear-80cm-günişiği"
"product_id=6397","ksl1929-25w-siva-üstü-ve-sarkit-ovalium-radus-linear-80cm-günişiği"
"product_id=5349","ksl193-ledli-resim-aplik-12w-4200k"
"product_id=6398","ksl1930-32w-siva-üstü-ve-sarkit-ovalium-radus-linear-100cm-ararenk"
"product_id=6398","ksl1930-32w-siva-üstü-ve-sarkit-ovalium-radus-linear-100cm-ararenk"
"product_id=6399","ksl1930-32w-siva-üstü-ve-sarkit-ovalium-radus-linear-100cm-beyaz"
"product_id=6399","ksl1930-32w-siva-üstü-ve-sarkit-ovalium-radus-linear-100cm-beyaz"
"product_id=6400","ksl1930-32w-siva-üstü-ve-sarkit-ovalium-radus-linear-100cm-günişiği"
"product_id=6400","ksl1930-32w-siva-üstü-ve-sarkit-ovalium-radus-linear-100cm-günişiği"
"product_id=6401","ksl1931-38w-siva-üstü-ve-sarkit-ovalium-radus-linear-120cm-ararenk"
"product_id=6401","ksl1931-38w-siva-üstü-ve-sarkit-ovalium-radus-linear-120cm-ararenk"
"product_id=6402","ksl1931-38w-siva-üstü-ve-sarkit-ovalium-radus-linear-120cm-beyaz"
"product_id=6402","ksl1931-38w-siva-üstü-ve-sarkit-ovalium-radus-linear-120cm-beyaz"
"product_id=6403","ksl1931-38w-siva-üstü-ve-sarkit-ovalium-radus-linear-120cm-günişiği"
"product_id=6403","ksl1931-38w-siva-üstü-ve-sarkit-ovalium-radus-linear-120cm-günişiği"
"product_id=6404","ksl1932-48w-siva-üstü-ve-sarkit-ovalium-radus-linear-150cm-ararenk"
"product_id=6404","ksl1932-48w-siva-üstü-ve-sarkit-ovalium-radus-linear-150cm-ararenk"
"product_id=6405","ksl1932-48w-siva-üstü-ve-sarkit-ovalium-radus-linear-150cm-beyaz"
"product_id=6405","ksl1932-48w-siva-üstü-ve-sarkit-ovalium-radus-linear-150cm-beyaz"
"product_id=6406","ksl1932-48w-siva-üstü-ve-sarkit-ovalium-radus-linear-150cm-günişiği"
"product_id=6406","ksl1932-48w-siva-üstü-ve-sarkit-ovalium-radus-linear-150cm-günişiği"
"product_id=6407","ksl1933-58w-siva-üstü-ve-sarkit-ovalium-radus-linear-180cm-ararenk"
"product_id=6407","ksl1933-58w-siva-üstü-ve-sarkit-ovalium-radus-linear-180cm-ararenk"
"product_id=6408","ksl1933-58w-siva-üstü-ve-sarkit-ovalium-radus-linear-180cm-beyaz"
"product_id=6408","ksl1933-58w-siva-üstü-ve-sarkit-ovalium-radus-linear-180cm-beyaz"
"product_id=6409","ksl1933-58w-siva-üstü-ve-sarkit-ovalium-radus-linear-180cm-günişiği"
"product_id=6409","ksl1933-58w-siva-üstü-ve-sarkit-ovalium-radus-linear-180cm-günişiği"
"product_id=6410","ksl1934-65w-siva-üstü-ve-sarkit-ovalium-radus-linear-200cm-ararenk"
"product_id=6410","ksl1934-65w-siva-üstü-ve-sarkit-ovalium-radus-linear-200cm-ararenk"
"product_id=6411","ksl1934-65w-siva-üstü-ve-sarkit-ovalium-radus-linear-200cm-beyaz"
"product_id=6411","ksl1934-65w-siva-üstü-ve-sarkit-ovalium-radus-linear-200cm-beyaz"
"product_id=6412","ksl1934-65w-siva-üstü-ve-sarkit-ovalium-radus-linear-200cm-günişiği"
"product_id=6412","ksl1934-65w-siva-üstü-ve-sarkit-ovalium-radus-linear-200cm-günişiği"
"product_id=6413","ksl1935-80w-siva-üstü-ve-sarkit-ovalium-radus-linear-250cm-ararenk"
"product_id=6413","ksl1935-80w-siva-üstü-ve-sarkit-ovalium-radus-linear-250cm-ararenk"
"product_id=6414","ksl1935-80w-siva-üstü-ve-sarkit-ovalium-radus-linear-250cm-beyaz"
"product_id=6414","ksl1935-80w-siva-üstü-ve-sarkit-ovalium-radus-linear-250cm-beyaz"
"product_id=6415","ksl1935-80w-siva-üstü-ve-sarkit-ovalium-radus-linear-250cm-günişiği"
"product_id=6415","ksl1935-80w-siva-üstü-ve-sarkit-ovalium-radus-linear-250cm-günişiği"
"product_id=6416","ksl1936-95w-siva-üstü-ve-sarkit-ovalium-radus-linear-300cm-ararenk"
"product_id=6416","ksl1936-95w-siva-üstü-ve-sarkit-ovalium-radus-linear-300cm-ararenk"
"product_id=6417","ksl1936-95w-siva-üstü-ve-sarkit-ovalium-radus-linear-300cm-beyaz"
"product_id=6417","ksl1936-95w-siva-üstü-ve-sarkit-ovalium-radus-linear-300cm-beyaz"
"product_id=6418","ksl1936-95w-siva-üstü-ve-sarkit-ovalium-radus-linear-300cm-günişiği"
"product_id=6418","ksl1936-95w-siva-üstü-ve-sarkit-ovalium-radus-linear-300cm-günişiği"
"product_id=6419","ksl1937-aski-takimi-2-adet-200cm"
"product_id=6419","ksl1937-aski-takimi-2-adet-200cm"
"product_id=5350","ksl194-ledli-resim-aplik-16w-3000k"
"product_id=6421","ksl1951-12w-siva-üstü-sarkit-linear-60cm-ararenk"
"product_id=6421","ksl1951-12w-siva-üstü-sarkit-linear-60cm-ararenk"
"product_id=6423","ksl1951-12w-siva-üstü-sarkit-linear-60cm-beyaz"
"product_id=6423","ksl1951-12w-siva-üstü-sarkit-linear-60cm-beyaz"
"product_id=6424","ksl1951-12w-siva-üstü-sarkit-linear-60cm-günişiği"
"product_id=6424","ksl1951-12w-siva-üstü-sarkit-linear-60cm-günişiği"
"product_id=6420","ksl1951-s-ü-sarkit-linear-12w-60cm-ararenk"
"product_id=6420","ksl1951-s-ü-sarkit-linear-12w-60cm-ararenk"
"product_id=6422","ksl1951-s-ü-sarkit-linear-12w-60cm-beyaz"
"product_id=6422","ksl1951-s-ü-sarkit-linear-12w-60cm-beyaz"
"product_id=6425","ksl1951-s-ü-sarkit-linear-12w-60cm-günişiği"
"product_id=6425","ksl1951-s-ü-sarkit-linear-12w-60cm-günişiği"
"product_id=6427","ksl1952-16w-siva-üstü-sarkit-linear-80cm-ararenk"
"product_id=6427","ksl1952-16w-siva-üstü-sarkit-linear-80cm-ararenk"
"product_id=6429","ksl1952-16w-siva-üstü-sarkit-linear-80cm-beyaz"
"product_id=6429","ksl1952-16w-siva-üstü-sarkit-linear-80cm-beyaz"
"product_id=6430","ksl1952-16w-siva-üstü-sarkit-linear-80cm-günişiği"
"product_id=6430","ksl1952-16w-siva-üstü-sarkit-linear-80cm-günişiği"
"product_id=6426","ksl1952-s-ü-sarkit-linear-16w-80cm-ararenk"
"product_id=6426","ksl1952-s-ü-sarkit-linear-16w-80cm-ararenk"
"product_id=6428","ksl1952-s-ü-sarkit-linear-16w-80cm-beyaz"
"product_id=6428","ksl1952-s-ü-sarkit-linear-16w-80cm-beyaz"
"product_id=6431","ksl1952-s-ü-sarkit-linear-16w-80cm-günişiği"
"product_id=6431","ksl1952-s-ü-sarkit-linear-16w-80cm-günişiği"
"product_id=6433","ksl1953-20w-siva-üstü-sarkit-linear-100cm-ararenk"
"product_id=6433","ksl1953-20w-siva-üstü-sarkit-linear-100cm-ararenk"
"product_id=6435","ksl1953-20w-siva-üstü-sarkit-linear-100cm-beyaz"
"product_id=6435","ksl1953-20w-siva-üstü-sarkit-linear-100cm-beyaz"
"product_id=6436","ksl1953-20w-siva-üstü-sarkit-linear-100cm-günişiği"
"product_id=6436","ksl1953-20w-siva-üstü-sarkit-linear-100cm-günişiği"
"product_id=6432","ksl1953-s-ü-sarkit-linear-20w-100cm-ararenk"
"product_id=6432","ksl1953-s-ü-sarkit-linear-20w-100cm-ararenk"
"product_id=6434","ksl1953-s-ü-sarkit-linear-20w-100cm-beyaz"
"product_id=6434","ksl1953-s-ü-sarkit-linear-20w-100cm-beyaz"
"product_id=6437","ksl1953-s-ü-sarkit-linear-20w-100cm-günişiği"
"product_id=6437","ksl1953-s-ü-sarkit-linear-20w-100cm-günişiği"
"product_id=6439","ksl1954-24w-siva-üstü-sarkit-linear-120cm-ararenk"
"product_id=6439","ksl1954-24w-siva-üstü-sarkit-linear-120cm-ararenk"
"product_id=6441","ksl1954-24w-siva-üstü-sarkit-linear-120cm-beyaz"
"product_id=6441","ksl1954-24w-siva-üstü-sarkit-linear-120cm-beyaz"
"product_id=6442","ksl1954-24w-siva-üstü-sarkit-linear-120cm-günişiği"
"product_id=6442","ksl1954-24w-siva-üstü-sarkit-linear-120cm-günişiği"
"product_id=6438","ksl1954-s-ü-sarkit-linear-24w-120cm-ararenk"
"product_id=6438","ksl1954-s-ü-sarkit-linear-24w-120cm-ararenk"
"product_id=6440","ksl1954-s-ü-sarkit-linear-24w-120cm-beyaz"
"product_id=6440","ksl1954-s-ü-sarkit-linear-24w-120cm-beyaz"
"product_id=6443","ksl1954-s-ü-sarkit-linear-24w-120cm-günişiği"
"product_id=6443","ksl1954-s-ü-sarkit-linear-24w-120cm-günişiği"
"product_id=6445","ksl1955-30w-siva-üstü-sarkit-linear-150cm-ararenk"
"product_id=6445","ksl1955-30w-siva-üstü-sarkit-linear-150cm-ararenk"
"product_id=6447","ksl1955-30w-siva-üstü-sarkit-linear-150cm-beyaz"
"product_id=6447","ksl1955-30w-siva-üstü-sarkit-linear-150cm-beyaz"
"product_id=6448","ksl1955-30w-siva-üstü-sarkit-linear-150cm-günişiği"
"product_id=6448","ksl1955-30w-siva-üstü-sarkit-linear-150cm-günişiği"
"product_id=6444","ksl1955-s-ü-sarkit-linear-30w-150cm-ararenk"
"product_id=6444","ksl1955-s-ü-sarkit-linear-30w-150cm-ararenk"
"product_id=6446","ksl1955-s-ü-sarkit-linear-30w-150cm-beyaz"
"product_id=6446","ksl1955-s-ü-sarkit-linear-30w-150cm-beyaz"
"product_id=6449","ksl1955-s-ü-sarkit-linear-30w-150cm-günişiği"
"product_id=6449","ksl1955-s-ü-sarkit-linear-30w-150cm-günişiği"
"product_id=6451","ksl1956-36w-siva-üstü-sarkit-linear-180cm-ararenk"
"product_id=6451","ksl1956-36w-siva-üstü-sarkit-linear-180cm-ararenk"
"product_id=6453","ksl1956-36w-siva-üstü-sarkit-linear-180cm-beyaz"
"product_id=6453","ksl1956-36w-siva-üstü-sarkit-linear-180cm-beyaz"
"product_id=6454","ksl1956-36w-siva-üstü-sarkit-linear-180cm-günişiği"
"product_id=6454","ksl1956-36w-siva-üstü-sarkit-linear-180cm-günişiği"
"product_id=6450","ksl1956-s-ü-sarkit-linear-36w-180cm-ararenk"
"product_id=6450","ksl1956-s-ü-sarkit-linear-36w-180cm-ararenk"
"product_id=6452","ksl1956-s-ü-sarkit-linear-36w-180cm-beyaz"
"product_id=6452","ksl1956-s-ü-sarkit-linear-36w-180cm-beyaz"
"product_id=6455","ksl1956-s-ü-sarkit-linear-36w-180cm-günişiği"
"product_id=6455","ksl1956-s-ü-sarkit-linear-36w-180cm-günişiği"
"product_id=6457","ksl1957-40w-siva-üstü-sarkit-linear-200cm-ararenk"
"product_id=6457","ksl1957-40w-siva-üstü-sarkit-linear-200cm-ararenk"
"product_id=6459","ksl1957-40w-siva-üstü-sarkit-linear-200cm-beyaz"
"product_id=6459","ksl1957-40w-siva-üstü-sarkit-linear-200cm-beyaz"
"product_id=6460","ksl1957-40w-siva-üstü-sarkit-linear-200cm-günişiği"
"product_id=6460","ksl1957-40w-siva-üstü-sarkit-linear-200cm-günişiği"
"product_id=6456","ksl1957-s-ü-sarkit-linear-40w-200cm-ararenk"
"product_id=6456","ksl1957-s-ü-sarkit-linear-40w-200cm-ararenk"
"product_id=6458","ksl1957-s-ü-sarkit-linear-40w-200cm-beyaz"
"product_id=6458","ksl1957-s-ü-sarkit-linear-40w-200cm-beyaz"
"product_id=6461","ksl1957-s-ü-sarkit-linear-40w-200cm-günişiği"
"product_id=6461","ksl1957-s-ü-sarkit-linear-40w-200cm-günişiği"
"product_id=6463","ksl1958-50w-siva-üstü-sarkit-linear-250cm-ararenk"
"product_id=6463","ksl1958-50w-siva-üstü-sarkit-linear-250cm-ararenk"
"product_id=6465","ksl1958-50w-siva-üstü-sarkit-linear-250cm-beyaz"
"product_id=6465","ksl1958-50w-siva-üstü-sarkit-linear-250cm-beyaz"
"product_id=6466","ksl1958-50w-siva-üstü-sarkit-linear-250cm-günişiği"
"product_id=6466","ksl1958-50w-siva-üstü-sarkit-linear-250cm-günişiği"
"product_id=6462","ksl1958-s-ü-sarkit-linear-50w-250cm-ararenk"
"product_id=6462","ksl1958-s-ü-sarkit-linear-50w-250cm-ararenk"
"product_id=6464","ksl1958-s-ü-sarkit-linear-50w-250cm-beyaz"
"product_id=6464","ksl1958-s-ü-sarkit-linear-50w-250cm-beyaz"
"product_id=6467","ksl1958-s-ü-sarkit-linear-50w-250cm-günişiği"
"product_id=6467","ksl1958-s-ü-sarkit-linear-50w-250cm-günişiği"
"product_id=6469","ksl1959-60w-siva-üstü-sarkit-linear-300cm-ararenk"
"product_id=6469","ksl1959-60w-siva-üstü-sarkit-linear-300cm-ararenk"
"product_id=6471","ksl1959-60w-siva-üstü-sarkit-linear-300cm-beyaz"
"product_id=6471","ksl1959-60w-siva-üstü-sarkit-linear-300cm-beyaz"
"product_id=6472","ksl1959-60w-siva-üstü-sarkit-linear-300cm-günişiği"
"product_id=6472","ksl1959-60w-siva-üstü-sarkit-linear-300cm-günişiği"
"product_id=6468","ksl1959-s-ü-sarkit-linear-60w-300cm-ararenk"
"product_id=6468","ksl1959-s-ü-sarkit-linear-60w-300cm-ararenk"
"product_id=6470","ksl1959-s-ü-sarkit-linear-60w-300cm-beyaz"
"product_id=6470","ksl1959-s-ü-sarkit-linear-60w-300cm-beyaz"
"product_id=6473","ksl1959-s-ü-sarkit-linear-60w-300cm-günişiği"
"product_id=6473","ksl1959-s-ü-sarkit-linear-60w-300cm-günişiği"
"product_id=6475","ksl1971-19w-siva-üstü-sarkit-linear-60cm-ararenk"
"product_id=6475","ksl1971-19w-siva-üstü-sarkit-linear-60cm-ararenk"
"product_id=6477","ksl1971-19w-siva-üstü-sarkit-linear-60cm-beyaz"
"product_id=6477","ksl1971-19w-siva-üstü-sarkit-linear-60cm-beyaz"
"product_id=6478","ksl1971-19w-siva-üstü-sarkit-linear-60cm-günişiği"
"product_id=6478","ksl1971-19w-siva-üstü-sarkit-linear-60cm-günişiği"
"product_id=6474","ksl1971-s-ü-sarkit-linear-19w-60cm-ararenk"
"product_id=6474","ksl1971-s-ü-sarkit-linear-19w-60cm-ararenk"
"product_id=6476","ksl1971-s-ü-sarkit-linear-19w-60cm-beyaz"
"product_id=6476","ksl1971-s-ü-sarkit-linear-19w-60cm-beyaz"
"product_id=6479","ksl1971-s-ü-sarkit-linear-19w-60cm-günişiği"
"product_id=6479","ksl1971-s-ü-sarkit-linear-19w-60cm-günişiği"
"product_id=6481","ksl1972-25w-siva-üstü-sarkit-linear-80cm-ararenk"
"product_id=6481","ksl1972-25w-siva-üstü-sarkit-linear-80cm-ararenk"
"product_id=6483","ksl1972-25w-siva-üstü-sarkit-linear-80cm-beyaz"
"product_id=6483","ksl1972-25w-siva-üstü-sarkit-linear-80cm-beyaz"
"product_id=6484","ksl1972-25w-siva-üstü-sarkit-linear-80cm-günişiği"
"product_id=6484","ksl1972-25w-siva-üstü-sarkit-linear-80cm-günişiği"
"product_id=6480","ksl1972-s-ü-sarkit-linear-25w-80cm-ararenk"
"product_id=6480","ksl1972-s-ü-sarkit-linear-25w-80cm-ararenk"
"product_id=6482","ksl1972-s-ü-sarkit-linear-25w-80cm-beyaz"
"product_id=6482","ksl1972-s-ü-sarkit-linear-25w-80cm-beyaz"
"product_id=6485","ksl1972-s-ü-sarkit-linear-25w-80cm-günişiği"
"product_id=6485","ksl1972-s-ü-sarkit-linear-25w-80cm-günişiği"
"product_id=6487","ksl1973-32w-siva-üstü-sarkit-linear-100cm-ararenk"
"product_id=6487","ksl1973-32w-siva-üstü-sarkit-linear-100cm-ararenk"
"product_id=6489","ksl1973-32w-siva-üstü-sarkit-linear-100cm-beyaz"
"product_id=6489","ksl1973-32w-siva-üstü-sarkit-linear-100cm-beyaz"
"product_id=6490","ksl1973-32w-siva-üstü-sarkit-linear-100cm-günişiği"
"product_id=6490","ksl1973-32w-siva-üstü-sarkit-linear-100cm-günişiği"
"product_id=6486","ksl1973-s-ü-sarkit-linear-32w-100cm-ararenk"
"product_id=6486","ksl1973-s-ü-sarkit-linear-32w-100cm-ararenk"
"product_id=6488","ksl1973-s-ü-sarkit-linear-32w-100cm-beyaz"
"product_id=6488","ksl1973-s-ü-sarkit-linear-32w-100cm-beyaz"
"product_id=6491","ksl1973-s-ü-sarkit-linear-32w-100cm-günişiği"
"product_id=6491","ksl1973-s-ü-sarkit-linear-32w-100cm-günişiği"
"product_id=6493","ksl1974-38w-siva-üstü-sarkit-linear-120cm-ararenk"
"product_id=6493","ksl1974-38w-siva-üstü-sarkit-linear-120cm-ararenk"
"product_id=6495","ksl1974-38w-siva-üstü-sarkit-linear-120cm-beyaz"
"product_id=6495","ksl1974-38w-siva-üstü-sarkit-linear-120cm-beyaz"
"product_id=6496","ksl1974-38w-siva-üstü-sarkit-linear-120cm-günişiği"
"product_id=6496","ksl1974-38w-siva-üstü-sarkit-linear-120cm-günişiği"
"product_id=6492","ksl1974-s-ü-sarkit-linear-38w-120cm-ararenk"
"product_id=6492","ksl1974-s-ü-sarkit-linear-38w-120cm-ararenk"
"product_id=6494","ksl1974-s-ü-sarkit-linear-38w-120cm-beyaz"
"product_id=6494","ksl1974-s-ü-sarkit-linear-38w-120cm-beyaz"
"product_id=6497","ksl1974-s-ü-sarkit-linear-38w-120cm-günişiği"
"product_id=6497","ksl1974-s-ü-sarkit-linear-38w-120cm-günişiği"
"product_id=6499","ksl1975-48w-siva-üstü-sarkit-linear-150cm-ararenk"
"product_id=6499","ksl1975-48w-siva-üstü-sarkit-linear-150cm-ararenk"
"product_id=6501","ksl1975-48w-siva-üstü-sarkit-linear-150cm-beyaz"
"product_id=6501","ksl1975-48w-siva-üstü-sarkit-linear-150cm-beyaz"
"product_id=6502","ksl1975-48w-siva-üstü-sarkit-linear-150cm-günişiği"
"product_id=6502","ksl1975-48w-siva-üstü-sarkit-linear-150cm-günişiği"
"product_id=6498","ksl1975-s-ü-sarkit-linear-48w-150cm-ararenk"
"product_id=6498","ksl1975-s-ü-sarkit-linear-48w-150cm-ararenk"
"product_id=6500","ksl1975-s-ü-sarkit-linear-48w-150cm-beyaz"
"product_id=6500","ksl1975-s-ü-sarkit-linear-48w-150cm-beyaz"
"product_id=6503","ksl1975-s-ü-sarkit-linear-48w-150cm-günişiği"
"product_id=6503","ksl1975-s-ü-sarkit-linear-48w-150cm-günişiği"
"product_id=6505","ksl1976-58w-siva-üstü-sarkit-linear-180cm-ararenk"
"product_id=6505","ksl1976-58w-siva-üstü-sarkit-linear-180cm-ararenk"
"product_id=6507","ksl1976-58w-siva-üstü-sarkit-linear-180cm-beyaz"
"product_id=6507","ksl1976-58w-siva-üstü-sarkit-linear-180cm-beyaz"
"product_id=6508","ksl1976-58w-siva-üstü-sarkit-linear-180cm-günişiği"
"product_id=6508","ksl1976-58w-siva-üstü-sarkit-linear-180cm-günişiği"
"product_id=6504","ksl1976-s-ü-sarkit-linear-58w-180cm-ararenk"
"product_id=6504","ksl1976-s-ü-sarkit-linear-58w-180cm-ararenk"
"product_id=6506","ksl1976-s-ü-sarkit-linear-58w-180cm-beyaz"
"product_id=6506","ksl1976-s-ü-sarkit-linear-58w-180cm-beyaz"
"product_id=6509","ksl1976-s-ü-sarkit-linear-58w-180cm-günişiği"
"product_id=6509","ksl1976-s-ü-sarkit-linear-58w-180cm-günişiği"
"product_id=6511","ksl1977-65w-siva-üstü-sarkit-linear-200cm-ararenk"
"product_id=6511","ksl1977-65w-siva-üstü-sarkit-linear-200cm-ararenk"
"product_id=6513","ksl1977-65w-siva-üstü-sarkit-linear-200cm-beyaz"
"product_id=6513","ksl1977-65w-siva-üstü-sarkit-linear-200cm-beyaz"
"product_id=6514","ksl1977-65w-siva-üstü-sarkit-linear-200cm-günişiği"
"product_id=6514","ksl1977-65w-siva-üstü-sarkit-linear-200cm-günişiği"
"product_id=6510","ksl1977-s-ü-sarkit-linear-65w-200cm-ararenk"
"product_id=6510","ksl1977-s-ü-sarkit-linear-65w-200cm-ararenk"
"product_id=6512","ksl1977-s-ü-sarkit-linear-65w-200cm-beyaz"
"product_id=6512","ksl1977-s-ü-sarkit-linear-65w-200cm-beyaz"
"product_id=6515","ksl1977-s-ü-sarkit-linear-65w-200cm-günişiği"
"product_id=6515","ksl1977-s-ü-sarkit-linear-65w-200cm-günişiği"
"product_id=6517","ksl1978-80w-siva-üstü-sarkit-linear-250cm-ararenk"
"product_id=6517","ksl1978-80w-siva-üstü-sarkit-linear-250cm-ararenk"
"product_id=6519","ksl1978-80w-siva-üstü-sarkit-linear-250cm-beyaz"
"product_id=6519","ksl1978-80w-siva-üstü-sarkit-linear-250cm-beyaz"
"product_id=6520","ksl1978-80w-siva-üstü-sarkit-linear-250cm-günişiği"
"product_id=6520","ksl1978-80w-siva-üstü-sarkit-linear-250cm-günişiği"
"product_id=6516","ksl1978-s-ü-sarkit-linear-80w-250cm-ararenk"
"product_id=6516","ksl1978-s-ü-sarkit-linear-80w-250cm-ararenk"
"product_id=6518","ksl1978-s-ü-sarkit-linear-80w-250cm-beyaz"
"product_id=6518","ksl1978-s-ü-sarkit-linear-80w-250cm-beyaz"
"product_id=6521","ksl1978-s-ü-sarkit-linear-80w-250cm-günişiği"
"product_id=6521","ksl1978-s-ü-sarkit-linear-80w-250cm-günişiği"
"product_id=6523","ksl1979-95w-siva-üstü-sarkit-linear-300cm-ararenk"
"product_id=6523","ksl1979-95w-siva-üstü-sarkit-linear-300cm-ararenk"
"product_id=6525","ksl1979-95w-siva-üstü-sarkit-linear-300cm-beyaz"
"product_id=6525","ksl1979-95w-siva-üstü-sarkit-linear-300cm-beyaz"
"product_id=6526","ksl1979-95w-siva-üstü-sarkit-linear-300cm-günişiği"
"product_id=6526","ksl1979-95w-siva-üstü-sarkit-linear-300cm-günişiği"
"product_id=6522","ksl1979-s-ü-sarkit-linear-95w-300cm-ararenk"
"product_id=6522","ksl1979-s-ü-sarkit-linear-95w-300cm-ararenk"
"product_id=6524","ksl1979-s-ü-sarkit-linear-95w-300cm-beyaz"
"product_id=6524","ksl1979-s-ü-sarkit-linear-95w-300cm-beyaz"
"product_id=6527","ksl1979-s-ü-sarkit-linear-95w-300cm-günişiği"
"product_id=6527","ksl1979-s-ü-sarkit-linear-95w-300cm-günişiği"
"product_id=6529","ksl1981-19w-siva-üstü-sarkit-linear-60cm-ararenk"
"product_id=6529","ksl1981-19w-siva-üstü-sarkit-linear-60cm-ararenk"
"product_id=6531","ksl1981-19w-siva-üstü-sarkit-linear-60cm-beyaz"
"product_id=6531","ksl1981-19w-siva-üstü-sarkit-linear-60cm-beyaz"
"product_id=6532","ksl1981-19w-siva-üstü-sarkit-linear-60cm-günişiği"
"product_id=6532","ksl1981-19w-siva-üstü-sarkit-linear-60cm-günişiği"
"product_id=6528","ksl1981-s-ü-sarkit-linear-19w-60cm-ararenk"
"product_id=6528","ksl1981-s-ü-sarkit-linear-19w-60cm-ararenk"
"product_id=6530","ksl1981-s-ü-sarkit-linear-19w-60cm-beyaz"
"product_id=6530","ksl1981-s-ü-sarkit-linear-19w-60cm-beyaz"
"product_id=6533","ksl1981-s-ü-sarkit-linear-19w-60cm-günişiği"
"product_id=6533","ksl1981-s-ü-sarkit-linear-19w-60cm-günişiği"
"product_id=6535","ksl1982-25w-siva-üstü-sarkit-linear-80cm-ararenk"
"product_id=6535","ksl1982-25w-siva-üstü-sarkit-linear-80cm-ararenk"
"product_id=6537","ksl1982-25w-siva-üstü-sarkit-linear-80cm-beyaz"
"product_id=6537","ksl1982-25w-siva-üstü-sarkit-linear-80cm-beyaz"
"product_id=6538","ksl1982-25w-siva-üstü-sarkit-linear-80cm-günişiği"
"product_id=6538","ksl1982-25w-siva-üstü-sarkit-linear-80cm-günişiği"
"product_id=6534","ksl1982-s-ü-sarkit-linear-25w-80cm-ararenk"
"product_id=6534","ksl1982-s-ü-sarkit-linear-25w-80cm-ararenk"
"product_id=6536","ksl1982-s-ü-sarkit-linear-25w-80cm-beyaz"
"product_id=6536","ksl1982-s-ü-sarkit-linear-25w-80cm-beyaz"
"product_id=6539","ksl1982-s-ü-sarkit-linear-25w-80cm-günişiği"
"product_id=6539","ksl1982-s-ü-sarkit-linear-25w-80cm-günişiği"
"product_id=6541","ksl1983-32w-siva-üstü-sarkit-linear-100cm-ararenk"
"product_id=6541","ksl1983-32w-siva-üstü-sarkit-linear-100cm-ararenk"
"product_id=6543","ksl1983-32w-siva-üstü-sarkit-linear-100cm-beyaz"
"product_id=6543","ksl1983-32w-siva-üstü-sarkit-linear-100cm-beyaz"
"product_id=6544","ksl1983-32w-siva-üstü-sarkit-linear-100cm-günişiği"
"product_id=6544","ksl1983-32w-siva-üstü-sarkit-linear-100cm-günişiği"
"product_id=6540","ksl1983-s-ü-sarkit-linear-32w-100cm-ararenk"
"product_id=6540","ksl1983-s-ü-sarkit-linear-32w-100cm-ararenk"
"product_id=6542","ksl1983-s-ü-sarkit-linear-32w-100cm-beyaz"
"product_id=6542","ksl1983-s-ü-sarkit-linear-32w-100cm-beyaz"
"product_id=6545","ksl1983-s-ü-sarkit-linear-32w-100cm-günişiği"
"product_id=6545","ksl1983-s-ü-sarkit-linear-32w-100cm-günişiği"
"product_id=6547","ksl1984-38w-siva-üstü-sarkit-linear-120cm-ararenk"
"product_id=6547","ksl1984-38w-siva-üstü-sarkit-linear-120cm-ararenk"
"product_id=6549","ksl1984-38w-siva-üstü-sarkit-linear-120cm-beyaz"
"product_id=6549","ksl1984-38w-siva-üstü-sarkit-linear-120cm-beyaz"
"product_id=6550","ksl1984-38w-siva-üstü-sarkit-linear-120cm-günişiği"
"product_id=6550","ksl1984-38w-siva-üstü-sarkit-linear-120cm-günişiği"
"product_id=6546","ksl1984-s-ü-sarkit-linear-38w-120cm-ararenk"
"product_id=6546","ksl1984-s-ü-sarkit-linear-38w-120cm-ararenk"
"product_id=6548","ksl1984-s-ü-sarkit-linear-38w-120cm-beyaz"
"product_id=6548","ksl1984-s-ü-sarkit-linear-38w-120cm-beyaz"
"product_id=6551","ksl1984-s-ü-sarkit-linear-38w-120cm-günişiği"
"product_id=6551","ksl1984-s-ü-sarkit-linear-38w-120cm-günişiği"
"product_id=6552","ksl1985-48w-siva-üstü-sarkit-linear-150cm-ararenk"
"product_id=6552","ksl1985-48w-siva-üstü-sarkit-linear-150cm-ararenk"
"product_id=6553","ksl1985-48w-siva-üstü-sarkit-linear-150cm-beyaz"
"product_id=6553","ksl1985-48w-siva-üstü-sarkit-linear-150cm-beyaz"
"product_id=6554","ksl1985-48w-siva-üstü-sarkit-linear-150cm-günişiği"
"product_id=6554","ksl1985-48w-siva-üstü-sarkit-linear-150cm-günişiği"
"product_id=6555","ksl1986-58w-siva-üstü-sarkit-linear-180cm-ararenk"
"product_id=6555","ksl1986-58w-siva-üstü-sarkit-linear-180cm-ararenk"
"product_id=6556","ksl1986-58w-siva-üstü-sarkit-linear-180cm-beyaz"
"product_id=6556","ksl1986-58w-siva-üstü-sarkit-linear-180cm-beyaz"
"product_id=6557","ksl1986-58w-siva-üstü-sarkit-linear-180cm-günişiği"
"product_id=6557","ksl1986-58w-siva-üstü-sarkit-linear-180cm-günişiği"
"product_id=6558","ksl1987-65w-siva-üstü-sarkit-linear-200cm-ararenk"
"product_id=6558","ksl1987-65w-siva-üstü-sarkit-linear-200cm-ararenk"
"product_id=6559","ksl1987-65w-siva-üstü-sarkit-linear-200cm-beyaz"
"product_id=6559","ksl1987-65w-siva-üstü-sarkit-linear-200cm-beyaz"
"product_id=6560","ksl1987-65w-siva-üstü-sarkit-linear-200cm-günişiği"
"product_id=6560","ksl1987-65w-siva-üstü-sarkit-linear-200cm-günişiği"
"product_id=6561","ksl1988-80w-siva-üstü-sarkit-linear-250cm-ararenk"
"product_id=6561","ksl1988-80w-siva-üstü-sarkit-linear-250cm-ararenk"
"product_id=6562","ksl1988-80w-siva-üstü-sarkit-linear-250cm-beyaz"
"product_id=6562","ksl1988-80w-siva-üstü-sarkit-linear-250cm-beyaz"
"product_id=6563","ksl1988-80w-siva-üstü-sarkit-linear-250cm-günişiği"
"product_id=6563","ksl1988-80w-siva-üstü-sarkit-linear-250cm-günişiği"
"product_id=6564","ksl1989-95w-siva-üstü-sarkit-linear-300cm-ararenk"
"product_id=6564","ksl1989-95w-siva-üstü-sarkit-linear-300cm-ararenk"
"product_id=6565","ksl1989-95w-siva-üstü-sarkit-linear-300cm-beyaz"
"product_id=6565","ksl1989-95w-siva-üstü-sarkit-linear-300cm-beyaz"
"product_id=6566","ksl1989-95w-siva-üstü-sarkit-linear-300cm-günişiği"
"product_id=6566","ksl1989-95w-siva-üstü-sarkit-linear-300cm-günişiği"
"product_id=6567","ksl2001-23w-siva-üstü-sarkit-high-pover-linear-mercekli-ararenk-66cm"
"product_id=6567","ksl2001-23w-siva-üstü-sarkit-high-pover-linear-mercekli-ararenk-66cm"
"product_id=6568","ksl2001-23w-siva-üstü-sarkit-high-pover-linear-mercekli-beyaz-66cm"
"product_id=6568","ksl2001-23w-siva-üstü-sarkit-high-pover-linear-mercekli-beyaz-66cm"
"product_id=6569","ksl2001-23w-siva-üstü-sarkit-high-pover-linear-mercekli-günişiği-66cm"
"product_id=6569","ksl2001-23w-siva-üstü-sarkit-high-pover-linear-mercekli-günişiği-66cm"
"product_id=6570","ksl2002-40w-siva-üstü-sarkit-high-pover-linear-mercekli-ararenk-120cm"
"product_id=6570","ksl2002-40w-siva-üstü-sarkit-high-pover-linear-mercekli-ararenk-120cm"
"product_id=6571","ksl2002-40w-siva-üstü-sarkit-high-pover-linear-mercekli-beyaz-120cm"
"product_id=6571","ksl2002-40w-siva-üstü-sarkit-high-pover-linear-mercekli-beyaz-120cm"
"product_id=6572","ksl2002-40w-siva-üstü-sarkit-high-pover-linear-mercekli-günişiği-120cm"
"product_id=6572","ksl2002-40w-siva-üstü-sarkit-high-pover-linear-mercekli-günişiği-120cm"
"product_id=6573","ksl2003-60w-siva-üstü-sarkit-high-pover-linear-mercekli-ararenk-173cm"
"product_id=6573","ksl2003-60w-siva-üstü-sarkit-high-pover-linear-mercekli-ararenk-173cm"
"product_id=6574","ksl2003-60w-siva-üstü-sarkit-high-pover-linear-mercekli-beyaz-173cm"
"product_id=6574","ksl2003-60w-siva-üstü-sarkit-high-pover-linear-mercekli-beyaz-173cm"
"product_id=6575","ksl2003-60w-siva-üstü-sarkit-high-pover-linear-mercekli-günişiği-173cm"
"product_id=6575","ksl2003-60w-siva-üstü-sarkit-high-pover-linear-mercekli-günişiği-173cm"
"product_id=6576","ksl2004-75w-siva-üstü-sarkit-high-pover-linear-mercekli-ararenk-225cm"
"product_id=6576","ksl2004-75w-siva-üstü-sarkit-high-pover-linear-mercekli-ararenk-225cm"
"product_id=6577","ksl2004-75w-siva-üstü-sarkit-high-pover-linear-mercekli-beyaz-225cm"
"product_id=6577","ksl2004-75w-siva-üstü-sarkit-high-pover-linear-mercekli-beyaz-225cm"
"product_id=6578","ksl2004-75w-siva-üstü-sarkit-high-pover-linear-mercekli-günişiği-225cm"
"product_id=6578","ksl2004-75w-siva-üstü-sarkit-high-pover-linear-mercekli-günişiği-225cm"
"product_id=6579","ksl2005-95w-siva-üstü-sarkit-high-pover-linear-mercekli-ararenk-280cm"
"product_id=6579","ksl2005-95w-siva-üstü-sarkit-high-pover-linear-mercekli-ararenk-280cm"
"product_id=6580","ksl2005-95w-siva-üstü-sarkit-high-pover-linear-mercekli-beyaz-280cm"
"product_id=6580","ksl2005-95w-siva-üstü-sarkit-high-pover-linear-mercekli-beyaz-280cm"
"product_id=6581","ksl2005-95w-siva-üstü-sarkit-high-pover-linear-mercekli-günişiği-280cm"
"product_id=6581","ksl2005-95w-siva-üstü-sarkit-high-pover-linear-mercekli-günişiği-280cm"
"product_id=6582","ksl2051-s-a-sarkit-linear-mercekli-23w-66cm-ararenk"
"product_id=6582","ksl2051-s-a-sarkit-linear-mercekli-23w-66cm-ararenk"
"product_id=6583","ksl2051-s-a-sarkit-linear-mercekli-23w-66cm-beyaz"
"product_id=6583","ksl2051-s-a-sarkit-linear-mercekli-23w-66cm-beyaz"
"product_id=6584","ksl2051-s-a-sarkit-linear-mercekli-23w-66cm-gün-işiği"
"product_id=6584","ksl2051-s-a-sarkit-linear-mercekli-23w-66cm-gün-işiği"
"product_id=6585","ksl2052-s-a-sarkit-linear-mercekli-40w-120cm-ararenk"
"product_id=6585","ksl2052-s-a-sarkit-linear-mercekli-40w-120cm-ararenk"
"product_id=6586","ksl2052-s-a-sarkit-linear-mercekli-40w-120cm-beyaz"
"product_id=6586","ksl2052-s-a-sarkit-linear-mercekli-40w-120cm-beyaz"
"product_id=6587","ksl2052-s-a-sarkit-linear-mercekli-40w-120cm-gün-işiği"
"product_id=6587","ksl2052-s-a-sarkit-linear-mercekli-40w-120cm-gün-işiği"
"product_id=6588","ksl2053-s-a-sarkit-linear-mercekli-60w-173cm-ararenk"
"product_id=6588","ksl2053-s-a-sarkit-linear-mercekli-60w-173cm-ararenk"
"product_id=6589","ksl2053-s-a-sarkit-linear-mercekli-60w-173cm-beyaz"
"product_id=6589","ksl2053-s-a-sarkit-linear-mercekli-60w-173cm-beyaz"
"product_id=6590","ksl2053-s-a-sarkit-linear-mercekli-60w-173cm-günişiği"
"product_id=6590","ksl2053-s-a-sarkit-linear-mercekli-60w-173cm-günişiği"
"product_id=6591","ksl2054-s-a-sarkit-linear-mercekli-75w-225cm-ararenk"
"product_id=6591","ksl2054-s-a-sarkit-linear-mercekli-75w-225cm-ararenk"
"product_id=6592","ksl2054-s-a-sarkit-linear-mercekli-75w-225cm-beyaz"
"product_id=6592","ksl2054-s-a-sarkit-linear-mercekli-75w-225cm-beyaz"
"product_id=6593","ksl2054-s-a-sarkit-linear-mercekli-75w-225cm-günişiği"
"product_id=6593","ksl2054-s-a-sarkit-linear-mercekli-75w-225cm-günişiği"
"product_id=6594","ksl2055-s-a-sarkit-linear-mercekli-95w-280cm-ararenk"
"product_id=6594","ksl2055-s-a-sarkit-linear-mercekli-95w-280cm-ararenk"
"product_id=6595","ksl2055-s-a-sarkit-linear-mercekli-95w-280cm-beyaz"
"product_id=6595","ksl2055-s-a-sarkit-linear-mercekli-95w-280cm-beyaz"
"product_id=6596","ksl2055-s-a-sarkit-linear-mercekli-95w-280cm-günişiği"
"product_id=6596","ksl2055-s-a-sarkit-linear-mercekli-95w-280cm-günişiği"
"product_id=7856","ksl2061-14cm-5w-downlight-high-power-linear-with-lens"
"product_id=7856","ksl2061-14cm-5w-siva-alti-high-power-linear-mercekli"
"product_id=7857","ksl2062-28cm-10w-downlight-high-power-linear-with-lens"
"product_id=7857","ksl2062-28cm-10w-siva-alti-high-power-linear-mercekli"
"product_id=7858","ksl2063-66cm-25w-downlight-high-power-linear-with-lens"
"product_id=7858","ksl2063-66cm-25w-siva-alti-high-power-linear-mercekli"
"product_id=7859","ksl2064-105cm-40w-downlight-high-power-linear-with-lens"
"product_id=7859","ksl2064-105cm-40w-siva-alti-high-power-linear-mercekli"
"product_id=7860","ksl2065-118cm-45w-downlight-high-power-linear-with-lens"
"product_id=7860","ksl2065-118cm-45w-siva-alti-high-power-linear-mercekli"
"product_id=7861","ksl2071-66cm-23w-siva-alti-high-power-linear-mercekli"
"product_id=7861","ksl2071-66cm-23w-surface-high-power-linear"
"product_id=7862","ksl2072-120cm-40w-siva-alti-high-power-linear-mercekli"
"product_id=7862","ksl2072-120cm-40w-surface-high-power-linear"
"product_id=7863","ksl2073-173cm-60w-siva-alti-high-power-linear-mercekli"
"product_id=7863","ksl2073-173cm-60w-surface-high-power-linear"
"product_id=7864","ksl2074-225cm-75w-siva-alti-high-power-linear-mercekli"
"product_id=7864","ksl2074-225cm-75w-surface-high-power-linear"
"product_id=7865","ksl2075-280cm-95w-siva-alti-high-power-linear-mercekli"
"product_id=7865","ksl2075-280cm-95w-surface-high-power-linear"
"product_id=7866","ksl2081-14cm-5w-siva-üstü-high-power-linear-mercekli"
"product_id=7866","ksl2081-14cm-5w-surface-high-power-linear-with-lens"
"product_id=7867","ksl2082-28cm-10w-siva-üstü-high-power-linear-mercekli"
"product_id=7867","ksl2082-28cm-10w-surface-high-power-linear-with-lens"
"product_id=7868","ksl2083-66cm-25w-siva-üstü-high-power-linear-mercekli"
"product_id=7868","ksl2083-66cm-25w-surface-high-power-linear-with-lens"
"product_id=7869","ksl2084-105cm-40w-siva-üstü-high-power-linear-mercekli"
"product_id=7869","ksl2084-105cm-40w-surface-high-power-linear-with-lens"
"product_id=7870","ksl2085-118cm-45w-siva-üstü-high-power-linear-mercekli"
"product_id=7870","ksl2085-118cm-45w-surface-high-power-linear-with-lens"
"product_id=6597","ksl2101-30w-yuvarlak-simit-sarkit-linear-40cm-ararenk"
"product_id=6597","ksl2101-30w-yuvarlak-simit-sarkit-linear-40cm-ararenk"
"product_id=6598","ksl2101-30w-yuvarlak-simit-sarkit-linear-40cm-beyaz"
"product_id=6598","ksl2101-30w-yuvarlak-simit-sarkit-linear-40cm-beyaz"
"product_id=6599","ksl2101-30w-yuvarlak-simit-sarkit-linear-40cm-günişiği"
"product_id=6599","ksl2101-30w-yuvarlak-simit-sarkit-linear-40cm-günişiği"
"product_id=6600","ksl2102-40w-yuvarlak-simit-sarkit-linear-50cm-ararenk"
"product_id=6600","ksl2102-40w-yuvarlak-simit-sarkit-linear-50cm-ararenk"
"product_id=6601","ksl2102-40w-yuvarlak-simit-sarkit-linear-50cm-beyaz"
"product_id=6601","ksl2102-40w-yuvarlak-simit-sarkit-linear-50cm-beyaz"
"product_id=6602","ksl2102-40w-yuvarlak-simit-sarkit-linear-50cm-günişiği"
"product_id=6602","ksl2102-40w-yuvarlak-simit-sarkit-linear-50cm-günişiği"
"product_id=6603","ksl2103-50w-yuvarlak-simit-sarkit-linear-60cm-ararenk"
"product_id=6603","ksl2103-50w-yuvarlak-simit-sarkit-linear-60cm-ararenk"
"product_id=6604","ksl2103-50w-yuvarlak-simit-sarkit-linear-60cm-beyaz"
"product_id=6604","ksl2103-50w-yuvarlak-simit-sarkit-linear-60cm-beyaz"
"product_id=6605","ksl2103-50w-yuvarlak-simit-sarkit-linear-60cm-günişiği"
"product_id=6605","ksl2103-50w-yuvarlak-simit-sarkit-linear-60cm-günişiği"
"product_id=6606","ksl2104-60w-yuvarlak-simit-sarkit-linear-70cm-ararenk"
"product_id=6606","ksl2104-60w-yuvarlak-simit-sarkit-linear-70cm-ararenk"
"product_id=6607","ksl2104-60w-yuvarlak-simit-sarkit-linear-70cm-beyaz"
"product_id=6607","ksl2104-60w-yuvarlak-simit-sarkit-linear-70cm-beyaz"
"product_id=6608","ksl2104-60w-yuvarlak-simit-sarkit-linear-70cm-günişiği"
"product_id=6608","ksl2104-60w-yuvarlak-simit-sarkit-linear-70cm-günişiği"
"product_id=6609","ksl2105-70w-yuvarlak-simit-sarkit-linear-80cm-ararenk"
"product_id=6609","ksl2105-70w-yuvarlak-simit-sarkit-linear-80cm-ararenk"
"product_id=6610","ksl2105-70w-yuvarlak-simit-sarkit-linear-80cm-beyaz"
"product_id=6610","ksl2105-70w-yuvarlak-simit-sarkit-linear-80cm-beyaz"
"product_id=6611","ksl2105-70w-yuvarlak-simit-sarkit-linear-80cm-günişiği"
"product_id=6611","ksl2105-70w-yuvarlak-simit-sarkit-linear-80cm-günişiği"
"product_id=6612","ksl2106-80w-yuvarlak-simit-sarkit-linear-90cm-ararenk"
"product_id=6612","ksl2106-80w-yuvarlak-simit-sarkit-linear-90cm-ararenk"
"product_id=6613","ksl2106-80w-yuvarlak-simit-sarkit-linear-90cm-beyaz"
"product_id=6613","ksl2106-80w-yuvarlak-simit-sarkit-linear-90cm-beyaz"
"product_id=6614","ksl2106-80w-yuvarlak-simit-sarkit-linear-90cm-günişiği"
"product_id=6614","ksl2106-80w-yuvarlak-simit-sarkit-linear-90cm-günişiği"
"product_id=6615","ksl2107-90w-yuvarlak-simit-sarkit-linear-100cm-ararenk"
"product_id=6615","ksl2107-90w-yuvarlak-simit-sarkit-linear-100cm-ararenk"
"product_id=6616","ksl2107-90w-yuvarlak-simit-sarkit-linear-100cm-beyaz"
"product_id=6616","ksl2107-90w-yuvarlak-simit-sarkit-linear-100cm-beyaz"
"product_id=6617","ksl2107-90w-yuvarlak-simit-sarkit-linear-100cm-günişiği"
"product_id=6617","ksl2107-90w-yuvarlak-simit-sarkit-linear-100cm-günişiği"
"product_id=6618","ksl2108-100w-yuvarlak-simit-sarkit-linear-110cm-ararenk"
"product_id=6618","ksl2108-100w-yuvarlak-simit-sarkit-linear-110cm-ararenk"
"product_id=6619","ksl2108-100w-yuvarlak-simit-sarkit-linear-110cm-beyaz"
"product_id=6619","ksl2108-100w-yuvarlak-simit-sarkit-linear-110cm-beyaz"
"product_id=6620","ksl2108-100w-yuvarlak-simit-sarkit-linear-110cm-günişiği"
"product_id=6620","ksl2108-100w-yuvarlak-simit-sarkit-linear-110cm-günişiği"
"product_id=6621","ksl2109-110w-yuvarlak-simit-sarkit-linear-120cm-ararenk"
"product_id=6621","ksl2109-110w-yuvarlak-simit-sarkit-linear-120cm-ararenk"
"product_id=6622","ksl2109-110w-yuvarlak-simit-sarkit-linear-120cm-beyaz"
"product_id=6622","ksl2109-110w-yuvarlak-simit-sarkit-linear-120cm-beyaz"
"product_id=6623","ksl2109-110w-yuvarlak-simit-sarkit-linear-120cm-günişiği"
"product_id=6623","ksl2109-110w-yuvarlak-simit-sarkit-linear-120cm-günişiği"
"product_id=6624","ksl2110-120w-yuvarlak-simit-sarkit-linear-130cm-ararenk"
"product_id=6624","ksl2110-120w-yuvarlak-simit-sarkit-linear-130cm-ararenk"
"product_id=6625","ksl2110-120w-yuvarlak-simit-sarkit-linear-130cm-beyaz"
"product_id=6625","ksl2110-120w-yuvarlak-simit-sarkit-linear-130cm-beyaz"
"product_id=6626","ksl2110-120w-yuvarlak-simit-sarkit-linear-130cm-günişiği"
"product_id=6626","ksl2110-120w-yuvarlak-simit-sarkit-linear-130cm-günişiği"
"product_id=6627","ksl2111-140w-yuvarlak-simit-sarkit-linear-150cm-ararenk"
"product_id=6627","ksl2111-140w-yuvarlak-simit-sarkit-linear-150cm-ararenk"
"product_id=6628","ksl2111-140w-yuvarlak-simit-sarkit-linear-150cm-beyaz"
"product_id=6628","ksl2111-140w-yuvarlak-simit-sarkit-linear-150cm-beyaz"
"product_id=6629","ksl2111-140w-yuvarlak-simit-sarkit-linear-150cm-günişiği"
"product_id=6629","ksl2111-140w-yuvarlak-simit-sarkit-linear-150cm-günişiği"
"product_id=6630","ksl2112-160w-yuvarlak-simit-sarkit-linear-180cm-ararenk"
"product_id=6630","ksl2112-160w-yuvarlak-simit-sarkit-linear-180cm-ararenk"
"product_id=6631","ksl2112-160w-yuvarlak-simit-sarkit-linear-180cm-beyaz"
"product_id=6631","ksl2112-160w-yuvarlak-simit-sarkit-linear-180cm-beyaz"
"product_id=6632","ksl2112-160w-yuvarlak-simit-sarkit-linear-180cm-günişiği"
"product_id=6632","ksl2112-160w-yuvarlak-simit-sarkit-linear-180cm-günişiği"
"product_id=6633","ksl2301-50w-kare-sarkit-linear-40x40-ararenk"
"product_id=6633","ksl2301-50w-kare-sarkit-linear-40x40-ararenk"
"product_id=6634","ksl2301-50w-kare-sarkit-linear-40x40-beyaz"
"product_id=6634","ksl2301-50w-kare-sarkit-linear-40x40-beyaz"
"product_id=6635","ksl2301-50w-kare-sarkit-linear-40x40-günişiği"
"product_id=6635","ksl2301-50w-kare-sarkit-linear-40x40-günişiği"
"product_id=6636","ksl2302-65w-kare-sarkit-linear-50x50-ararenk"
"product_id=6636","ksl2302-65w-kare-sarkit-linear-50x50-ararenk"
"product_id=6637","ksl2302-65w-kare-sarkit-linear-50x50-beyaz"
"product_id=6637","ksl2302-65w-kare-sarkit-linear-50x50-beyaz"
"product_id=6638","ksl2302-65w-kare-sarkit-linear-50x50-günişiği"
"product_id=6638","ksl2302-65w-kare-sarkit-linear-50x50-günişiği"
"product_id=6639","ksl2303-70w-kare-sarkit-linear-60x60-ararenk"
"product_id=6639","ksl2303-70w-kare-sarkit-linear-60x60-ararenk"
"product_id=6640","ksl2303-70w-kare-sarkit-linear-60x60-beyaz"
"product_id=6640","ksl2303-70w-kare-sarkit-linear-60x60-beyaz"
"product_id=6641","ksl2303-70w-kare-sarkit-linear-60x60-günişiği"
"product_id=6641","ksl2303-70w-kare-sarkit-linear-60x60-günişiği"
"product_id=6642","ksl2304-90w-kare-sarkit-linear-70x70-ararenk"
"product_id=6642","ksl2304-90w-kare-sarkit-linear-70x70-ararenk"
"product_id=6643","ksl2304-90w-kare-sarkit-linear-70x70-beyaz"
"product_id=6643","ksl2304-90w-kare-sarkit-linear-70x70-beyaz"
"product_id=6644","ksl2304-90w-kare-sarkit-linear-70x70-günişiği"
"product_id=6644","ksl2304-90w-kare-sarkit-linear-70x70-günişiği"
"product_id=6645","ksl2305-105w-kare-sarkit-linear-80x80-ararenk"
"product_id=6645","ksl2305-105w-kare-sarkit-linear-80x80-ararenk"
"product_id=6646","ksl2305-105w-kare-sarkit-linear-80x80-beyaz"
"product_id=6646","ksl2305-105w-kare-sarkit-linear-80x80-beyaz"
"product_id=6647","ksl2305-105w-kare-sarkit-linear-80x80-günişiği"
"product_id=6647","ksl2305-105w-kare-sarkit-linear-80x80-günişiği"
"product_id=6648","ksl2306-115w-kare-sarkit-linear-90x90-ararenk"
"product_id=6648","ksl2306-115w-kare-sarkit-linear-90x90-ararenk"
"product_id=6649","ksl2306-115w-kare-sarkit-linear-90x90-beyaz"
"product_id=6649","ksl2306-115w-kare-sarkit-linear-90x90-beyaz"
"product_id=6650","ksl2306-115w-kare-sarkit-linear-90x90-günişiği"
"product_id=6650","ksl2306-115w-kare-sarkit-linear-90x90-günişiği"
"product_id=6651","ksl2307-130w-kare-sarkit-linear-100x100-ararenk"
"product_id=6651","ksl2307-130w-kare-sarkit-linear-100x100-ararenk"
"product_id=6652","ksl2307-130w-kare-sarkit-linear-100x100-beyaz"
"product_id=6652","ksl2307-130w-kare-sarkit-linear-100x100-beyaz"
"product_id=6653","ksl2307-130w-kare-sarkit-linear-100x100-günişiği"
"product_id=6653","ksl2307-130w-kare-sarkit-linear-100x100-günişiği"
"product_id=6654","ksl2308-140w-kare-sarkit-linear-110x110-ararenk"
"product_id=6654","ksl2308-140w-kare-sarkit-linear-110x110-ararenk"
"product_id=6655","ksl2308-140w-kare-sarkit-linear-110x110-beyaz"
"product_id=6655","ksl2308-140w-kare-sarkit-linear-110x110-beyaz"
"product_id=6656","ksl2308-140w-kare-sarkit-linear-110x110-günişiği"
"product_id=6656","ksl2308-140w-kare-sarkit-linear-110x110-günişiği"
"product_id=6657","ksl2309-155w-kare-sarkit-linear-120x120-ararenk"
"product_id=6657","ksl2309-155w-kare-sarkit-linear-120x120-ararenk"
"product_id=6658","ksl2309-155w-kare-sarkit-linear-120x120-beyaz"
"product_id=6658","ksl2309-155w-kare-sarkit-linear-120x120-beyaz"
"product_id=6659","ksl2309-155w-kare-sarkit-linear-120x120-günişiği"
"product_id=6659","ksl2309-155w-kare-sarkit-linear-120x120-günişiği"
"product_id=6660","ksl2310-195w-kare-sarkit-linear-150x150-ararenk"
"product_id=6660","ksl2310-195w-kare-sarkit-linear-150x150-ararenk"
"product_id=6661","ksl2310-195w-kare-sarkit-linear-150x150-beyaz"
"product_id=6661","ksl2310-195w-kare-sarkit-linear-150x150-beyaz"
"product_id=6662","ksl2310-195w-kare-sarkit-linear-150x150-günişiği"
"product_id=6662","ksl2310-195w-kare-sarkit-linear-150x150-günişiği"
"product_id=6663","ksl2311-230w-kare-sarkit-linear-180x180-ararenk"
"product_id=6663","ksl2311-230w-kare-sarkit-linear-180x180-ararenk"
"product_id=6664","ksl2311-230w-kare-sarkit-linear-180x180-beyaz"
"product_id=6664","ksl2311-230w-kare-sarkit-linear-180x180-beyaz"
"product_id=6665","ksl2311-230w-kare-sarkit-linear-180x180-günişiği"
"product_id=6665","ksl2311-230w-kare-sarkit-linear-180x180-günişiği"
"product_id=6666","ksl2312-255w-kare-sarkit-linear-200x200-ararenk"
"product_id=6666","ksl2312-255w-kare-sarkit-linear-200x200-ararenk"
"product_id=6667","ksl2312-255w-kare-sarkit-linear-200x200-beyaz"
"product_id=6667","ksl2312-255w-kare-sarkit-linear-200x200-beyaz"
"product_id=6668","ksl2312-255w-kare-sarkit-linear-200x200-günişiği"
"product_id=6668","ksl2312-255w-kare-sarkit-linear-200x200-günişiği"
"product_id=6669","ksl2313-58w-dikdörtgen-sarkit-linear-30x60-ararenk"
"product_id=6669","ksl2313-58w-dikdörtgen-sarkit-linear-30x60-ararenk"
"product_id=6670","ksl2313-58w-dikdörtgen-sarkit-linear-30x60-beyaz"
"product_id=6670","ksl2313-58w-dikdörtgen-sarkit-linear-30x60-beyaz"
"product_id=6671","ksl2313-58w-dikdörtgen-sarkit-linear-30x60-günişiği"
"product_id=6671","ksl2313-58w-dikdörtgen-sarkit-linear-30x60-günişiği"
"product_id=6672","ksl2314-77w-dikdörtgen-sarkit-linear-30x90-ararenk"
"product_id=6672","ksl2314-77w-dikdörtgen-sarkit-linear-30x90-ararenk"
"product_id=6673","ksl2314-77w-dikdörtgen-sarkit-linear-30x90-beyaz"
"product_id=6673","ksl2314-77w-dikdörtgen-sarkit-linear-30x90-beyaz"
"product_id=6674","ksl2314-77w-dikdörtgen-sarkit-linear-30x90-günişiği"
"product_id=6674","ksl2314-77w-dikdörtgen-sarkit-linear-30x90-günişiği"
"product_id=6675","ksl2315-95w-dikdörtgen-sarkit-linear-30x120-ararenk"
"product_id=6675","ksl2315-95w-dikdörtgen-sarkit-linear-30x120-ararenk"
"product_id=6676","ksl2315-95w-dikdörtgen-sarkit-linear-30x120-beyaz"
"product_id=6676","ksl2315-95w-dikdörtgen-sarkit-linear-30x120-beyaz"
"product_id=6677","ksl2315-95w-dikdörtgen-sarkit-linear-30x120-günişiği"
"product_id=6677","ksl2315-95w-dikdörtgen-sarkit-linear-30x120-günişiği"
"product_id=6678","ksl2316-115w-dikdörtgen-sarkit-linear-60x120-ararenk"
"product_id=6678","ksl2316-115w-dikdörtgen-sarkit-linear-60x120-ararenk"
"product_id=6679","ksl2316-115w-dikdörtgen-sarkit-linear-60x120-beyaz"
"product_id=6679","ksl2316-115w-dikdörtgen-sarkit-linear-60x120-beyaz"
"product_id=6680","ksl2316-115w-dikdörtgen-sarkit-linear-60x120-günişiği"
"product_id=6680","ksl2316-115w-dikdörtgen-sarkit-linear-60x120-günişiği"
"product_id=6681","ksl2317-155w-dikdörtgen-sarkit-linear-60x180-ararenk"
"product_id=6681","ksl2317-155w-dikdörtgen-sarkit-linear-60x180-ararenk"
"product_id=6682","ksl2317-155w-dikdörtgen-sarkit-linear-60x180-beyaz"
"product_id=6682","ksl2317-155w-dikdörtgen-sarkit-linear-60x180-beyaz"
"product_id=6683","ksl2317-155w-dikdörtgen-sarkit-linear-60x180-günişiği"
"product_id=6683","ksl2317-155w-dikdörtgen-sarkit-linear-60x180-günişiği"
"product_id=6684","ksl2318-195w-dikdörtgen-sarkit-linear-60x240-ararenk"
"product_id=6684","ksl2318-195w-dikdörtgen-sarkit-linear-60x240-ararenk"
"product_id=6685","ksl2318-195w-dikdörtgen-sarkit-linear-60x240-beyaz"
"product_id=6685","ksl2318-195w-dikdörtgen-sarkit-linear-60x240-beyaz"
"product_id=6686","ksl2318-195w-dikdörtgen-sarkit-linear-60x240-günişiği"
"product_id=6686","ksl2318-195w-dikdörtgen-sarkit-linear-60x240-günişiği"
"product_id=6687","ksl2319-155w-dikdörtgen-sarkit-linear-80x160-ararenk"
"product_id=6687","ksl2319-155w-dikdörtgen-sarkit-linear-80x160-ararenk"
"product_id=6688","ksl2319-155w-dikdörtgen-sarkit-linear-80x160-beyaz"
"product_id=6688","ksl2319-155w-dikdörtgen-sarkit-linear-80x160-beyaz"
"product_id=6689","ksl2319-155w-dikdörtgen-sarkit-linear-80x160-günişiği"
"product_id=6689","ksl2319-155w-dikdörtgen-sarkit-linear-80x160-günişiği"
"product_id=6690","ksl2320-205w-dikdörtgen-sarkit-linear-80x240-ararenk"
"product_id=6690","ksl2320-205w-dikdörtgen-sarkit-linear-80x240-ararenk"
"product_id=6691","ksl2320-205w-dikdörtgen-sarkit-linear-80x240-beyaz"
"product_id=6691","ksl2320-205w-dikdörtgen-sarkit-linear-80x240-beyaz"
"product_id=6692","ksl2320-205w-dikdörtgen-sarkit-linear-80x240-günişiği"
"product_id=6692","ksl2320-205w-dikdörtgen-sarkit-linear-80x240-günişiği"
"product_id=6693","ksl2321-195w-dikdörtgen-sarkit-linear-100x200-ararenk"
"product_id=6693","ksl2321-195w-dikdörtgen-sarkit-linear-100x200-ararenk"
"product_id=6694","ksl2321-195w-dikdörtgen-sarkit-linear-100x200-beyaz"
"product_id=6694","ksl2321-195w-dikdörtgen-sarkit-linear-100x200-beyaz"
"product_id=6695","ksl2321-195w-dikdörtgen-sarkit-linear-100x200-günişiği"
"product_id=6695","ksl2321-195w-dikdörtgen-sarkit-linear-100x200-günişiği"
"product_id=6696","ksl2322-230w-dikdörtgen-sarkit-linear-120x240-ararenk"
"product_id=6696","ksl2322-230w-dikdörtgen-sarkit-linear-120x240-ararenk"
"product_id=6697","ksl2322-230w-dikdörtgen-sarkit-linear-120x240-beyaz"
"product_id=6697","ksl2322-230w-dikdörtgen-sarkit-linear-120x240-beyaz"
"product_id=6698","ksl2322-230w-dikdörtgen-sarkit-linear-120x240-günişiği"
"product_id=6698","ksl2322-230w-dikdörtgen-sarkit-linear-120x240-günişiği"
"product_id=7600","ksl2323-290w-dikdörtgen-sarkit-linear-150x300-ararenk"
"product_id=7600","ksl2323-290w-dikdortgen-sarkit-linear-150x300-ararenk"
"product_id=7601","ksl2323-290w-dikdörtgen-sarkit-linear-150x300-beyaz"
"product_id=7601","ksl2323-290w-dikdörtgen-sarkit-linear-150x300-beyaz"
"product_id=7602","ksl2323-290w-dikdörtgen-sarkit-linear-150x300-günişiği"
"product_id=7602","ksl2323-290w-dikdörtgen-sarkit-linear-150x300-günişiği"
"product_id=5351","ksl240-cob-ledli-spot-5w-aluminyum-beyaz"
"product_id=5351","ksl240-cob-ledli-spot-5w-aluminyum-beyaz"
"product_id=5352","ksl240-cob-ledli-spot-5w-aluminyum-günışığı"
"product_id=5352","ksl240-cob-ledli-spot-5w-aluminyum-gunişiği"
"product_id=5353","ksl240-cob-ledli-spot-5w-beyaz*beyaz"
"product_id=5354","ksl240-cob-ledli-spot-5w-beyaz*günışığı"
"product_id=6699","ksl2401-60w-üçgen-sarkit-linear-60x60x60-ararenk"
"product_id=6699","ksl2401-60w-üçgen-sarkit-linear-60x60x60-ararenk"
"product_id=6700","ksl2401-60w-üçgen-sarkit-linear-60x60x60-beyaz"
"product_id=6700","ksl2401-60w-üçgen-sarkit-linear-60x60x60-beyaz"
"product_id=6701","ksl2401-60w-üçgen-sarkit-linear-60x60x60-günişiği"
"product_id=6701","ksl2401-60w-üçgen-sarkit-linear-60x60x60-günişiği"
"product_id=6702","ksl2402-90w-üçgen-sarkit-linear-90x90x90-ararenk"
"product_id=6702","ksl2402-90w-üçgen-sarkit-linear-90x90x90-ararenk"
"product_id=6703","ksl2402-90w-üçgen-sarkit-linear-90x90x90-beyaz"
"product_id=6703","ksl2402-90w-üçgen-sarkit-linear-90x90x90-beyaz"
"product_id=6704","ksl2402-90w-üçgen-sarkit-linear-90x90x90-günişiği"
"product_id=6704","ksl2402-90w-üçgen-sarkit-linear-90x90x90-günişiği"
"product_id=6705","ksl2403-120w-üçgen-sarkit-linear-120x120x120-ararenk"
"product_id=6705","ksl2403-120w-üçgen-sarkit-linear-120x120x120-ararenk"
"product_id=6706","ksl2403-120w-üçgen-sarkit-linear-120x120x120-beyaz"
"product_id=6706","ksl2403-120w-üçgen-sarkit-linear-120x120x120-beyaz"
"product_id=6707","ksl2403-120w-üçgen-sarkit-linear-120x120x120-günişiği"
"product_id=6707","ksl2403-120w-üçgen-sarkit-linear-120x120x120-günişiği"
"product_id=6708","ksl2404-60w-y-sarkit-linear-60x60x60-ararenk"
"product_id=6708","ksl2404-60w-y-sarkit-linear-60x60x60-ararenk"
"product_id=6709","ksl2404-60w-y-sarkit-linear-60x60x60-beyaz"
"product_id=6709","ksl2404-60w-y-sarkit-linear-60x60x60-beyaz"
"product_id=6710","ksl2404-60w-y-sarkit-linear-60x60x60-günişiği"
"product_id=6710","ksl2404-60w-y-sarkit-linear-60x60x60-günişiği"
"product_id=6711","ksl2405-90w-y-sarkit-linear-90x90x90-ararenk"
"product_id=6711","ksl2405-90w-y-sarkit-linear-90x90x90-ararenk"
"product_id=6712","ksl2405-90w-y-sarkit-linear-90x90x90-beyaz"
"product_id=6712","ksl2405-90w-y-sarkit-linear-90x90x90-beyaz"
"product_id=6713","ksl2405-90w-y-sarkit-linear-90x90x90-günişiği"
"product_id=6713","ksl2405-90w-y-sarkit-linear-90x90x90-günişiği"
"product_id=6714","ksl2406-40w-x-sarkit-linear-60x60-ararenk"
"product_id=6714","ksl2406-40w-x-sarkit-linear-60x60-ararenk"
"product_id=6715","ksl2406-40w-x-sarkit-linear-60x60-beyaz"
"product_id=6715","ksl2406-40w-x-sarkit-linear-60x60-beyaz"
"product_id=6716","ksl2406-40w-x-sarkit-linear-60x60-günişiği"
"product_id=6716","ksl2406-40w-x-sarkit-linear-60x60-günişiği"
"product_id=6717","ksl2407-60w-x-sarkit-linear-90x90-ararenk"
"product_id=6717","ksl2407-60w-x-sarkit-linear-90x90-ararenk"
"product_id=6718","ksl2407-60w-x-sarkit-linear-90x90-beyaz"
"product_id=6718","ksl2407-60w-x-sarkit-linear-90x90-beyaz"
"product_id=6719","ksl2407-60w-x-sarkit-linear-90x90-günişiği"
"product_id=6719","ksl2407-60w-x-sarkit-linear-90x90-günişiği"
"product_id=6720","ksl2408-80w-x-sarkit-linear-120x120-ararenk"
"product_id=6720","ksl2408-80w-x-sarkit-linear-120x120-ararenk"
"product_id=6721","ksl2408-80w-x-sarkit-linear-120x120-beyaz"
"product_id=6721","ksl2408-80w-x-sarkit-linear-120x120-beyaz"
"product_id=6722","ksl2408-80w-x-sarkit-linear-120x120-günişiği"
"product_id=6722","ksl2408-80w-x-sarkit-linear-120x120-günişiği"
"product_id=6723","ksl2409-60w-altigen-sarkit-linear-60x30-ararenk"
"product_id=6723","ksl2409-60w-altigen-sarkit-linear-60x30-ararenk"
"product_id=6724","ksl2409-60w-altigen-sarkit-linear-60x30-beyaz"
"product_id=6724","ksl2409-60w-altigen-sarkit-linear-60x30-beyaz"
"product_id=6725","ksl2409-60w-altigen-sarkit-linear-60x30-günişiği"
"product_id=6725","ksl2409-60w-altigen-sarkit-linear-60x30-günişiği"
"product_id=6726","ksl2410-90w-altigen-sarkit-linear-90x45-ararenk"
"product_id=6726","ksl2410-90w-altigen-sarkit-linear-90x45-ararenk"
"product_id=6727","ksl2410-90w-altigen-sarkit-linear-90x45-beyaz"
"product_id=6727","ksl2410-90w-altigen-sarkit-linear-90x45-beyaz"
"product_id=6728","ksl2410-90w-altigen-sarkit-linear-90x45-günişiği"
"product_id=6728","ksl2410-90w-altigen-sarkit-linear-90x45-günişiği"
"product_id=6729","ksl2411-120w-altigen-sarkit-linear-120x60-ararenk"
"product_id=6729","ksl2411-120w-altigen-sarkit-linear-120x60-ararenk"
"product_id=6730","ksl2411-120w-altigen-sarkit-linear-120x60-beyaz"
"product_id=6730","ksl2411-120w-altigen-sarkit-linear-120x60-beyaz"
"product_id=6731","ksl2411-120w-altigen-sarkit-linear-120x60-günişiği"
"product_id=6731","ksl2411-120w-altigen-sarkit-linear-120x60-günişiği"
"product_id=6732","ksl2412-80w-cross-knitting-sarkit-linear-60x45x85-ararenk"
"product_id=6732","ksl2412-80w-cross-knitting-sarkit-linear-60x45x85-ararenk"
"product_id=6733","ksl2412-80w-cross-knitting-sarkit-linear-60x45x85-beyaz"
"product_id=6733","ksl2412-80w-cross-knitting-sarkit-linear-60x45x85-beyaz"
"product_id=6734","ksl2412-80w-cross-knitting-sarkit-linear-60x45x85-günişiği"
"product_id=6734","ksl2412-80w-cross-knitting-sarkit-linear-60x45x85-günişiği"
"product_id=6735","ksl2413-130w-cross-knitting-sarkit-linear-100x74x142-ararenk"
"product_id=6735","ksl2413-130w-cross-knitting-sarkit-linear-100x74x142-ararenk"
"product_id=6736","ksl2413-130w-cross-knitting-sarkit-linear-100x74x142-beyaz"
"product_id=6736","ksl2413-130w-cross-knitting-sarkit-linear-100x74x142-beyaz"
"product_id=6737","ksl2413-130w-cross-knitting-sarkit-linear-100x74x142-günişiği"
"product_id=6737","ksl2413-130w-cross-knitting-sarkit-linear-100x74x142-günişiği"
"product_id=6738","ksl2414-160w-cross-knitting-sarkit-linear-120x88x170-ararenk"
"product_id=6738","ksl2414-160w-cross-knitting-sarkit-linear-120x88x170-ararenk"
"product_id=6739","ksl2414-160w-cross-knitting-sarkit-linear-120x88x170-beyaz"
"product_id=6739","ksl2414-160w-cross-knitting-sarkit-linear-120x88x170-beyaz"
"product_id=6740","ksl2414-160w-cross-knitting-sarkit-linear-120x88x170-günişiği"
"product_id=6740","ksl2414-160w-cross-knitting-sarkit-linear-120x88x170-günişiği"
"product_id=6741","ksl2415-190w-cross-knitting-sarkit-linear-150x110x212-ararenk"
"product_id=6741","ksl2415-190w-cross-knitting-sarkit-linear-150x110x212-ararenk"
"product_id=6742","ksl2415-190w-cross-knitting-sarkit-linear-150x110x212-beyaz"
"product_id=6742","ksl2415-190w-cross-knitting-sarkit-linear-150x110x212-beyaz"
"product_id=6743","ksl2415-190w-cross-knitting-sarkit-linear-150x110x212-günişiği"
"product_id=6743","ksl2415-190w-cross-knitting-sarkit-linear-150x110x212-günişiği"
"product_id=6744","ksl2416-80w-nested-sarkit-60cm-ararenk"
"product_id=6744","ksl2416-80w-nested-sarkit-60cm-ararenk"
"product_id=6745","ksl2416-80w-nested-sarkit-60cm-beyaz"
"product_id=6745","ksl2416-80w-nested-sarkit-60cm-beyaz"
"product_id=6746","ksl2416-80w-nested-sarkit-60cm-günişiği"
"product_id=6746","ksl2416-80w-nested-sarkit-60cm-günişiği"
"product_id=6747","ksl2417-140w-nested-sarkit-80cm-ararenk"
"product_id=6747","ksl2417-140w-nested-sarkit-80cm-ararenk"
"product_id=6748","ksl2417-140w-nested-sarkit-80cm-beyaz"
"product_id=6748","ksl2417-140w-nested-sarkit-80cm-beyaz"
"product_id=6749","ksl2417-140w-nested-sarkit-80cm-günişiği"
"product_id=6749","ksl2417-140w-nested-sarkit-80cm-günişiği"
"product_id=6750","ksl2418-150w-integrated-sarkit-120cm-ararenk"
"product_id=6750","ksl2418-150w-integrated-sarkit-120cm-ararenk"
"product_id=6751","ksl2418-150w-integrated-sarkit-120cm-beyaz"
"product_id=6751","ksl2418-150w-integrated-sarkit-120cm-beyaz"
"product_id=6752","ksl2418-150w-integrated-sarkit-120cm-günişiği"
"product_id=6752","ksl2418-150w-integrated-sarkit-120cm-günişiği"
"product_id=6753","ksl2419-120w-drone-simit-sarkit-140cm-ararenk"
"product_id=6753","ksl2419-120w-drone-simit-sarkit-140cm-ararenk"
"product_id=6754","ksl2419-120w-drone-simit-sarkit-140cm-beyaz"
"product_id=6754","ksl2419-120w-drone-simit-sarkit-140cm-beyaz"
"product_id=6755","ksl2419-120w-drone-simit-sarkit-140cm-günişiği"
"product_id=6755","ksl2419-120w-drone-simit-sarkit-140cm-günişiği"
"product_id=6756","ksl2420-120w-drone-davul-sarkit-140cm-ararenk"
"product_id=6756","ksl2420-120w-drone-davul-sarkit-140cm-ararenk"
"product_id=6757","ksl2420-120w-drone-davul-sarkit-140cm-beyaz"
"product_id=6757","ksl2420-120w-drone-davul-sarkit-140cm-beyaz"
"product_id=6758","ksl2420-120w-drone-davul-sarkit-140cm-günişiği"
"product_id=6758","ksl2420-120w-drone-davul-sarkit-140cm-günişiği"
"product_id=6759","ksl2421-140w-polestar-sarkit-140cm-ararenk"
"product_id=6759","ksl2421-140w-polestar-sarkit-140cm-ararenk"
"product_id=6760","ksl2421-140w-polestar-sarkit-140cm-beyaz"
"product_id=6760","ksl2421-140w-polestar-sarkit-140cm-beyaz"
"product_id=6761","ksl2421-140w-polestar-sarkit-140cm-günişiği"
"product_id=6761","ksl2421-140w-polestar-sarkit-140cm-günişiği"
"product_id=6762","ksl2422-120w-snag-sarkit-linear-40x230-ararenk"
"product_id=6762","ksl2422-120w-snag-sarkit-linear-40x230-ararenk"
"product_id=6764","ksl2422-120w-snag-sarkit-linear-40x230-günişiği"
"product_id=6764","ksl2422-120w-snag-sarkit-linear-40x230-günişiği"
"product_id=6763","ksl2422-120w-snag-sarkit-linear-sarkit-40x230-beyaz"
"product_id=6763","ksl2422-120w-snag-sarkit-linear-sarkit-40x230-beyaz"
"product_id=6765","ksl2423-100w-asym-kare-sarkit-105cm-ararenk"
"product_id=6765","ksl2423-100w-asym-kare-sarkit-105cm-ararenk"
"product_id=6766","ksl2423-100w-asym-kare-sarkit-105cm-beyaz"
"product_id=6766","ksl2423-100w-asym-kare-sarkit-105cm-beyaz"
"product_id=6767","ksl2423-100w-asym-kare-sarkit-105cm-günişiği"
"product_id=6767","ksl2423-100w-asym-kare-sarkit-105cm-günişiği"
"product_id=6768","ksl2424-200w-labirent-sarkit-linear-115cm-ararenk"
"product_id=6768","ksl2424-200w-labirent-sarkit-linear-115cm-ararenk"
"product_id=6769","ksl2424-200w-labirent-sarkit-linear-115cm-beyaz"
"product_id=6769","ksl2424-200w-labirent-sarkit-linear-115cm-beyaz"
"product_id=6770","ksl2424-200w-labirent-sarkit-linear-115cm-günişiği"
"product_id=6770","ksl2424-200w-labirent-sarkit-linear-115cm-günişiği"
"product_id=6771","ksl2425-380w-infinity-sarkit-linear-145x315-ararenk"
"product_id=6771","ksl2425-380w-infinity-sarkit-linear-145x315-ararenk"
"product_id=6772","ksl2425-380w-infinity-sarkit-linear-145x315-beyaz"
"product_id=6772","ksl2425-380w-infinity-sarkit-linear-145x315-beyaz"
"product_id=6773","ksl2425-380w-infinity-sarkit-linear-145x315-günişiği"
"product_id=6773","ksl2425-380w-infinity-sarkit-linear-145x315-günişiği"
"product_id=6774","ksl2426-250w-among-sarkit-linear-145x230-ararenk"
"product_id=6774","ksl2426-250w-among-sarkit-linear-145x230-ararenk"
"product_id=6775","ksl2426-250w-among-sarkit-linear-145x230-beyaz"
"product_id=6775","ksl2426-250w-among-sarkit-linear-145x230-beyaz"
"product_id=6776","ksl2426-250w-among-sarkit-linear-145x230-günişiği"
"product_id=6776","ksl2426-250w-among-sarkit-linear-145x230-günişiği"
"product_id=6777","ksl2427-200w-unstable-sarkit-linear-110x195-ararenk"
"product_id=6777","ksl2427-200w-unstable-sarkit-linear-110x195-ararenk"
"product_id=6778","ksl2427-200w-unstable-sarkit-linear-110x195-beyaz"
"product_id=6778","ksl2427-200w-unstable-sarkit-linear-110x195-beyaz"
"product_id=6779","ksl2427-200w-unstable-sarkit-linear-110x195-günişiği"
"product_id=6779","ksl2427-200w-unstable-sarkit-linear-110x195-günişiği"
"product_id=6780","ksl2428-150w-hasir-sarkit-linear-75cm-ararenk"
"product_id=6780","ksl2428-150w-hasir-sarkit-linear-75cm-ararenk"
"product_id=6781","ksl2428-150w-hasir-sarkit-linear-75cm-beyaz"
"product_id=6781","ksl2428-150w-hasir-sarkit-linear-75cm-beyaz"
"product_id=6782","ksl2428-150w-hasir-sarkit-linear-75cm-günişiği"
"product_id=6782","ksl2428-150w-hasir-sarkit-linear-75cm-günişiği"
"product_id=7603","ksl2429-90w-hasir-sarkit-linear-80x100-ararenk"
"product_id=7603","ksl2429-90w-hasir-sarkit-linear-80x100-ararenk"
"product_id=7604","ksl2429-90w-hasir-sarkit-linear-80x100-beyaz"
"product_id=7604","ksl2429-90w-hasir-sarkit-linear-80x100-beyaz"
"product_id=7605","ksl2429-90w-hasir-sarkit-linear-80x100-gunisigi"
"product_id=7605","ksl2429-90w-hasir-sarkit-linear-80x100-gunisigi"
"product_id=7342","ksl243-smd-downlight-ledli-spot-5w-beyaz*ararenk"
"product_id=7342","ksl243-smd-downlight-ledli-spot-5w-beyaz*ararenk"
"product_id=6783","ksl243-smd-downlight-ledli-spot-5w-beyaz*beyaz"
"product_id=6783","ksl243-smd-downlight-ledli-spot-5w-beyaz*beyaz"
"product_id=6784","ksl243-smd-downlight-ledli-spot-5w-beyaz*günişiği"
"product_id=6784","ksl243-smd-downlight-ledli-spot-5w-beyaz*günişiği"
"product_id=7343","ksl243-smd-downlight-ledli-spot-5w-crom*ararenk"
"product_id=7343","ksl243-smd-downlight-ledli-spot-5w-crom*ararenk"
"product_id=6785","ksl243-smd-downlight-ledli-spot-5w-crom*beyaz"
"product_id=6785","ksl243-smd-downlight-ledli-spot-5w-crom*beyaz"
"product_id=6786","ksl243-smd-downlight-ledli-spot-5w-crom*günişiği"
"product_id=6786","ksl243-smd-downlight-ledli-spot-5w-crom*günişiği"
"product_id=7612","ksl2430-110w-hasir-sarkit-linear-100x125-ararenk"
"product_id=7612","ksl2430-110w-hasir-sarkit-linear-100x125-ararenk"
"product_id=7639","ksl2430-110w-hasir-sarkit-linear-100x125-beyaz"
"product_id=7639","ksl2430-110w-hasir-sarkit-linear-100x125-beyaz"
"product_id=7638","ksl2430-110w-hasir-sarkit-linear-100x125-gunisik"
"product_id=7638","ksl2430-110w-hasir-sarkit-linear-100x125-gunisik"
"product_id=8052","ksl2431-led-t5-altigen-linear-armatür"
"product_id=8052","ksl2431-led-t5-hexagon-linear-fixture"
"product_id=6787","ksl2501-15w-yuvarlak-siva-üstü-sarkit-davul-30cm-ararenk"
"product_id=6787","ksl2501-15w-yuvarlak-siva-üstü-sarkit-davul-30cm-ararenk"
"product_id=6788","ksl2501-15w-yuvarlak-siva-üstü-sarkit-davul-30cm-beyaz"
"product_id=6788","ksl2501-15w-yuvarlak-siva-üstü-sarkit-davul-30cm-beyaz"
"product_id=6789","ksl2501-15w-yuvarlak-siva-üstü-sarkit-davul-30cm-günişiği"
"product_id=6789","ksl2501-15w-yuvarlak-siva-üstü-sarkit-davul-30cm-günişiği"
"product_id=6790","ksl2502-25w-yuvarlak-siva-üstü-sarkit-davul-40cm-ararenk"
"product_id=6790","ksl2502-25w-yuvarlak-siva-üstü-sarkit-davul-40cm-ararenk"
"product_id=6791","ksl2502-25w-yuvarlak-siva-üstü-sarkit-davul-40cm-beyaz"
"product_id=6791","ksl2502-25w-yuvarlak-siva-üstü-sarkit-davul-40cm-beyaz"
"product_id=6792","ksl2502-25w-yuvarlak-siva-üstü-sarkit-davul-40cm-günişiği"
"product_id=6792","ksl2502-25w-yuvarlak-siva-üstü-sarkit-davul-40cm-günişiği"
"product_id=6793","ksl2503-35w-yuvarlak-siva-üstü-sarkit-davul-50cm-ararenk"
"product_id=6793","ksl2503-35w-yuvarlak-siva-üstü-sarkit-davul-50cm-ararenk"
"product_id=6794","ksl2503-35w-yuvarlak-siva-üstü-sarkit-davul-50cm-beyaz"
"product_id=6794","ksl2503-35w-yuvarlak-siva-üstü-sarkit-davul-50cm-beyaz"
"product_id=6795","ksl2503-35w-yuvarlak-siva-üstü-sarkit-davul-50cm-günişiği"
"product_id=6795","ksl2503-35w-yuvarlak-siva-üstü-sarkit-davul-50cm-günişiği"
"product_id=6796","ksl2504-45w-yuvarlak-siva-üstü-sarkit-davul-60cm-ararenk"
"product_id=6796","ksl2504-45w-yuvarlak-siva-üstü-sarkit-davul-60cm-ararenk"
"product_id=6797","ksl2504-45w-yuvarlak-siva-üstü-sarkit-davul-60cm-beyaz"
"product_id=6797","ksl2504-45w-yuvarlak-siva-üstü-sarkit-davul-60cm-beyaz"
"product_id=6798","ksl2504-45w-yuvarlak-siva-üstü-sarkit-davul-60cm-günişiği"
"product_id=6798","ksl2504-45w-yuvarlak-siva-üstü-sarkit-davul-60cm-günişiği"
"product_id=6799","ksl2505-70w-yuvarlak-siva-üstü-sarkit-davul-70cm-ararenk"
"product_id=6799","ksl2505-70w-yuvarlak-siva-üstü-sarkit-davul-70cm-ararenk"
"product_id=6800","ksl2505-70w-yuvarlak-siva-üstü-sarkit-davul-70cm-beyaz"
"product_id=6800","ksl2505-70w-yuvarlak-siva-üstü-sarkit-davul-70cm-beyaz"
"product_id=6801","ksl2505-70w-yuvarlak-siva-üstü-sarkit-davul-70cm-günişiği"
"product_id=6801","ksl2505-70w-yuvarlak-siva-üstü-sarkit-davul-70cm-günişiği"
"product_id=6802","ksl2506-90w-yuvarlak-siva-üstü-sarkit-davul-80cm-ararenk"
"product_id=6802","ksl2506-90w-yuvarlak-siva-üstü-sarkit-davul-80cm-ararenk"
"product_id=6803","ksl2506-90w-yuvarlak-siva-üstü-sarkit-davul-80cm-beyaz"
"product_id=6803","ksl2506-90w-yuvarlak-siva-üstü-sarkit-davul-80cm-beyaz"
"product_id=6804","ksl2506-90w-yuvarlak-siva-üstü-sarkit-davul-80cm-günişiği"
"product_id=6804","ksl2506-90w-yuvarlak-siva-üstü-sarkit-davul-80cm-günişiği"
"product_id=6805","ksl2507-110w-yuvarlak-siva-üstü-sarkit-davul-90cm-ararenk"
"product_id=6805","ksl2507-110w-yuvarlak-siva-üstü-sarkit-davul-90cm-ararenk"
"product_id=6806","ksl2507-110w-yuvarlak-siva-üstü-sarkit-davul-90cm-beyaz"
"product_id=6806","ksl2507-110w-yuvarlak-siva-üstü-sarkit-davul-90cm-beyaz"
"product_id=6807","ksl2507-110w-yuvarlak-siva-üstü-sarkit-davul-90cm-günişiği"
"product_id=6807","ksl2507-110w-yuvarlak-siva-üstü-sarkit-davul-90cm-günişiği"
"product_id=6808","ksl2508-140w-yuvarlak-siva-üstü-sarkit-davul-100cm-ararenk"
"product_id=6808","ksl2508-140w-yuvarlak-siva-üstü-sarkit-davul-100cm-ararenk"
"product_id=6809","ksl2508-140w-yuvarlak-siva-üstü-sarkit-davul-100cm-beyaz"
"product_id=6809","ksl2508-140w-yuvarlak-siva-üstü-sarkit-davul-100cm-beyaz"
"product_id=6810","ksl2508-140w-yuvarlak-siva-üstü-sarkit-davul-100cm-günişiği"
"product_id=6810","ksl2508-140w-yuvarlak-siva-üstü-sarkit-davul-100cm-günişiği"
"product_id=6811","ksl2509-170w-yuvarlak-siva-üstü-sarkit-davul-110cm-ararenk"
"product_id=6811","ksl2509-170w-yuvarlak-siva-üstü-sarkit-davul-110cm-ararenk"
"product_id=6812","ksl2509-170w-yuvarlak-siva-üstü-sarkit-davul-110cm-beyaz"
"product_id=6812","ksl2509-170w-yuvarlak-siva-üstü-sarkit-davul-110cm-beyaz"
"product_id=6813","ksl2509-170w-yuvarlak-siva-üstü-sarkit-davul-110cm-günişiği"
"product_id=6813","ksl2509-170w-yuvarlak-siva-üstü-sarkit-davul-110cm-günişiği"
"product_id=6814","ksl2510-200w-yuvarlak-siva-üstü-sarkit-davul-120cm-ararenk"
"product_id=6814","ksl2510-200w-yuvarlak-siva-üstü-sarkit-davul-120cm-ararenk"
"product_id=6815","ksl2510-200w-yuvarlak-siva-üstü-sarkit-davul-120cm-beyaz"
"product_id=6815","ksl2510-200w-yuvarlak-siva-üstü-sarkit-davul-120cm-beyaz"
"product_id=6816","ksl2510-200w-yuvarlak-siva-üstü-sarkit-davul-120cm-günişiği"
"product_id=6816","ksl2510-200w-yuvarlak-siva-üstü-sarkit-davul-120cm-günişiği"
"product_id=6817","ksl2601-50w-kare-radius-linear-40x40-ararenk"
"product_id=6817","ksl2601-50w-kare-radius-linear-40x40-ararenk"
"product_id=6818","ksl2601-50w-kare-radius-linear-40x40-beyaz"
"product_id=6818","ksl2601-50w-kare-radius-linear-40x40-beyaz"
"product_id=6819","ksl2601-50w-kare-radius-linear-40x40-günişiği"
"product_id=6819","ksl2601-50w-kare-radius-linear-40x40-günişiği"
"product_id=6820","ksl2602-80w-kare-radius-linear-60x60-ararenk"
"product_id=6820","ksl2602-80w-kare-radius-linear-60x60-ararenk"
"product_id=6821","ksl2602-80w-kare-radius-linear-60x60-beyaz"
"product_id=6821","ksl2602-80w-kare-radius-linear-60x60-beyaz"
"product_id=6822","ksl2602-80w-kare-radius-linear-60x60-günişiği"
"product_id=6822","ksl2602-80w-kare-radius-linear-60x60-günişiği"
"product_id=6823","ksl2603-120w-kare-radius-linear-120x120-ararenk"
"product_id=6823","ksl2603-120w-kare-radius-linear-120x120-ararenk"
"product_id=6824","ksl2603-120w-kare-radius-linear-120x120-beyaz"
"product_id=6824","ksl2603-120w-kare-radius-linear-120x120-beyaz"
"product_id=6825","ksl2603-120w-kare-radius-linear-120x120-günişiği"
"product_id=6825","ksl2603-120w-kare-radius-linear-120x120-günişiği"
"product_id=6826","ksl2604-65w-üçgen-radius-linear-60x60x60-ararenk"
"product_id=6826","ksl2604-65w-üçgen-radius-linear-60x60x60-ararenk"
"product_id=6827","ksl2604-65w-üçgen-radius-linear-60x60x60-beyaz"
"product_id=6827","ksl2604-65w-üçgen-radius-linear-60x60x60-beyaz"
"product_id=6828","ksl2604-65w-üçgen-radius-linear-60x60x60-günişiği"
"product_id=6828","ksl2604-65w-üçgen-radius-linear-60x60x60-günişiği"
"product_id=6829","ksl2605-90w-üçgen-radius-linear-90x90x90-ararenk"
"product_id=6829","ksl2605-90w-üçgen-radius-linear-90x90x90-ararenk"
"product_id=6830","ksl2605-90w-üçgen-radius-linear-90x90x90-beyaz"
"product_id=6830","ksl2605-90w-üçgen-radius-linear-90x90x90-beyaz"
"product_id=6831","ksl2605-90w-üçgen-radius-linear-90x90x90-günişiği"
"product_id=6831","ksl2605-90w-üçgen-radius-linear-90x90x90-günişiği"
"product_id=6832","ksl2606-75w-dikdörtgen-radius-linear-60x90-ararenk"
"product_id=6832","ksl2606-75w-dikdörtgen-radius-linear-60x90-ararenk"
"product_id=6833","ksl2606-75w-dikdörtgen-radius-linear-60x90-beyaz"
"product_id=6833","ksl2606-75w-dikdörtgen-radius-linear-60x90-beyaz"
"product_id=6834","ksl2606-75w-dikdörtgen-radius-linear-60x90-günişiği"
"product_id=6834","ksl2606-75w-dikdörtgen-radius-linear-60x90-günişiği"
"product_id=6835","ksl2607-115w-dikdörtgen-radius-linear-60x120-ararenk"
"product_id=6835","ksl2607-115w-dikdörtgen-radius-linear-60x120-ararenk"
"product_id=6836","ksl2607-115w-dikdörtgen-radius-linear-60x120-beyaz"
"product_id=6836","ksl2607-115w-dikdörtgen-radius-linear-60x120-beyaz"
"product_id=6837","ksl2607-115w-dikdörtgen-radius-linear-60x120-günişiği"
"product_id=6837","ksl2607-115w-dikdörtgen-radius-linear-60x120-günişiği"
"product_id=6838","ksl2608-150w-dikdörtgen-radius-linear-60x180-ararenk"
"product_id=6838","ksl2608-150w-dikdörtgen-radius-linear-60x180-ararenk"
"product_id=6839","ksl2608-150w-dikdörtgen-radius-linear-60x180-beyaz"
"product_id=6839","ksl2608-150w-dikdörtgen-radius-linear-60x180-beyaz"
"product_id=6840","ksl2608-150w-dikdörtgen-radius-linear-60x180-günişiği"
"product_id=6840","ksl2608-150w-dikdörtgen-radius-linear-60x180-günişiği"
"product_id=6841","ksl2609-75w-passion-radius-linear-30x90-ararenk"
"product_id=6841","ksl2609-75w-passion-radius-linear-30x90-ararenk"
"product_id=6842","ksl2609-75w-passion-radius-linear-30x90-beyaz"
"product_id=6842","ksl2609-75w-passion-radius-linear-30x90-beyaz"
"product_id=6843","ksl2609-75w-passion-radius-linear-30x90-günişiği"
"product_id=6843","ksl2609-75w-passion-radius-linear-30x90-günişiği"
"product_id=6844","ksl2610-95w-passion-radius-linear-30x120-ararenk"
"product_id=6844","ksl2610-95w-passion-radius-linear-30x120-ararenk"
"product_id=6845","ksl2610-95w-passion-radius-linear-30x120-beyaz"
"product_id=6845","ksl2610-95w-passion-radius-linear-30x120-beyaz"
"product_id=6846","ksl2610-95w-passion-radius-linear-30x120-günişiği"
"product_id=6846","ksl2610-95w-passion-radius-linear-30x120-günişiği"
"product_id=6847","ksl2611-115w-passion-radius-linear-60x120-ararenk"
"product_id=6847","ksl2611-115w-passion-radius-linear-60x120-ararenk"
"product_id=6848","ksl2611-115w-passion-radius-linear-60x120-beyaz"
"product_id=6848","ksl2611-115w-passion-radius-linear-60x120-beyaz"
"product_id=6849","ksl2611-115w-passion-radius-linear-60x120-günişiği"
"product_id=6849","ksl2611-115w-passion-radius-linear-60x120-günişiği"
"product_id=7613","ksl2651-115w-ucgen-radius-linear-120x120x120cm-ararenk"
"product_id=7613","ksl2651-115w-ucgen-radius-linear-120x120x120cm-ararenk"
"product_id=7641","ksl2651-115w-ucgen-radius-linear-120x120x120cm-beyaz"
"product_id=7641","ksl2651-115w-ucgen-radius-linear-120x120x120cm-beyaz"
"product_id=7640","ksl2651-115w-ucgen-radius-linear-120x120x120cm-gunisik"
"product_id=7640","ksl2651-115w-ucgen-radius-linear-120x120x120cm-gunisik"
"product_id=6850","ksl2701-35w-kare-davul-linear-40x40-ararenk"
"product_id=6850","ksl2701-35w-kare-davul-linear-40x40-ararenk"
"product_id=6851","ksl2701-35w-kare-davul-linear-40x40-beyaz"
"product_id=6851","ksl2701-35w-kare-davul-linear-40x40-beyaz"
"product_id=6852","ksl2701-35w-kare-davul-linear-40x40-günişiği"
"product_id=6852","ksl2701-35w-kare-davul-linear-40x40-günişiği"
"product_id=6853","ksl2702-75w-kare-davul-linear-60x60-ararenk"
"product_id=6853","ksl2702-75w-kare-davul-linear-60x60-ararenk"
"product_id=6854","ksl2702-75w-kare-davul-linear-60x60-beyaz"
"product_id=6854","ksl2702-75w-kare-davul-linear-60x60-beyaz"
"product_id=6855","ksl2702-75w-kare-davul-linear-60x60-günişiği"
"product_id=6855","ksl2702-75w-kare-davul-linear-60x60-günişiği"
"product_id=6856","ksl2703-140w-kare-davul-linear-90x90-ararenk"
"product_id=6856","ksl2703-140w-kare-davul-linear-90x90-ararenk"
"product_id=6857","ksl2703-140w-kare-davul-linear-90x90-beyaz"
"product_id=6857","ksl2703-140w-kare-davul-linear-90x90-beyaz"
"product_id=6858","ksl2703-140w-kare-davul-linear-90x90-günişiği"
"product_id=6858","ksl2703-140w-kare-davul-linear-90x90-günişiği"
"product_id=6859","ksl2704-35w-üçgen-davul-linear-60x60x60-ararenk"
"product_id=6859","ksl2704-35w-üçgen-davul-linear-60x60x60-ararenk"
"product_id=6860","ksl2704-35w-üçgen-davul-linear-60x60x60-beyaz"
"product_id=6860","ksl2704-35w-üçgen-davul-linear-60x60x60-beyaz"
"product_id=6861","ksl2704-35w-üçgen-davul-linear-60x60x60-günişiği"
"product_id=6861","ksl2704-35w-üçgen-davul-linear-60x60x60-günişiği"
"product_id=6862","ksl2705-70w-üçgen-davul-linear-90x90x90-ararenk"
"product_id=6862","ksl2705-70w-üçgen-davul-linear-90x90x90-ararenk"
"product_id=6863","ksl2705-70w-üçgen-davul-linear-90x90x90-beyaz"
"product_id=6863","ksl2705-70w-üçgen-davul-linear-90x90x90-beyaz"
"product_id=6864","ksl2705-70w-üçgen-davul-linear-90x90x90-günişiği"
"product_id=6864","ksl2705-70w-üçgen-davul-linear-90x90x90-günişiği"
"product_id=6865","ksl2706-50w-dikdörtgen-davul-linear-30x90-ararenk"
"product_id=6865","ksl2706-50w-dikdörtgen-davul-linear-30x90-ararenk"
"product_id=6866","ksl2706-50w-dikdörtgen-davul-linear-30x90-beyaz"
"product_id=6866","ksl2706-50w-dikdörtgen-davul-linear-30x90-beyaz"
"product_id=6867","ksl2706-50w-dikdörtgen-davul-linear-30x90-günişiği"
"product_id=6867","ksl2706-50w-dikdörtgen-davul-linear-30x90-günişiği"
"product_id=6868","ksl2707-70w-dikdörtgen-davul-linear-30x120-ararenk"
"product_id=6868","ksl2707-70w-dikdörtgen-davul-linear-30x120-ararenk"
"product_id=6869","ksl2707-70w-dikdörtgen-davul-linear-30x120-beyaz"
"product_id=6869","ksl2707-70w-dikdörtgen-davul-linear-30x120-beyaz"
"product_id=6870","ksl2707-70w-dikdörtgen-davul-linear-30x120-günişiği"
"product_id=6870","ksl2707-70w-dikdörtgen-davul-linear-30x120-günişiği"
"product_id=6871","ksl2708-150w-dikdörtgen-davul-linear-60x120-ararenk"
"product_id=6871","ksl2708-150w-dikdörtgen-davul-linear-60x120-ararenk"
"product_id=6872","ksl2708-150w-dikdörtgen-davul-linear-60x120-beyaz"
"product_id=6872","ksl2708-150w-dikdörtgen-davul-linear-60x120-beyaz"
"product_id=6873","ksl2708-150w-dikdörtgen-davul-linear-60x120-günişiği"
"product_id=6873","ksl2708-150w-dikdörtgen-davul-linear-60x120-günişiği"
"product_id=6874","ksl2709-50w-passion-davul-linear-30x90-ararenk"
"product_id=6874","ksl2709-50w-passion-davul-linear-30x90-ararenk"
"product_id=6875","ksl2709-50w-passion-davul-linear-30x90-beyaz"
"product_id=6875","ksl2709-50w-passion-davul-linear-30x90-beyaz"
"product_id=6876","ksl2709-50w-passion-davul-linear-30x90-günişiği"
"product_id=6876","ksl2709-50w-passion-davul-linear-30x90-günişiği"
"product_id=6877","ksl2710-70w-passion-davul-linear-30x120-ararenk"
"product_id=6877","ksl2710-70w-passion-davul-linear-30x120-ararenk"
"product_id=6878","ksl2710-70w-passion-davul-linear-30x120-beyaz"
"product_id=6878","ksl2710-70w-passion-davul-linear-30x120-beyaz"
"product_id=6879","ksl2710-70w-passion-davul-linear-30x120-günişiği"
"product_id=6879","ksl2710-70w-passion-davul-linear-30x120-günişiği"
"product_id=6880","ksl2711-150w-passion-davul-linear-60x120-ararenk"
"product_id=6880","ksl2711-150w-passion-davul-linear-60x120-ararenk"
"product_id=6881","ksl2711-150w-passion-davul-linear-60x120-beyaz"
"product_id=6881","ksl2711-150w-passion-davul-linear-60x120-beyaz"
"product_id=6882","ksl2711-150w-passion-davul-linear-60x120-günişiği"
"product_id=6882","ksl2711-150w-passion-davul-linear-60x120-günişiği"
"product_id=6883","ksl2712-40w-passion-radius-linear-30x60-ararenk"
"product_id=6883","ksl2712-40w-passion-radius-linear-30x60-ararenk"
"product_id=6884","ksl2712-40w-passion-radius-linear-30x60-beyaz"
"product_id=6884","ksl2712-40w-passion-radius-linear-30x60-beyaz"
"product_id=6885","ksl2712-40w-passion-radius-linear-30x60-günişiği"
"product_id=6885","ksl2712-40w-passion-radius-linear-30x60-günişiği"
"product_id=6886","ksl2713-150w-passion-radius-linear-60x120-ararenk"
"product_id=6886","ksl2713-150w-passion-radius-linear-60x120-ararenk"
"product_id=6887","ksl2713-150w-passion-radius-linear-60x120-beyaz"
"product_id=6887","ksl2713-150w-passion-radius-linear-60x120-beyaz"
"product_id=6888","ksl2713-150w-passion-radius-linear-60x120-günişiği"
"product_id=6888","ksl2713-150w-passion-radius-linear-60x120-günişiği"
"product_id=7875","ksl2731-60cm-45w-altigen-davul-linear"
"product_id=7875","ksl2731-60cm-45w-hexagon-drum-linear-fixtures"
"product_id=7876","ksl2732-90cm-110w-altigen-davul-linear"
"product_id=7876","ksl2732-90cm-110w-hexagon-drum-linear-fixtures"
"product_id=7877","ksl2733-120cm-200w-altigen-davul-linear"
"product_id=7877","ksl2733-120cm-200w-hexagon-drum-linear-fixtures"
"product_id=7614","ksl2751-125w-uçgen-davul-linear-120x120x120cm-ararenk"
"product_id=7614","ksl2751-125w-uçgen-davul-linear-120x120x120cm-ararenk"
"product_id=7643","ksl2751-125w-uçgen-davul-linear-120x120x120cm-beyaz"
"product_id=7643","ksl2751-125w-uçgen-davul-linear-120x120x120cm-beyaz"
"product_id=7642","ksl2751-125w-ucgen-davul-linear-120x120x120cm-gunisik"
"product_id=7642","ksl2751-125w-ucgen-davul-linear-120x120x120cm-gunisik"
"product_id=6889","ksl2801-55w-yuvarlak-linear-30x50x70-ararenk"
"product_id=6889","ksl2801-55w-yuvarlak-linear-30x50x70-ararenk"
"product_id=6890","ksl2801-55w-yuvarlak-linear-30x50x70-beyaz"
"product_id=6890","ksl2801-55w-yuvarlak-linear-30x50x70-beyaz"
"product_id=6891","ksl2801-55w-yuvarlak-linear-30x50x70-günişiği"
"product_id=6891","ksl2801-55w-yuvarlak-linear-30x50x70-günişiği"
"product_id=6892","ksl2802-65w-yuvarlak-linear-40x60x80-ararenk"
"product_id=6892","ksl2802-65w-yuvarlak-linear-40x60x80-ararenk"
"product_id=6893","ksl2802-65w-yuvarlak-linear-40x60x80-beyaz"
"product_id=6893","ksl2802-65w-yuvarlak-linear-40x60x80-beyaz"
"product_id=6894","ksl2802-65w-yuvarlak-linear-40x60x80-günişiği"
"product_id=6894","ksl2802-65w-yuvarlak-linear-40x60x80-günişiği"
"product_id=6895","ksl2803-80w-yuvarlak-linear-50x70x90-ararenk"
"product_id=6895","ksl2803-80w-yuvarlak-linear-50x70x90-ararenk"
"product_id=6896","ksl2803-80w-yuvarlak-linear-50x70x90-beyaz"
"product_id=6896","ksl2803-80w-yuvarlak-linear-50x70x90-beyaz"
"product_id=6897","ksl2803-80w-yuvarlak-linear-50x70x90-günişiği"
"product_id=6897","ksl2803-80w-yuvarlak-linear-50x70x90-günişiği"
"product_id=6898","ksl2804-90w-yuvarlak-linear-60x80x100-ararenk"
"product_id=6898","ksl2804-90w-yuvarlak-linear-60x80x100-ararenk"
"product_id=6899","ksl2804-90w-yuvarlak-linear-60x80x100-beyaz"
"product_id=6899","ksl2804-90w-yuvarlak-linear-60x80x100-beyaz"
"product_id=6900","ksl2804-90w-yuvarlak-linear-60x80x100-günişiği"
"product_id=6900","ksl2804-90w-yuvarlak-linear-60x80x100-günişiği"
"product_id=6901","ksl2805-100w-yuvarlak-linear-70x90x110-ararenk"
"product_id=6901","ksl2805-100w-yuvarlak-linear-70x90x110-ararenk"
"product_id=6902","ksl2805-100w-yuvarlak-linear-70x90x110-beyaz"
"product_id=6902","ksl2805-100w-yuvarlak-linear-70x90x110-beyaz"
"product_id=6903","ksl2805-100w-yuvarlak-linear-70x90x110-günişiği"
"product_id=6903","ksl2805-100w-yuvarlak-linear-70x90x110-günişiği"
"product_id=6904","ksl2806-110w-yuvarlak-linear-80x100x120-ararenk"
"product_id=6904","ksl2806-110w-yuvarlak-linear-80x100x120-ararenk"
"product_id=6905","ksl2806-110w-yuvarlak-linear-80x100x120-beyaz"
"product_id=6905","ksl2806-110w-yuvarlak-linear-80x100x120-beyaz"
"product_id=6906","ksl2806-110w-yuvarlak-linear-80x100x120-günişiği"
"product_id=6906","ksl2806-110w-yuvarlak-linear-80x100x120-günişiği"
"product_id=6907","ksl2820-70w-kare-linear-30x50x70-ararenk"
"product_id=6907","ksl2820-70w-kare-linear-30x50x70-ararenk"
"product_id=6908","ksl2820-70w-kare-linear-30x50x70-beyaz"
"product_id=6908","ksl2820-70w-kare-linear-30x50x70-beyaz"
"product_id=6909","ksl2820-70w-kare-linear-30x50x70-günişiği"
"product_id=6909","ksl2820-70w-kare-linear-30x50x70-günişiği"
"product_id=6910","ksl2821-85w-kare-linear-40x60x80-ararenk"
"product_id=6910","ksl2821-85w-kare-linear-40x60x80-ararenk"
"product_id=6911","ksl2821-85w-kare-linear-40x60x80-beyaz"
"product_id=6911","ksl2821-85w-kare-linear-40x60x80-beyaz"
"product_id=6912","ksl2821-85w-kare-linear-40x60x80-günişiği"
"product_id=6912","ksl2821-85w-kare-linear-40x60x80-günişiği"
"product_id=6913","ksl2822-100w-kare-linear-50x70x90-ararenk"
"product_id=6913","ksl2822-100w-kare-linear-50x70x90-ararenk"
"product_id=6914","ksl2822-100w-kare-linear-50x70x90-beyaz"
"product_id=6914","ksl2822-100w-kare-linear-50x70x90-beyaz"
"product_id=6915","ksl2822-100w-kare-linear-50x70x90-günişiği"
"product_id=6915","ksl2822-100w-kare-linear-50x70x90-günişiği"
"product_id=6916","ksl2823-115w-kare-linear-60x80x100-ararenk"
"product_id=6916","ksl2823-115w-kare-linear-60x80x100-ararenk"
"product_id=6917","ksl2823-115w-kare-linear-60x80x100-beyaz"
"product_id=6917","ksl2823-115w-kare-linear-60x80x100-beyaz"
"product_id=6918","ksl2823-115w-kare-linear-60x80x100-günişiği"
"product_id=6918","ksl2823-115w-kare-linear-60x80x100-günişiği"
"product_id=6919","ksl2824-130w-kare-linear-70x90x110-ararenk"
"product_id=6919","ksl2824-130w-kare-linear-70x90x110-ararenk"
"product_id=6920","ksl2824-130w-kare-linear-70x90x110-beyaz"
"product_id=6920","ksl2824-130w-kare-linear-70x90x110-beyaz"
"product_id=6921","ksl2824-130w-kare-linear-70x90x110-günişiği"
"product_id=6921","ksl2824-130w-kare-linear-70x90x110-günişiği"
"product_id=6922","ksl2825-140w-kare-linear-80x100x120-ararenk"
"product_id=6922","ksl2825-140w-kare-linear-80x100x120-ararenk"
"product_id=6923","ksl2825-140w-kare-linear-80x100x120-beyaz"
"product_id=6923","ksl2825-140w-kare-linear-80x100x120-beyaz"
"product_id=6924","ksl2825-140w-kare-linear-80x100x120-günişiği"
"product_id=6924","ksl2825-140w-kare-linear-80x100x120-günişiği"
"product_id=6925","ksl2901-50w-modern-dekoratif-sarkit-su-yolu-linear-ararenk"
"product_id=6925","ksl2901-50w-modern-dekoratif-sarkit-su-yolu-linear-ararenk"
"product_id=6926","ksl2901-50w-modern-dekoratif-sarkit-su-yolu-linear-beyaz"
"product_id=6926","ksl2901-50w-modern-dekoratif-sarkit-su-yolu-linear-beyaz"
"product_id=6927","ksl2901-50w-modern-dekoratif-sarkit-su-yolu-linear-günişiği"
"product_id=6927","ksl2901-50w-modern-dekoratif-sarkit-su-yolu-linear-günişiği"
"product_id=6928","ksl2902-60w-modern-dekoratif-sarkit-su-yolu-linear-ararenk"
"product_id=6928","ksl2902-60w-modern-dekoratif-sarkit-su-yolu-linear-ararenk"
"product_id=6929","ksl2902-60w-modern-dekoratif-sarkit-su-yolu-linear-beyaz"
"product_id=6929","ksl2902-60w-modern-dekoratif-sarkit-su-yolu-linear-beyaz"
"product_id=6930","ksl2902-60w-modern-dekoratif-sarkit-su-yolu-linear-günişiği"
"product_id=6930","ksl2902-60w-modern-dekoratif-sarkit-su-yolu-linear-günişiği"
"product_id=7218","ksl2903-70w-180cm-modern-dekoratif-sarkit-su-yolu-linear-ararenk"
"product_id=7218","ksl2903-70w-180cm-modern-dekoratif-sarkit-su-yolu-linear-ararenk"
"product_id=7219","ksl2903-70w-180cm-modern-dekoratif-sarkit-su-yolu-linear-beyaz"
"product_id=7219","ksl2903-70w-180cm-modern-dekoratif-sarkit-su-yolu-linear-beyaz"
"product_id=7220","ksl2903-70w-180cm-modern-dekoratif-sarkit-su-yolu-linear-günişiği"
"product_id=7220","ksl2903-70w-180cm-modern-dekoratif-sarkit-su-yolu-linear-günişiği"
"product_id=7552","ksl300-nil-led-aplik-5w-amber"
"product_id=7552","ksl300-nil-led-aplik-5w-amber"
"product_id=7553","ksl300-nil-led-aplik-5w-günişiği"
"product_id=7553","ksl300-nil-led-aplik-5w-günişiği"
"product_id=7554","ksl301-dicle-led-aplik-5w-amber"
"product_id=7554","ksl301-dicle-led-aplik-5w-amber"
"product_id=7555","ksl301-dicle-led-aplik-5w-günişiği"
"product_id=7555","ksl301-dicle-led-aplik-5w-günişiği"
"product_id=7556","ksl302-meriç-led-aplik-10w-amber"
"product_id=7556","ksl302-meriç-led-aplik-10w-amber"
"product_id=7557","ksl302-meriç-led-aplik-5w-günişiği"
"product_id=7557","ksl302-meriç-led-aplik-5w-günişiği"
"product_id=7558","ksl303-firat-led-aplik-10w-amber"
"product_id=7558","ksl303-firat-led-aplik-10w-amber"
"product_id=7559","ksl303-firat-led-aplik-5w-günişiği"
"product_id=7559","ksl303-firat-led-aplik-5w-günişiği"
"product_id=7560","ksl304-çift-tarafli-kare-led-aplik-gu10x2-bakir"
"product_id=7560","ksl304-çift-tarafli-kare-led-aplik-gu10x2-bakir"
"product_id=7561","ksl304-çift-tarafli-kare-led-aplik-gu10x2-siyah"
"product_id=7561","ksl304-çift-tarafli-kare-led-aplik-gu10x2-siyah"
"product_id=7344","ksl305-çift-tarafli-yuvarlak-led-aplik-gu10x2-krom"
"product_id=7344","ksl305-çift-tarafli-yuvarlak-led-aplik-gu10x2-krom"
"product_id=7562","ksl306-kelebek-led-aplik-10w-bakir"
"product_id=7562","ksl306-kelebek-led-aplik-10w-bakir"
"product_id=7563","ksl306-kelebek-led-aplik-10w-siyah"
"product_id=7563","ksl306-kelebek-led-aplik-10w-siyah"
"product_id=7564","ksl307-kelebek-led-aplik-10w-krom"
"product_id=7564","ksl307-kelebek-led-aplik-10w-krom"
"product_id=7565","ksl307-kelebek-led-aplik-10w-siyah"
"product_id=7565","ksl307-kelebek-led-aplik-10w-siyah"
"product_id=7566","ksl308-lama-led-aplik-e14x2-bakir"
"product_id=7566","ksl308-lama-led-aplik-e14x2-bakir"
"product_id=7567","ksl308-lama-led-aplik-e14x2-siyah"
"product_id=7567","ksl308-lama-led-aplik-e14x2-siyah"
"product_id=7568","ksl309-lama-led-aplik-e14x2-krom"
"product_id=7568","ksl309-lama-led-aplik-e14x2-krom"
"product_id=7569","ksl309-lama-led-aplik-e14x2-siyah"
"product_id=7569","ksl309-lama-led-aplik-e14x2-siyah"
"product_id=7570","ksl310-tuna-led-aplik-gu10x2-bakir"
"product_id=7570","ksl310-tuna-led-aplik-gu10x2-bakir"
"product_id=7571","ksl311-tuna-led-aplik-gu10x2-siyah"
"product_id=7571","ksl311-tuna-led-aplik-gu10x2-siyah"
"product_id=7572","ksl312-tuna-led-aplik-gu10x2-krom"
"product_id=7572","ksl312-tuna-led-aplik-gu10x2-krom"
"product_id=7345","ksl313-sardunya-led-aplik-7w-amber"
"product_id=7345","ksl313-sardunya-led-aplik-7w-amber"
"product_id=7346","ksl313-sardunya-led-aplik-7w-günişiği"
"product_id=7346","ksl313-sardunya-led-aplik-7w-günişiği"
"product_id=7347","ksl314-sardunya-led-aplik-10w-amber"
"product_id=7347","ksl314-sardunya-led-aplik-10w-amber"
"product_id=7348","ksl314-sardunya-led-aplik-10w-günişiği"
"product_id=7348","ksl314-sardunya-led-aplik-10w-günişiği"
"product_id=7349","ksl315-sardunya-led-aplik-20w-amber"
"product_id=7349","ksl315-sardunya-led-aplik-20w-amber"
"product_id=7350","ksl315-sardunya-led-aplik-20w-günişiği"
"product_id=7350","ksl315-sardunya-led-aplik-20w-günişiği"
"product_id=5355","ksl402-dekoratif-sarkit-armatür"
"product_id=5356","ksl403-dekoratif-sarkit-armatür"
"product_id=7871","ksl420-decorative-pendant-fixtures"
"product_id=7871","ksl420-dekoratif-sarkit-armatür"
"product_id=5357","ksl420-perdante-e27"
"product_id=5358","ksl421-perdante-e27"
"product_id=5359","ksl422-perdante-e27"
"product_id=5360","ksl423-perdante-e27"
"product_id=5361","ksl424-perdante-e27"
"product_id=5362","ksl425-dekoratif-sarkit-armatür"
"product_id=5362","ksl425-dekoratif-sarkit-armatür"
"product_id=5363","ksl426-dekoratif-sarkit-armatür"
"product_id=7266","ksl427-dekoratif-sarkit-arm-mavi"
"product_id=7266","ksl427-dekoratif-sarkit-arm-mavi"
"product_id=5365","ksl427-dekoratif-sarkit-arm-pembe"
"product_id=5366","ksl427-dekoratif-sarkit-arm-sarı"
"product_id=5367","ksl428-dekoratif-sarkit-armatür"
"product_id=5368","ksl429-dekoratif-sarkit-armatür"
"product_id=5369","ksl440-dekoratif-sarkit-armatür"
"product_id=5370","ksl441-dekoratif-sarkit-armatür"
"product_id=7230","ksl5000-10w-duvar-aplik-ararenk"
"product_id=7230","ksl5000-10w-duvar-aplik-ararenk"
"product_id=7231","ksl5000-10w-duvar-aplik-beyaz"
"product_id=7231","ksl5000-10w-duvar-aplik-beyaz"
"product_id=7232","ksl5000-10w-duvar-aplik-günişiği"
"product_id=7232","ksl5000-10w-duvar-aplik-günişiği"
"product_id=6931","ksl5001-25w-duvar-aplik-ararenk"
"product_id=6931","ksl5001-25w-duvar-aplik-ararenk"
"product_id=6932","ksl5001-25w-duvar-aplik-beyaz"
"product_id=6932","ksl5001-25w-duvar-aplik-beyaz"
"product_id=6933","ksl5001-25w-duvar-aplik-günişiği"
"product_id=6933","ksl5001-25w-duvar-aplik-günişiği"
"product_id=6934","ksl5002-7w-duvar-aplik-ararenk"
"product_id=6934","ksl5002-7w-duvar-aplik-ararenk"
"product_id=6935","ksl5002-7w-duvar-aplik-beyaz"
"product_id=6935","ksl5002-7w-duvar-aplik-beyaz"
"product_id=6936","ksl5002-7w-duvar-aplik-günişiği"
"product_id=6936","ksl5002-7w-duvar-aplik-günişiği"
"product_id=6937","ksl5003-20w-duvar-aplik-ararenk"
"product_id=6937","ksl5003-20w-duvar-aplik-ararenk"
"product_id=6938","ksl5003-20w-duvar-aplik-beyaz"
"product_id=6938","ksl5003-20w-duvar-aplik-beyaz"
"product_id=6939","ksl5003-20w-duvar-aplik-günişiği"
"product_id=6939","ksl5003-20w-duvar-aplik-günişiği"
"product_id=6940","ksl5004-20w-duvar-aplik-ararenk"
"product_id=6940","ksl5004-20w-duvar-aplik-ararenk"
"product_id=6941","ksl5004-20w-duvar-aplik-beyaz"
"product_id=6941","ksl5004-20w-duvar-aplik-beyaz"
"product_id=6942","ksl5004-20w-duvar-aplik-günişiği"
"product_id=6942","ksl5004-20w-duvar-aplik-günişiği"
"product_id=6943","ksl5005-15w-duvar-aplik-ararenk"
"product_id=6943","ksl5005-15w-duvar-aplik-ararenk"
"product_id=6944","ksl5005-15w-duvar-aplik-beyaz"
"product_id=6944","ksl5005-15w-duvar-aplik-beyaz"
"product_id=6945","ksl5005-15w-duvar-aplik-günişiği"
"product_id=6945","ksl5005-15w-duvar-aplik-günişiği"
"product_id=6946","ksl5006-8w-duvar-aplik-ararenk"
"product_id=6946","ksl5006-8w-duvar-aplik-ararenk"
"product_id=6947","ksl5006-8w-duvar-aplik-beyaz"
"product_id=6947","ksl5006-8w-duvar-aplik-beyaz"
"product_id=6948","ksl5006-8w-duvar-aplik-günişiği"
"product_id=6948","ksl5006-8w-duvar-aplik-günişiği"
"product_id=6949","ksl5007-15w-duvar-aplik-ararenk"
"product_id=6949","ksl5007-15w-duvar-aplik-ararenk"
"product_id=6950","ksl5007-15w-duvar-aplik-beyaz"
"product_id=6950","ksl5007-15w-duvar-aplik-beyaz"
"product_id=6951","ksl5007-15w-duvar-aplik-günişiği"
"product_id=6951","ksl5007-15w-duvar-aplik-günişiği"
"product_id=6952","ksl5008-15w-duvar-aplik-ararenk"
"product_id=6952","ksl5008-15w-duvar-aplik-ararenk"
"product_id=6953","ksl5008-15w-duvar-aplik-beyaz"
"product_id=6953","ksl5008-15w-duvar-aplik-beyaz"
"product_id=6954","ksl5008-15w-duvar-aplik-günişiği"
"product_id=6954","ksl5008-15w-duvar-aplik-günişiği"
"product_id=6955","ksl5009-10w-duvar-aplik-ararenk"
"product_id=6955","ksl5009-10w-duvar-aplik-ararenk"
"product_id=6956","ksl5009-10w-duvar-aplik-beyaz"
"product_id=6956","ksl5009-10w-duvar-aplik-beyaz"
"product_id=6957","ksl5009-10w-duvar-aplik-günişiği"
"product_id=6957","ksl5009-10w-duvar-aplik-günişiği"
"product_id=6979","ksl501-ip-20-modern-dekoratif-sarkit-armatür"
"product_id=6979","ksl501-ip-20-modern-dekoratif-sarkit-armatür"
"product_id=6958","ksl5010-25w-duvar-aplik-ararenk"
"product_id=6958","ksl5010-25w-duvar-aplik-ararenk"
"product_id=6959","ksl5010-25w-duvar-aplik-beyaz"
"product_id=6959","ksl5010-25w-duvar-aplik-beyaz"
"product_id=6960","ksl5010-25w-duvar-aplik-günişiği"
"product_id=6960","ksl5010-25w-duvar-aplik-günişiği"
"product_id=6961","ksl5011-20w-duvar-aplik-ararenk"
"product_id=6961","ksl5011-20w-duvar-aplik-ararenk"
"product_id=6962","ksl5011-20w-duvar-aplik-beyaz"
"product_id=6962","ksl5011-20w-duvar-aplik-beyaz"
"product_id=6963","ksl5011-20w-duvar-aplik-günişiği"
"product_id=6963","ksl5011-20w-duvar-aplik-günişiği"
"product_id=6964","ksl5012-15w-duvar-aplik-ararenk"
"product_id=6964","ksl5012-15w-duvar-aplik-ararenk"
"product_id=6965","ksl5012-15w-duvar-aplik-beyaz"
"product_id=6965","ksl5012-15w-duvar-aplik-beyaz"
"product_id=6966","ksl5012-15w-duvar-aplik-günişiği"
"product_id=6966","ksl5012-15w-duvar-aplik-günişiği"
"product_id=6967","ksl5013-20w-duvar-aplik-ararenk"
"product_id=6967","ksl5013-20w-duvar-aplik-ararenk"
"product_id=6968","ksl5013-20w-duvar-aplik-beyaz"
"product_id=6968","ksl5013-20w-duvar-aplik-beyaz"
"product_id=6969","ksl5013-20w-duvar-aplik-günişiği"
"product_id=6969","ksl5013-20w-duvar-aplik-günişiği"
"product_id=6970","ksl5014-20w-duvar-aplik-ararenk"
"product_id=6970","ksl5014-20w-duvar-aplik-ararenk"
"product_id=6971","ksl5014-20w-duvar-aplik-beyaz"
"product_id=6971","ksl5014-20w-duvar-aplik-beyaz"
"product_id=6972","ksl5014-20w-duvar-aplik-günişiği"
"product_id=6972","ksl5014-20w-duvar-aplik-günişiği"
"product_id=6973","ksl5015-12w-duvar-aplik-ararenk"
"product_id=6973","ksl5015-12w-duvar-aplik-ararenk"
"product_id=6974","ksl5015-12w-duvar-aplik-beyaz"
"product_id=6974","ksl5015-12w-duvar-aplik-beyaz"
"product_id=6975","ksl5015-12w-duvar-aplik-günişiği"
"product_id=6975","ksl5015-12w-duvar-aplik-günişiği"
"product_id=6976","ksl5016-14w-duvar-aplik-ararenk"
"product_id=6976","ksl5016-14w-duvar-aplik-ararenk"
"product_id=6977","ksl5016-14w-duvar-aplik-beyaz"
"product_id=6977","ksl5016-14w-duvar-aplik-beyaz"
"product_id=6978","ksl5016-14w-duvar-aplik-günişiği"
"product_id=6978","ksl5016-14w-duvar-aplik-günişiği"
"product_id=6980","ksl502-ip-20-modern-dekoratif-sarkit-armatür"
"product_id=6980","ksl502-ip-20-modern-dekoratif-sarkit-armatür"
"product_id=6981","ksl503-ip-20-modern-dekoratif-sarkit-armatür"
"product_id=6981","ksl503-ip-20-modern-dekoratif-sarkit-armatür"
"product_id=6982","ksl504-ip-20-modern-dekoratif-sarkit-armatür"
"product_id=6982","ksl504-ip-20-modern-dekoratif-sarkit-armatür"
"product_id=6983","ksl505-ip-20-modern-dekoratif-sarkit-armatür"
"product_id=6983","ksl505-ip-20-modern-dekoratif-sarkit-armatür"
"product_id=6984","ksl506-ip-20-modern-dekoratif-sarkit-armatür"
"product_id=6984","ksl506-ip-20-modern-dekoratif-sarkit-armatür"
"product_id=6985","ksl507-ip-20-modern-dekoratif-sarkit-armatür"
"product_id=6985","ksl507-ip-20-modern-dekoratif-sarkit-armatür"
"product_id=6986","ksl508-ip-20-modern-dekoratif-sarkit-armatür"
"product_id=6986","ksl508-ip-20-modern-dekoratif-sarkit-armatür"
"product_id=6987","ksl509-ip-20-modern-dekoratif-sarkit-armatür"
"product_id=6987","ksl509-ip-20-modern-dekoratif-sarkit-armatür"
"product_id=6988","ksl510-ip-20-modern-dekoratif-sarkit-armatür"
"product_id=6988","ksl510-ip-20-modern-dekoratif-sarkit-armatür"
"product_id=6989","ksl511-ip-20-modern-dekoratif-sarkit-armatür"
"product_id=6989","ksl511-ip-20-modern-dekoratif-sarkit-armatür"
"product_id=6990","ksl512-ip-20-modern-dekoratif-sarkit-armatür"
"product_id=6990","ksl512-ip-20-modern-dekoratif-sarkit-armatür"
"product_id=6991","ksl513-ip-20-modern-dekoratif-sarkit-armatür"
"product_id=6991","ksl513-ip-20-modern-dekoratif-sarkit-armatür"
"product_id=6992","ksl514-ip-20-modern-dekoratif-sarkit-armatür"
"product_id=6992","ksl514-ip-20-modern-dekoratif-sarkit-armatür"
"product_id=6993","ksl515-ip-20-modern-dekoratif-sarkit-armatür"
"product_id=6993","ksl515-ip-20-modern-dekoratif-sarkit-armatür"
"product_id=6994","ksl516-ip-20-modern-dekoratif-sarkit-armatür"
"product_id=6994","ksl516-ip-20-modern-dekoratif-sarkit-armatür"
"product_id=6995","ksl517-ip-20-modern-dekoratif-sarkit-armatür"
"product_id=6995","ksl517-ip-20-modern-dekoratif-sarkit-armatür"
"product_id=6996","ksl518-ip-20-modern-dekoratif-sarkit-armatür"
"product_id=6996","ksl518-ip-20-modern-dekoratif-sarkit-armatür"
"product_id=6997","ksl519-ip-20-modern-dekoratif-sarkit-armatür"
"product_id=6997","ksl519-ip-20-modern-dekoratif-sarkit-armatür"
"product_id=6998","ksl520-ip-20-modern-dekoratif-sarkit-armatür"
"product_id=6998","ksl520-ip-20-modern-dekoratif-sarkit-armatür"
"product_id=6999","ksl521-ip-20-modern-dekoratif-sarkit-armatür"
"product_id=6999","ksl521-ip-20-modern-dekoratif-sarkit-armatür"
"product_id=7000","ksl522-ip-20-modern-dekoratif-sarkit-armatür"
"product_id=7000","ksl522-ip-20-modern-dekoratif-sarkit-armatür"
"product_id=7001","ksl523-ip-20-modern-dekoratif-sarkit-armatür"
"product_id=7001","ksl523-ip-20-modern-dekoratif-sarkit-armatür"
"product_id=7002","ksl524-ip-20-modern-dekoratif-sarkit-armatür"
"product_id=7002","ksl524-ip-20-modern-dekoratif-sarkit-armatür"
"product_id=7003","ksl525-ip-20-modern-dekoratif-sarkit-armatür"
"product_id=7003","ksl525-ip-20-modern-dekoratif-sarkit-armatür"
"product_id=7004","ksl526-ip-20-modern-dekoratif-sarkit-armatür"
"product_id=7004","ksl526-ip-20-modern-dekoratif-sarkit-armatür"
"product_id=7005","ksl527-ip-20-modern-dekoratif-sarkit-armatür"
"product_id=7005","ksl527-ip-20-modern-dekoratif-sarkit-armatür"
"product_id=7006","ksl528-ip-20-modern-dekoratif-sarkit-armatür"
"product_id=7006","ksl528-ip-20-modern-dekoratif-sarkit-armatür"
"product_id=7007","ksl529-ip-20-modern-dekoratif-sarkit-armatür"
"product_id=7007","ksl529-ip-20-modern-dekoratif-sarkit-armatür"
"product_id=7008","ksl530-ip-20-modern-dekoratif-sarkit-armatür"
"product_id=7008","ksl530-ip-20-modern-dekoratif-sarkit-armatür"
"product_id=7009","ksl531-ip-20-modern-dekoratif-sarkit-armatür"
"product_id=7009","ksl531-ip-20-modern-dekoratif-sarkit-armatür"
"product_id=7010","ksl532-ip-20-modern-dekoratif-sarkit-armatür"
"product_id=7010","ksl532-ip-20-modern-dekoratif-sarkit-armatür"
"product_id=7011","ksl533-ip-20-modern-dekoratif-sarkit-armatür"
"product_id=7011","ksl533-ip-20-modern-dekoratif-sarkit-armatür"
"product_id=7012","ksl534-ip-20-modern-dekoratif-sarkit-armatür"
"product_id=7012","ksl534-ip-20-modern-dekoratif-sarkit-armatür"
"product_id=7013","ksl535-ip-20-modern-dekoratif-sarkit-armatür"
"product_id=7013","ksl535-ip-20-modern-dekoratif-sarkit-armatür"
"product_id=7014","ksl536-ip-20-modern-dekoratif-sarkit-armatür"
"product_id=7014","ksl536-ip-20-modern-dekoratif-sarkit-armatür"
"product_id=7015","ksl537-ip-20-modern-dekoratif-sarkit-armatür"
"product_id=7015","ksl537-ip-20-modern-dekoratif-sarkit-armatür"
"product_id=7016","ksl538-ip-20-modern-dekoratif-sarkit-armatür"
"product_id=7016","ksl538-ip-20-modern-dekoratif-sarkit-armatür"
"product_id=7017","ksl539-ip-20-modern-dekoratif-sarkit-armatür"
"product_id=7017","ksl539-ip-20-modern-dekoratif-sarkit-armatür"
"product_id=7018","ksl540-ip-20-modern-dekoratif-sarkit-armatür"
"product_id=7018","ksl540-ip-20-modern-dekoratif-sarkit-armatür"
"product_id=7019","ksl541-ip-20-modern-dekoratif-sarkit-armatür"
"product_id=7019","ksl541-ip-20-modern-dekoratif-sarkit-armatür"
"product_id=7020","ksl6001-20w-dekoratif-sarkit-linear-ararenk"
"product_id=7020","ksl6001-20w-dekoratif-sarkit-linear-ararenk"
"product_id=7021","ksl6001-20w-dekoratif-sarkit-linear-beyaz"
"product_id=7021","ksl6001-20w-dekoratif-sarkit-linear-beyaz"
"product_id=7022","ksl6001-20w-dekoratif-sarkit-linear-günişiği"
"product_id=7022","ksl6001-20w-dekoratif-sarkit-linear-günişiği"
"product_id=7221","ksl6002-30w-dekoratif-sarkit-linear-ararenk"
"product_id=7221","ksl6002-30w-dekoratif-sarkit-linear-ararenk"
"product_id=7222","ksl6002-30w-dekoratif-sarkit-linear-beyaz"
"product_id=7222","ksl6002-30w-dekoratif-sarkit-linear-beyaz"
"product_id=7223","ksl6002-30w-dekoratif-sarkit-linear-günişiği"
"product_id=7223","ksl6002-30w-dekoratif-sarkit-linear-günişiği"
"product_id=7023","ksl6002-40w-dekoratif-sarkit-linear-ararenk"
"product_id=7023","ksl6002-40w-dekoratif-sarkit-linear-ararenk"
"product_id=7024","ksl6002-40w-dekoratif-sarkit-linear-beyaz"
"product_id=7024","ksl6002-40w-dekoratif-sarkit-linear-beyaz"
"product_id=7025","ksl6002-40w-dekoratif-sarkit-linear-günişiği"
"product_id=7025","ksl6002-40w-dekoratif-sarkit-linear-günişiği"
"product_id=7026","ksl6003-65w-dekoratif-sarkit-linear-ararenk"
"product_id=7026","ksl6003-65w-dekoratif-sarkit-linear-ararenk"
"product_id=7027","ksl6003-65w-dekoratif-sarkit-linear-beyaz"
"product_id=7027","ksl6003-65w-dekoratif-sarkit-linear-beyaz"
"product_id=7028","ksl6003-65w-dekoratif-sarkit-linear-günişiği"
"product_id=7028","ksl6003-65w-dekoratif-sarkit-linear-günişiği"
"product_id=7029","ksl6004-100w-dekoratif-sarkit-linear-ararenk"
"product_id=7029","ksl6004-100w-dekoratif-sarkit-linear-ararenk"
"product_id=7030","ksl6004-100w-dekoratif-sarkit-linear-beyaz"
"product_id=7030","ksl6004-100w-dekoratif-sarkit-linear-beyaz"
"product_id=7031","ksl6004-100w-dekoratif-sarkit-linear-günişiği"
"product_id=7031","ksl6004-100w-dekoratif-sarkit-linear-günişiği"
"product_id=7032","ksl6005-50w-dekoratif-sarkit-linear-ararenk"
"product_id=7032","ksl6005-50w-dekoratif-sarkit-linear-ararenk"
"product_id=7033","ksl6005-50w-dekoratif-sarkit-linear-beyaz"
"product_id=7033","ksl6005-50w-dekoratif-sarkit-linear-beyaz"
"product_id=7034","ksl6005-50w-dekoratif-sarkit-linear-günişiği"
"product_id=7034","ksl6005-50w-dekoratif-sarkit-linear-günişiği"
"product_id=7035","ksl6006-60w-dekoratif-sarkit-linear-ararenk"
"product_id=7035","ksl6006-60w-dekoratif-sarkit-linear-ararenk"
"product_id=7036","ksl6006-60w-dekoratif-sarkit-linear-beyaz"
"product_id=7036","ksl6006-60w-dekoratif-sarkit-linear-beyaz"
"product_id=7037","ksl6006-60w-dekoratif-sarkit-linear-günişiği"
"product_id=7037","ksl6006-60w-dekoratif-sarkit-linear-günişiği"
"product_id=7044","ksl6007-45w-dekoratif-sarkit-linear-ararenk"
"product_id=7044","ksl6007-45w-dekoratif-sarkit-linear-ararenk"
"product_id=7045","ksl6007-45w-dekoratif-sarkit-linear-beyaz"
"product_id=7045","ksl6007-45w-dekoratif-sarkit-linear-beyaz"
"product_id=7046","ksl6007-45w-dekoratif-sarkit-linear-günişiği"
"product_id=7046","ksl6007-45w-dekoratif-sarkit-linear-günişiği"
"product_id=7224","ksl6008-75w-dekoratif-sarkit-linear-ararenk"
"product_id=7224","ksl6008-75w-dekoratif-sarkit-linear-ararenk"
"product_id=7225","ksl6008-75w-dekoratif-sarkit-linear-beyaz"
"product_id=7225","ksl6008-75w-dekoratif-sarkit-linear-beyaz"
"product_id=7226","ksl6008-75w-dekoratif-sarkit-linear-günişiği"
"product_id=7226","ksl6008-75w-dekoratif-sarkit-linear-günişiği"
"product_id=7050","ksl6009-60w-dekoratif-sarkit-linear-ararenk"
"product_id=7050","ksl6009-60w-dekoratif-sarkit-linear-ararenk"
"product_id=7051","ksl6009-60w-dekoratif-sarkit-linear-beyaz"
"product_id=7051","ksl6009-60w-dekoratif-sarkit-linear-beyaz"
"product_id=7052","ksl6009-60w-dekoratif-sarkit-linear-günişiği"
"product_id=7052","ksl6009-60w-dekoratif-sarkit-linear-günişiği"
"product_id=7053","ksl6009-70w-dekoratif-sarkit-linear-ararenk"
"product_id=7053","ksl6009-70w-dekoratif-sarkit-linear-ararenk"
"product_id=7054","ksl6009-70w-dekoratif-sarkit-linear-beyaz"
"product_id=7054","ksl6009-70w-dekoratif-sarkit-linear-beyaz"
"product_id=7055","ksl6009-70w-dekoratif-sarkit-linear-günişiği"
"product_id=7055","ksl6009-70w-dekoratif-sarkit-linear-günişiği"
"product_id=7056","ksl6010-40w-dekoratif-sarkit-linear-ararenk"
"product_id=7056","ksl6010-40w-dekoratif-sarkit-linear-ararenk"
"product_id=7057","ksl6010-40w-dekoratif-sarkit-linear-beyaz"
"product_id=7057","ksl6010-40w-dekoratif-sarkit-linear-beyaz"
"product_id=7058","ksl6010-40w-dekoratif-sarkit-linear-günişiği"
"product_id=7058","ksl6010-40w-dekoratif-sarkit-linear-günişiği"
"product_id=7059","ksl6010-45w-dekoratif-sarkit-linear-ararenk"
"product_id=7059","ksl6010-45w-dekoratif-sarkit-linear-ararenk"
"product_id=7060","ksl6010-45w-dekoratif-sarkit-linear-beyaz"
"product_id=7060","ksl6010-45w-dekoratif-sarkit-linear-beyaz"
"product_id=7061","ksl6010-45w-dekoratif-sarkit-linear-günişiği"
"product_id=7061","ksl6010-45w-dekoratif-sarkit-linear-günişiği"
"product_id=7062","ksl6011-40w-dekoratif-sarkit-linear-ararenk"
"product_id=7062","ksl6011-40w-dekoratif-sarkit-linear-ararenk"
"product_id=7063","ksl6011-40w-dekoratif-sarkit-linear-beyaz"
"product_id=7063","ksl6011-40w-dekoratif-sarkit-linear-beyaz"
"product_id=7064","ksl6011-40w-dekoratif-sarkit-linear-günişiği"
"product_id=7064","ksl6011-40w-dekoratif-sarkit-linear-günişiği"
"product_id=7065","ksl6011-75w-dekoratif-sarkit-linear-ararenk"
"product_id=7065","ksl6011-75w-dekoratif-sarkit-linear-ararenk"
"product_id=7066","ksl6011-75w-dekoratif-sarkit-linear-beyaz"
"product_id=7066","ksl6011-75w-dekoratif-sarkit-linear-beyaz"
"product_id=7067","ksl6011-75w-dekoratif-sarkit-linear-günişiği"
"product_id=7067","ksl6011-75w-dekoratif-sarkit-linear-günişiği"
"product_id=7068","ksl6012-60w-dekoratif-sarkit-linear-ararenk"
"product_id=7068","ksl6012-60w-dekoratif-sarkit-linear-ararenk"
"product_id=7069","ksl6012-60w-dekoratif-sarkit-linear-beyaz"
"product_id=7069","ksl6012-60w-dekoratif-sarkit-linear-beyaz"
"product_id=7070","ksl6012-60w-dekoratif-sarkit-linear-günişiği"
"product_id=7070","ksl6012-60w-dekoratif-sarkit-linear-günişiği"
"product_id=7872","ksl65a-ø80-65w-hexagon-linear-fixture-with-lens"
"product_id=7872","ksl65a-ø80-65w-high-mercekli-altigen-linear"
"product_id=7873","ksl65k-65x65-85w-high-kare-mercekli-linear"
"product_id=7873","ksl65k-65x65-85w-square-linear-fixture-with-lens"
"product_id=7874","ksl65sf-ø80-30w-hexagon-linear-fixture-with-lens"
"product_id=7874","ksl65sf-ø80-30w-high-mercekli-altigen-soft-linear"
"product_id=7071","ksl7001-50w-dekoratif-lambader-ararenk"
"product_id=7071","ksl7001-50w-dekoratif-lambader-ararenk"
"product_id=7072","ksl7001-50w-dekoratif-lambader-beyaz"
"product_id=7072","ksl7001-50w-dekoratif-lambader-beyaz"
"product_id=7073","ksl7001-50w-dekoratif-lambader-günişiği"
"product_id=7073","ksl7001-50w-dekoratif-lambader-günişiği"
"product_id=7074","ksl7002-40w-dekoratif-lambader-ararenk"
"product_id=7074","ksl7002-40w-dekoratif-lambader-ararenk"
"product_id=7075","ksl7002-40w-dekoratif-lambader-beyaz"
"product_id=7075","ksl7002-40w-dekoratif-lambader-beyaz"
"product_id=7076","ksl7002-40w-dekoratif-lambader-günişiği"
"product_id=7076","ksl7002-40w-dekoratif-lambader-günişiği"
"product_id=7077","ksl7003-40w-dekoratif-lambader-ararenk"
"product_id=7077","ksl7003-40w-dekoratif-lambader-ararenk"
"product_id=7078","ksl7003-40w-dekoratif-lambader-beyaz"
"product_id=7078","ksl7003-40w-dekoratif-lambader-beyaz"
"product_id=7079","ksl7003-40w-dekoratif-lambader-günişiği"
"product_id=7079","ksl7003-40w-dekoratif-lambader-günişiği"
"product_id=7080","ksl7004-20w-dekoratif-lambader-ararenk"
"product_id=7080","ksl7004-20w-dekoratif-lambader-ararenk"
"product_id=7081","ksl7004-20w-dekoratif-lambader-beyaz"
"product_id=7081","ksl7004-20w-dekoratif-lambader-beyaz"
"product_id=7082","ksl7004-20w-dekoratif-lambader-günişiği"
"product_id=7082","ksl7004-20w-dekoratif-lambader-günişiği"
"product_id=7083","ksl7005-55w-dekoratif-lambader-ararenk"
"product_id=7083","ksl7005-55w-dekoratif-lambader-ararenk"
"product_id=7084","ksl7005-55w-dekoratif-lambader-beyaz"
"product_id=7084","ksl7005-55w-dekoratif-lambader-beyaz"
"product_id=7085","ksl7005-55w-dekoratif-lambader-günişiği"
"product_id=7085","ksl7005-55w-dekoratif-lambader-günişiği"
"product_id=7086","ksl7050-dekoratif-lambader-rgb"
"product_id=7086","ksl7050-dekoratif-lambader-rgb"
"product_id=7087","ksl7051-dekoratif-lambader-pixel-rgb"
"product_id=7087","ksl7051-dekoratif-lambader-pixel-rgb"
"product_id=7088","ksl7052-dekoratif-lambader-tek-renk"
"product_id=7088","ksl7052-dekoratif-lambader-tek-renk"
"product_id=7983","ksl900-cct-çift-renk-spot"
"product_id=7983","ksl900-cct-double-color-spot"
"product_id=7878","kslcy2801-30x50x70-165w-round-saturn-linear-fixtures-double-side"
"product_id=7878","kslcy2801-30x50x70-165w-yuvarlak-saturn-çift-yönlü-linear"
"product_id=7879","kslcy2802-40x60x80-200w-round-saturn-linear-fixtures-double-side"
"product_id=7879","kslcy2802-40x60x80-200w-yuvarlak-saturn-çift-yönlü-linear"
"product_id=7880","kslcy2803-50x70x90-235w-round-saturn-linear-fixtures-double-side"
"product_id=7880","kslcy2803-50x70x90-235w-yuvarlak-saturn-çift-yönlü-linear"
"product_id=7881","kslcy2804-60x80x100-270w-round-saturn-linear-fixtures-double-side"
"product_id=7881","kslcy2804-60x80x100-270w-yuvarlak-saturn-çift-yönlü-linear"
"product_id=7882","kslcy2805-70x90x110-300w-round-saturn-linear-fixtures-double-side"
"product_id=7882","kslcy2805-70x90x110-300w-yuvarlak-saturn-çift-yönlü-linear"
"product_id=7883","kslcy2806-80x100x120-335w-round-saturn-linear-fixtures-double-side"
"product_id=7883","kslcy2806-80x100x120-335w-yuvarlak-saturn-çift-yönlü-linear"
"product_id=7953","kslcy2820-30x50x70-210w-kare-saturn-çift-yönlü-linear"
"product_id=7953","kslcy2820-30x50x70-210w-square-saturn-linear-fixtures-double-side"
"product_id=7954","kslcy2821-40x60x80-250w-kare-saturn-çift-yönlü-linear"
"product_id=7954","kslcy2821-40x60x80-250w-square-saturn-linear-fixtures-double-side"
"product_id=7955","kslcy2822-50x70x90-315w-kare-saturn-çift-yönlü-linear"
"product_id=7955","kslcy2822-50x70x90-315w-square-saturn-linear-fixtures-double-side"
"product_id=7956","kslcy2823-60x80x100-345w-kare-saturn-çift-yönlü-linear"
"product_id=7956","kslcy2823-60x80x100-345w-square-saturn-linear-fixtures-double-side"
"product_id=7957","kslcy2824-70x90x110-380w-kare-saturn-çift-yönlü-linear"
"product_id=7957","kslcy2824-70x90x110-380w-square-saturn-linear-fixtures-double-side"
"product_id=8076","ksm101-decorative-smart-magnet-fixture"
"product_id=8076","ksm101-dekoratif-sensörlü-akilli-magnet-aplik"
"product_id=8077","ksm102-decorative-smart-magnet-fixture"
"product_id=8077","ksm102-dekoratif-sensörlü-akilli-magnet-aplik"
"product_id=8075","ksm103-rechargeable-plastic-cabin-lighting"
"product_id=8075","ksm103-şarj-edilebilir-plastik-kabin-aydinlatmasi"
"product_id=8078","ksm104-çift-yönlü-kumandali-dokunmatik-magnet-aplik"
"product_id=8078","ksm104-double-sided-controlled-touch-magnet-fixture"
"product_id=8079","ksm105-çift-yönlü-kumandali-dokunmatik-magnet-aplik"
"product_id=8079","ksm105-double-sided-controlled-touch-magnet-fixture"
"product_id=8095","ksm106-rgb-dokunmatik-masa-lambasi"
"product_id=8095","ksm106-rgb-touch-table-lamp"
"product_id=8080","ksm107-çift-yönlü-kumandali-dokunmatik-magnet-aplik"
"product_id=8080","ksm107-double-sided-controlled-touch-magnet-fixture"
"product_id=7927","ksp100-15w-banyo-duvar-baca-aspiratörü"
"product_id=7927","ksp100-15w-bathroom-fans"
"product_id=5371","ksp100-q100-15w-aspirator"
"product_id=5372","ksp120-q120-20w-aspirator"
"product_id=5372","ksp120-q120-20w-aspirator"
"product_id=5373","ksp150-q150-25w-aspirator"
"product_id=5373","ksp150-q150-25w-aspirator"
"product_id=7573","ksp200-3840w-akilli-priz"
"product_id=7573","ksp200-3840w-akilli-priz"
"product_id=7574","ksp201-3840w-akilli-priz-üçlü"
"product_id=7574","ksp201-3840w-akilli-priz-üçlü"
"product_id=7649","ksr100-akilli-kumanda-kutusu"
"product_id=7649","ksr100-akilli-kumanda-kutusu"
"product_id=8113","kss001-matrix-panel-led-rgb"
"product_id=8113","kss001-matrix-panel-led-rgb"
"product_id=7575","kss100-100-240v-1100w-akilli-switch"
"product_id=7575","kss100-100-240v-1100w-akilli-switch"
"product_id=5374","kst100-cob-led-sokak-arm-30w-beyaz"
"product_id=5375","kst100-cob-led-sokak-arm-30w-günışığı"
"product_id=5376","kst102-cob-led-sokak-arm-2*40w-beyaz"
"product_id=5377","kst102-cob-led-sokak-arm-2*40w-günışığı"
"product_id=5378","kst200-cob-led-sokak-arm-70w-beyaz"
"product_id=5379","kst200-cob-led-sokak-arm-70w-günışığı"
"product_id=5380","kst202-cob-led-sokak-arm-2*50w-beyaz"
"product_id=5380","kst202-cob-led-sokak-arm-2*50w-beyaz"
"product_id=5381","kst202-cob-led-sokak-arm-2*50w-günişiği"
"product_id=5381","kst202-cob-led-sokak-arm-2*50w-günişiği"
"product_id=7351","kst203-cob-led-sokak-arm-100w-günişiği"
"product_id=7351","kst203-cob-led-sokak-arm-100w-günişiği"
"product_id=7352","kst204-cob-led-sokak-arm-150w-günişiği"
"product_id=7352","kst204-cob-led-sokak-arm-150w-günişiği"
"product_id=5382","kst206-cob-led-smd-sok-arm-30w-beyaz"
"product_id=5382","kst206-cob-led-smd-sok-arm-30w-beyaz"
"product_id=5383","kst207-50w-led-street-lights"
"product_id=5383","kst207-50w-ledli-sokak-armatürü-lensli"
"product_id=7841","kst208-100w-led-street-lights"
"product_id=7841","kst208-100w-ledli-sokak-armatürü-lensli"
"product_id=5384","kst208-cob-led-smd-sok-arm-100w-beyaz"
"product_id=5384","kst208-cob-led-smd-sok-arm-100w-beyaz"
"product_id=7842","kst209-150w-led-street-lights"
"product_id=7842","kst209-150w-ledli-sokak-armatürü-lensli"
"product_id=5385","kst210-solar-sensörlü-sokak-arm-20w-beyaz"
"product_id=5386","kst211-solar-sensörlü-sokak-arm-40w-beyaz"
"product_id=5387","kst212-solar-sensörlü-sokak-arm-60w-beyaz"
"product_id=5388","kst213-solar-sensörlü-sokak-arm-80w-beyaz"
"product_id=8018","kst214-200w-led-street-lamp-with-lens"
"product_id=8018","kst214-200w-ledli-sokak-armatürü-lensli"
"product_id=7843","kst220-50w-çiğdem-solar-sokak-armatürü"
"product_id=7843","kst220-50w-solar-led-street-light"
"product_id=7844","kst221-100w-çiğdem-solar-sokak-armatürü"
"product_id=7844","kst221-100w-solar-led-street-light"
"product_id=7845","kst226-30w-anzer-solar-konsollu-duvar-armatürü"
"product_id=7845","kst226-30w-solar-street-light"
"product_id=7846","kst227-200w-çambași-solar-park-bahçe-armatürü"
"product_id=7846","kst227-200w-solar-led-street-lights"
"product_id=7847","kst228-300w-çambași-solar-park-bahçe-armatürü"
"product_id=7847","kst228-300w-solar-led-street-lights"
"product_id=7848","kst230-600w-solar-led-street-lights"
"product_id=7848","kst230-600w-sümela-solar-sokak-armatürü"
"product_id=7849","kst231-800w-solar-led-street-lights"
"product_id=7849","kst231-800w-sümela-solar-sokak-armatürü"
"product_id=7850","kst232-1000w-solar-led-street-lights"
"product_id=7850","kst232-1000w-sümela-solar-sokak-armatürü"
"product_id=7851","kst233-1200w-solar-led-street-lights"
"product_id=7851","kst233-1200w-sümela-solar-sokak-armatürü"
"product_id=7852","kst240-150w-karagöl-solar-sokak-armatürü"
"product_id=7852","kst240-150w-solar-led-street-light"
"product_id=7853","kst241-250w-karagöl-solar-sokak-armatürü"
"product_id=7853","kst241-250w-solar-led-street-light"
"product_id=7854","kst242-350w-karagöl-solar-sokak-armatürü"
"product_id=7854","kst242-350w-solar-led-street-light"
"product_id=7855","kst243-450w-karagöl-solar-sokak-armatürü"
"product_id=7855","kst243-450w-solar-led-street-light"
"product_id=7353","kst300-karayel-50w-solar-projektör-siyah"
"product_id=7353","kst300-karayel-50w-solar-projektör-siyah"
"product_id=7576","kst301-karayel-100w-solar-projektör-siyah"
"product_id=7576","kst301-karayel-100w-solar-projektör-siyah"
"product_id=7354","kst302-karayel-150w-solar-projektör-siyah"
"product_id=7354","kst302-karayel-150w-solar-projektör-siyah"
"product_id=7577","kst303-samyeli-100w-solar-projektör-beyaz"
"product_id=7577","kst303-samyeli-100w-solar-projektör-beyaz"
"product_id=7578","kst304-samyeli-200w-solar-projektör-beyaz"
"product_id=7578","kst304-samyeli-200w-solar-projektör-beyaz"
"product_id=7355","kst305-samyeli-300w-solar-projektör-beyaz"
"product_id=7355","kst305-samyeli-300w-solar-projektör-beyaz"
"product_id=7734","kst306-150w-karayel-solar-projektör"
"product_id=7734","kst306-150w-solar-led-flood-light"
"product_id=8070","kst310-solar-diş-mekan-armatür"
"product_id=8070","kst310-solar-led-flood-lights"
"product_id=8071","kst311-solar-led-diş-mekan-armatür"
"product_id=8071","kst311-solar-led-flood-lights"
"product_id=5389","kst4060-60w-led-sokak-armatürü-ararenk"
"product_id=5390","kst4060-60w-led-sokak-armatürü-beyaz"
"product_id=5391","kst4060-60w-led-sokak-armatürü-günışığı"
"product_id=5392","kst4100-35*35-power-led-sok-arm-100w-beyaz"
"product_id=5393","kst4150-cob-led-sokak-arm-150w-beyaz"
"product_id=5394","kst4200-200w-sokak-armatürü"
"product_id=5395","kst500-cob-led-pendante-arm-30w-beyaz"
"product_id=5396","kst500-cob-led-pendante-arm-30w-günışığı"
"product_id=5397","kst510-ledli-pendante-arm-100w-beyaz"
"product_id=5397","kst510-ledli-pendante-arm-100w-beyaz"
"product_id=5398","kst511-ledli-pendante-arm-150w-beyaz"
"product_id=5398","kst511-ledli-pendante-arm-150w-beyaz"
"product_id=5399","kst512-ledli-pendante-arm-200w-beyaz"
"product_id=5399","kst512-ledli-pendante-arm-200w-beyaz"
"product_id=5400","kt287a-priz-tipi-mekanik-zaman-saati"
"product_id=5400","kt287a-priz-tipi-mekanik-zaman-saati"
"product_id=5401","kt293-otomat-tipi-mekanik-zaman-saati"
"product_id=5401","kt293-otomat-tipi-mekanik-zaman-saati"
"product_id=8032","kt294-25a-aydinlatma-kontaktörü"
"product_id=8032","kt294-25a-lighting-contactor"
"product_id=7089","kta200-smd-ledli-tezgah-alti-müzik-çalar-gri"
"product_id=7089","kta200-smd-ledli-tezgah-alti-müzik-çalar-gri"
"product_id=7090","kta201-smd-ledli-tezgah-alti-müzik-çalar-beyaz"
"product_id=7090","kta201-smd-ledli-tezgah-alti-müzik-çalar-beyaz"
"product_id=7091","kta210-smd-ledli-tezgah-alti-armatür-beyaz"
"product_id=7091","kta210-smd-ledli-tezgah-alti-armatür-beyaz"
"product_id=7092","kta211-smd-ledli-tezgah-alti-armatür-gri"
"product_id=7092","kta211-smd-ledli-tezgah-alti-armatür-gri"
"product_id=7356","ktl105-5w-cob-ledli-rayli-spot"
"product_id=7356","ktl105-5w-cob-ledli-rayli-spot"
"product_id=5402","ktl107-5w-cob-ledli-rayli-spot"
"product_id=7357","ktl110-trakinglight-30w-günişiği"
"product_id=7357","ktl110-trakinglight-30w-günişiği"
"product_id=7358","ktl112-trakinglight-30w-günişiği"
"product_id=7358","ktl112-trakinglight-30w-günişiği"
"product_id=7359","ktl122-trakinglight-20w-beyaz"
"product_id=7359","ktl122-trakinglight-20w-beyaz"
"product_id=7360","ktl131-trakinglight-30w-beyaz"
"product_id=7360","ktl131-trakinglight-30w-beyaz"
"product_id=7361","ktl132-trakinglight-20w-günişiği"
"product_id=7361","ktl132-trakinglight-20w-günişiği"
"product_id=5403","ktl135-trakinglight-20w-beyaz"
"product_id=5404","ktl135-trakinglight-20w-günışığı"
"product_id=5405","ktl136-trakinglight-30w-beyaz"
"product_id=5406","ktl136-trakinglight-30w-günışığı"
"product_id=8068","ktl138-led-ray-spot"
"product_id=8068","ktl138-led-tray-spot"
"product_id=5407","ktl139-trakinglight-30w-beyaz"
"product_id=5408","ktl139-trakinglight-30w-günışığı"
"product_id=7093","ktl142-trakinglight-30w-beyaz-1"
"product_id=7093","ktl142-trakinglight-30w-beyaz-1"
"product_id=7094","ktl142-trakinglight-30w-günişiği-1"
"product_id=7094","ktl142-trakinglight-30w-günişiği-1"
"product_id=7095","ktl143-trakinglight-30w-siyah-kasa-beyaz-1"
"product_id=7095","ktl143-trakinglight-30w-siyah-kasa-beyaz-1"
"product_id=7096","ktl143-trakinglight-30w-siyah-kasa-günişiği-1"
"product_id=7096","ktl143-trakinglight-30w-siyah-kasa-günişiği-1"
"product_id=7097","ktl144-trakinglight-30w-beyaz-1"
"product_id=7097","ktl144-trakinglight-30w-beyaz-1"
"product_id=7098","ktl144-trakinglight-30w-günişiği-1"
"product_id=7098","ktl144-trakinglight-30w-günişiği-1"
"product_id=7099","ktl145-trakinglight-30w-siyah-kasa-beyaz-1"
"product_id=7099","ktl145-trakinglight-30w-siyah-kasa-beyaz-1"
"product_id=7100","ktl145-trakinglight-30w-siyah-kasa-günişiği-1"
"product_id=7100","ktl145-trakinglight-30w-siyah-kasa-günişiği-1"
"product_id=7101","ktl146-trakinglight-30w-beyaz-kasa*beyaz"
"product_id=7101","ktl146-trakinglight-30w-beyaz-kasa*beyaz"
"product_id=7102","ktl146-trakinglight-30w-beyaz-kasa*günişiği"
"product_id=7102","ktl146-trakinglight-30w-beyaz-kasa*günişiği"
"product_id=7103","ktl147-trakinglight-30w-siyah-kasa*beyaz"
"product_id=7103","ktl147-trakinglight-30w-siyah-kasa*beyaz"
"product_id=7104","ktl147-trakinglight-30w-siyah-kasa*g-işiği"
"product_id=7104","ktl147-trakinglight-30w-siyah-kasa*g-işiği"
"product_id=7105","ktl148-trakinglight-30w-beyaz-kasa*beyaz"
"product_id=7105","ktl148-trakinglight-30w-beyaz-kasa*beyaz"
"product_id=7106","ktl148-trakinglight-30w-beyaz-kasa*günişiği"
"product_id=7106","ktl148-trakinglight-30w-beyaz-kasa*günişiği"
"product_id=7107","ktl149-trakinglight-30w-siyah-kasa*beyaz"
"product_id=7107","ktl149-trakinglight-30w-siyah-kasa*beyaz"
"product_id=7108","ktl149-trakinglight-30w-siyah-kasa*günişiği"
"product_id=7108","ktl149-trakinglight-30w-siyah-kasa*günişiği"
"product_id=7233","ktl150-trakinglight-40w-siyah-3000k"
"product_id=7233","ktl150-trakinglight-40w-siyah-3000k"
"product_id=7234","ktl150-trakinglight-40w-siyah-4000k"
"product_id=7234","ktl150-trakinglight-40w-siyah-4000k"
"product_id=7235","ktl150-trakinglight-40w-siyah-6500k"
"product_id=7235","ktl150-trakinglight-40w-siyah-6500k"
"product_id=7236","ktl151-trakinglight-40w-beyaz-3000k"
"product_id=7236","ktl151-trakinglight-40w-beyaz-3000k"
"product_id=7237","ktl151-trakinglight-40w-beyaz-4000k"
"product_id=7237","ktl151-trakinglight-40w-beyaz-4000k"
"product_id=7238","ktl151-trakinglight-40w-beyaz-6500k"
"product_id=7238","ktl151-trakinglight-40w-beyaz-6500k"
"product_id=7239","ktl152-trakinglight-40w-siyah-3000k"
"product_id=7239","ktl152-trakinglight-40w-siyah-3000k"
"product_id=7240","ktl152-trakinglight-40w-siyah-4000k"
"product_id=7240","ktl152-trakinglight-40w-siyah-4000k"
"product_id=7241","ktl152-trakinglight-40w-siyah-6500k"
"product_id=7241","ktl152-trakinglight-40w-siyah-6500k"
"product_id=7242","ktl153-trakinglight-40w-beyaz-3000k"
"product_id=7242","ktl153-trakinglight-40w-beyaz-3000k"
"product_id=7243","ktl153-trakinglight-40w-beyaz-4000k"
"product_id=7243","ktl153-trakinglight-40w-beyaz-4000k"
"product_id=7244","ktl153-trakinglight-40w-beyaz-6500k"
"product_id=7244","ktl153-trakinglight-40w-beyaz-6500k"
"product_id=7245","ktl154-trakinglight-30w-siyah-3000k"
"product_id=7245","ktl154-trakinglight-30w-siyah-3000k"
"product_id=7246","ktl154-trakinglight-30w-siyah-4000k"
"product_id=7246","ktl154-trakinglight-30w-siyah-4000k"
"product_id=7247","ktl154-trakinglight-30w-siyah-6500k"
"product_id=7247","ktl154-trakinglight-30w-siyah-6500k"
"product_id=7248","ktl155-trakinglight-30w-beyaz-3000k"
"product_id=7248","ktl155-trakinglight-30w-beyaz-3000k"
"product_id=7250","ktl155-trakinglight-30w-beyaz-4000k"
"product_id=7250","ktl155-trakinglight-30w-beyaz-4000k"
"product_id=7249","ktl155-trakinglight-30w-beyaz-6500k"
"product_id=7249","ktl155-trakinglight-30w-beyaz-6500k"
"product_id=7251","ktl156-trakinglight-30w-siyah-3000k"
"product_id=7251","ktl156-trakinglight-30w-siyah-3000k"
"product_id=7252","ktl156-trakinglight-30w-siyah-4000k"
"product_id=7252","ktl156-trakinglight-30w-siyah-4000k"
"product_id=7253","ktl156-trakinglight-30w-siyah-6500k"
"product_id=7253","ktl156-trakinglight-30w-siyah-6500k"
"product_id=7254","ktl157-trakinglight-30w-beyaz-3000k"
"product_id=7254","ktl157-trakinglight-30w-beyaz-3000k"
"product_id=7256","ktl157-trakinglight-30w-beyaz-4000k"
"product_id=7256","ktl157-trakinglight-30w-beyaz-4000k"
"product_id=7255","ktl157-trakinglight-30w-beyaz-6500k"
"product_id=7255","ktl157-trakinglight-30w-beyaz-6500k"
"product_id=7902","ktl159-10w-magnet-fixture-with-diffuser"
"product_id=7902","ktl159-10w-ulubat-difüzörlü-magnet-armatür"
"product_id=7362","ktl160-ulubat-magnet-light-12w-siyah-kasa*ararenk"
"product_id=7362","ktl160-ulubat-magnet-light-12w-siyah-kasa*ararenk"
"product_id=7363","ktl160-ulubat-magnet-light-12w-siyah-kasa*beyaz"
"product_id=7363","ktl160-ulubat-magnet-light-12w-siyah-kasa*beyaz"
"product_id=7364","ktl160-ulubat-magnet-light-12w-siyah-kasa*günişiği"
"product_id=7364","ktl160-ulubat-magnet-light-12w-siyah-kasa*günişiği"
"product_id=7903","ktl160d-12w-magnet-fixture-with-diffuser"
"product_id=7903","ktl160d-12w-ulubat-difüzörlü-magnet-armatür"
"product_id=7579","ktl161-ulubat-magnet-light-24w-siyah-kasa*ararenk"
"product_id=7579","ktl161-ulubat-magnet-light-24w-siyah-kasa*ararenk"
"product_id=7580","ktl161-ulubat-magnet-light-24w-siyah-kasa*beyaz"
"product_id=7580","ktl161-ulubat-magnet-light-24w-siyah-kasa*beyaz"
"product_id=7581","ktl161-ulubat-magnet-light-24w-siyah-kasa*günişiği"
"product_id=7581","ktl161-ulubat-magnet-light-24w-siyah-kasa*günişiği"
"product_id=7582","ktl162-bafa-magnet-light-12w-siyah-kasa*ararenk"
"product_id=7582","ktl162-bafa-magnet-light-12w-siyah-kasa*ararenk"
"product_id=7583","ktl162-bafa-magnet-light-12w-siyah-kasa*beyaz"
"product_id=7583","ktl162-bafa-magnet-light-12w-siyah-kasa*beyaz"
"product_id=7584","ktl162-bafa-magnet-light-12w-siyah-kasa*günişiği"
"product_id=7584","ktl162-bafa-magnet-light-12w-siyah-kasa*günişiği"
"product_id=7585","ktl163-bafa-magnet-light-24w-siyah-kasa*ararenk"
"product_id=7585","ktl163-bafa-magnet-light-24w-siyah-kasa*ararenk"
"product_id=7586","ktl163-bafa-magnet-light-24w-siyah-kasa*beyaz"
"product_id=7586","ktl163-bafa-magnet-light-24w-siyah-kasa*beyaz"
"product_id=7587","ktl163-bafa-magnet-light-24w-siyah-kasa*günişiği"
"product_id=7587","ktl163-bafa-magnet-light-24w-siyah-kasa*günişiği"
"product_id=7588","ktl164-hazar-rayli-led-arm-8w-siyah-kasa*ararenk"
"product_id=7588","ktl164-hazar-rayli-led-arm-8w-siyah-kasa*ararenk"
"product_id=7589","ktl164-hazar-rayli-led-arm-8w-siyah-kasa*beyaz"
"product_id=7589","ktl164-hazar-rayli-led-arm-8w-siyah-kasa*beyaz"
"product_id=7590","ktl164-hazar-rayli-led-arm-8w-siyah-kasa*günişiği"
"product_id=7590","ktl164-hazar-rayli-led-arm-8w-siyah-kasa*günişiği"
"product_id=7733","ktl164d-6w-bafa-lensli-magnet-armatür"
"product_id=7733","ktl164d-6w-magnet-fixture-with-lens"
"product_id=7365","ktl165-hazar-rayli-led-arm-16w-siyah-kasa*ararenk"
"product_id=7365","ktl165-hazar-rayli-led-arm-16w-siyah-kasa*ararenk"
"product_id=7366","ktl165-hazar-rayli-led-arm-16w-siyah-kasa*beyaz"
"product_id=7366","ktl165-hazar-rayli-led-arm-16w-siyah-kasa*beyaz"
"product_id=7367","ktl165-hazar-rayli-led-arm-16w-siyah-kasa*günişiği"
"product_id=7367","ktl165-hazar-rayli-led-arm-16w-siyah-kasa*günişiği"
"product_id=7917","ktl165d-12w-bafa-lensli-magnet-armatür"
"product_id=7917","ktl165d-12w-magnet-fixture-with-lens"
"product_id=7591","ktl166-hazar-rayli-led-arm-24w-siyah-kasa*ararenk"
"product_id=7591","ktl166-hazar-rayli-led-arm-24w-siyah-kasa*ararenk"
"product_id=7592","ktl166-hazar-rayli-led-arm-24w-siyah-kasa*beyaz"
"product_id=7592","ktl166-hazar-rayli-led-arm-24w-siyah-kasa*beyaz"
"product_id=7593","ktl166-hazar-rayli-led-arm-24w-siyah-kasa*günişiği"
"product_id=7593","ktl166-hazar-rayli-led-arm-24w-siyah-kasa*günişiği"
"product_id=7916","ktl166d-18w-bafa-lensli-magnet-armatür"
"product_id=7916","ktl166d-18w-magnet-fixture-with-lens"
"product_id=7368","ktl167-hazar-rayli-led-arm-32w-siyah-kasa*ararenk"
"product_id=7368","ktl167-hazar-rayli-led-arm-32w-siyah-kasa*ararenk"
"product_id=7369","ktl167-hazar-rayli-led-arm-32w-siyah-kasa*beyaz"
"product_id=7369","ktl167-hazar-rayli-led-arm-32w-siyah-kasa*beyaz"
"product_id=7370","ktl167-hazar-rayli-led-arm-32w-siyah-kasa*günişiği"
"product_id=7370","ktl167-hazar-rayli-led-arm-32w-siyah-kasa*günişiği"
"product_id=7915","ktl167d-24w-bafa-lensli-magnet-armatür"
"product_id=7915","ktl167d-24w-magnet-fixture-with-lens"
"product_id=7594","ktl168-iznik-rayli-led-arm-8w-siyah-kasa*ararenk"
"product_id=7594","ktl168-iznik-rayli-led-arm-8w-siyah-kasa*ararenk"
"product_id=7595","ktl168-iznik-rayli-led-arm-8w-siyah-kasa*beyaz"
"product_id=7595","ktl168-iznik-rayli-led-arm-8w-siyah-kasa*beyaz"
"product_id=7596","ktl168-iznik-rayli-led-arm-8w-siyah-kasa*günişiği"
"product_id=7596","ktl168-iznik-rayli-led-arm-8w-siyah-kasa*günişiği"
"product_id=7371","ktl169-iznik-rayli-led-arm-16w-siyah-kasa*ararenk"
"product_id=7371","ktl169-iznik-rayli-led-arm-16w-siyah-kasa*ararenk"
"product_id=7372","ktl169-iznik-rayli-led-arm-16w-siyah-kasa*beyaz"
"product_id=7372","ktl169-iznik-rayli-led-arm-16w-siyah-kasa*beyaz"
"product_id=7373","ktl169-iznik-rayli-led-arm-16w-siyah-kasa*günişiği"
"product_id=7373","ktl169-iznik-rayli-led-arm-16w-siyah-kasa*günişiği"
"product_id=7914","ktl169d-12w-bafa-lensli-magnet-armatür"
"product_id=7914","ktl169d-12w-magnet-fixture-with-lens"
"product_id=7374","ktl170-iznik-rayli-led-arm-24w-siyah-kasa*ararenk"
"product_id=7374","ktl170-iznik-rayli-led-arm-24w-siyah-kasa*ararenk"
"product_id=7375","ktl170-iznik-rayli-led-arm-24w-siyah-kasa*beyaz"
"product_id=7375","ktl170-iznik-rayli-led-arm-24w-siyah-kasa*beyaz"
"product_id=7376","ktl170-iznik-rayli-led-arm-24w-siyah-kasa*günişiği"
"product_id=7376","ktl170-iznik-rayli-led-arm-24w-siyah-kasa*günişiği"
"product_id=7913","ktl170d-10w-cob-magnet-rail-spot"
"product_id=7913","ktl170d-10w-iznik-cob-magnet-ray-spot"
"product_id=7377","ktl171-iznik-rayli-led-arm-32w-siyah-kasa*ararenk"
"product_id=7377","ktl171-iznik-rayli-led-arm-32w-siyah-kasa*ararenk"
"product_id=7378","ktl171-iznik-rayli-led-arm-32w-siyah-kasa*beyaz"
"product_id=7378","ktl171-iznik-rayli-led-arm-32w-siyah-kasa*beyaz"
"product_id=7379","ktl171-iznik-rayli-led-arm-32w-siyah-kasa*günişiği"
"product_id=7379","ktl171-iznik-rayli-led-arm-32w-siyah-kasa*günişiği"
"product_id=7912","ktl171d-20w-cob-magnet-rail-spot"
"product_id=7912","ktl171d-20w-iznik-cob-magnet-ray-spot"
"product_id=7597","ktl172-sapanca-rayli-led-arm-8w-beyaz-kasa*ararenk"
"product_id=7597","ktl172-sapanca-rayli-led-arm-8w-beyaz-kasa*ararenk"
"product_id=7598","ktl172-sapanca-rayli-led-arm-8w-beyaz-kasa*beyaz"
"product_id=7598","ktl172-sapanca-rayli-led-arm-8w-beyaz-kasa*beyaz"
"product_id=7599","ktl172-sapanca-rayli-led-arm-8w-beyaz-kasa*günişiği"
"product_id=7599","ktl172-sapanca-rayli-led-arm-8w-beyaz-kasa*günişiği"
"product_id=7911","ktl172d-6w-cob-magnet-rail-spot"
"product_id=7911","ktl172d-6w-iznik-cob-magnet-sarkit-ray-spot"
"product_id=7380","ktl173-sapanca-rayli-led-arm-16w-beyaz-kasa*ararenk"
"product_id=7380","ktl173-sapanca-rayli-led-arm-16w-beyaz-kasa*ararenk"
"product_id=7381","ktl173-sapanca-rayli-led-arm-16w-beyaz-kasa*beyaz"
"product_id=7381","ktl173-sapanca-rayli-led-arm-16w-beyaz-kasa*beyaz"
"product_id=7382","ktl173-sapanca-rayli-led-arm-16w-beyaz-kasa*günişiği"
"product_id=7382","ktl173-sapanca-rayli-led-arm-16w-beyaz-kasa*günişiği"
"product_id=7904","ktl173d-12w-cob-magnet-rail-spot"
"product_id=7904","ktl173d-12w-iznik-cob-magnet-sarkit-ray-spot"
"product_id=7383","ktl174-sapanca-rayli-led-arm-24w-beyaz-kasa*ararenk"
"product_id=7383","ktl174-sapanca-rayli-led-arm-24w-beyaz-kasa*ararenk"
"product_id=7384","ktl174-sapanca-rayli-led-arm-24w-beyaz-kasa*beyaz"
"product_id=7384","ktl174-sapanca-rayli-led-arm-24w-beyaz-kasa*beyaz"
"product_id=7385","ktl174-sapanca-rayli-led-arm-24w-beyaz-kasa*günişiği"
"product_id=7385","ktl174-sapanca-rayli-led-arm-24w-beyaz-kasa*günişiği"
"product_id=7386","ktl175-sapanca-rayli-led-arm-32w-beyaz-kasa*ararenk"
"product_id=7386","ktl175-sapanca-rayli-led-arm-32w-beyaz-kasa*ararenk"
"product_id=7387","ktl175-sapanca-rayli-led-arm-32w-beyaz-kasa*beyaz"
"product_id=7387","ktl175-sapanca-rayli-led-arm-32w-beyaz-kasa*beyaz"
"product_id=7388","ktl175-sapanca-rayli-led-arm-32w-beyaz-kasa*günişiği"
"product_id=7388","ktl175-sapanca-rayli-led-arm-32w-beyaz-kasa*günişiği"
"product_id=7389","ktl176-borçka-rayli-led-arm-8w-beyaz-kasa*ararenk"
"product_id=7389","ktl176-borçka-rayli-led-arm-8w-beyaz-kasa*ararenk"
"product_id=7390","ktl176-borçka-rayli-led-arm-8w-beyaz-kasa*beyaz"
"product_id=7390","ktl176-borçka-rayli-led-arm-8w-beyaz-kasa*beyaz"
"product_id=7391","ktl176-borçka-rayli-led-arm-8w-beyaz-kasa*günişiği"
"product_id=7391","ktl176-borçka-rayli-led-arm-8w-beyaz-kasa*günişiği"
"product_id=7392","ktl177-borçka-rayli-led-arm-16w-beyaz-kasa*ararenk"
"product_id=7392","ktl177-borçka-rayli-led-arm-16w-beyaz-kasa*ararenk"
"product_id=7393","ktl177-borçka-rayli-led-arm-16w-beyaz-kasa*beyaz"
"product_id=7393","ktl177-borçka-rayli-led-arm-16w-beyaz-kasa*beyaz"
"product_id=7394","ktl177-borçka-rayli-led-arm-16w-beyaz-kasa*günişiği"
"product_id=7394","ktl177-borçka-rayli-led-arm-16w-beyaz-kasa*günişiği"
"product_id=7395","ktl178-borçka-rayli-led-arm-24w-beyaz-kasa*ararenk"
"product_id=7395","ktl178-borçka-rayli-led-arm-24w-beyaz-kasa*ararenk"
"product_id=7396","ktl178-borçka-rayli-led-arm-24w-beyaz-kasa*beyaz"
"product_id=7396","ktl178-borçka-rayli-led-arm-24w-beyaz-kasa*beyaz"
"product_id=7397","ktl178-borçka-rayli-led-arm-24w-beyaz-kasa*günişiği"
"product_id=7397","ktl178-borçka-rayli-led-arm-24w-beyaz-kasa*günişiği"
"product_id=7398","ktl179-borçka-rayli-led-arm-32w-beyaz-kasa*ararenk"
"product_id=7398","ktl179-borçka-rayli-led-arm-32w-beyaz-kasa*ararenk"
"product_id=7399","ktl179-borçka-rayli-led-arm-32w-beyaz-kasa*beyaz"
"product_id=7399","ktl179-borçka-rayli-led-arm-32w-beyaz-kasa*beyaz"
"product_id=7400","ktl179-borçka-rayli-led-arm-32w-beyaz-kasa*günişiği"
"product_id=7400","ktl179-borçka-rayli-led-arm-32w-beyaz-kasa*günişiği"
"product_id=7906","ktl180-30w-eco-rail-spot-fixtures"
"product_id=7906","ktl180-30w-global-eco-ray-spot"
"product_id=7905","ktl181-30w-eco-rail-spot-fixtures"
"product_id=7905","ktl181-30w-global-eco-ray-spot"
"product_id=7907","ktl200-decorative-rail-spots"
"product_id=7907","ktl200-dekoratif-ray-spot"
"product_id=7908","ktl201-decorative-rail-spots"
"product_id=7908","ktl201-dekoratif-ray-spot"
"product_id=7909","ktl202-decorative-rail-spots"
"product_id=7909","ktl202-dekoratif-ray-spot"
"product_id=7910","ktl203-decorative-rail-spots"
"product_id=7910","ktl203-dekoratif-ray-spot"
"product_id=7653","kwl108-wall-washer-3w-10cm-beyaz"
"product_id=7653","kwl108-wall-washer-3w-10cm-beyaz"
"product_id=7654","kwl108-wall-washer-3w-10cm-gunisigi"
"product_id=7660","kwl108-wall-washer-3w-10cm-kirmizi"
"product_id=7660","kwl108-wall-washer-3w-10cm-kirmizi"
"product_id=7661","kwl108-wall-washer-3w-10cm-mavi"
"product_id=7661","kwl108-wall-washer-3w-10cm-mavi"
"product_id=7662","kwl108-wall-washer-3w-10cm-rgb"
"product_id=7662","kwl108-wall-washer-3w-10cm-rgb"
"product_id=7663","kwl108-wall-washer-3w-10cm-sari"
"product_id=7663","kwl108-wall-washer-3w-10cm-sari"
"product_id=7664","kwl108-wall-washer-3w-10cm-yesil"
"product_id=7664","kwl108-wall-washer-3w-10cm-yesil"
"product_id=5425","kwl110-12w-kuyumcu-armatür-ararenk"
"product_id=5426","kwl110-12w-kuyumcu-armatür-beyaz"
"product_id=5427","kwl110-12w-kuyumcu-armatür-günışığı"
"product_id=5429","kwl112-wall-washer-6*1w-30cm-beyaz"
"product_id=5430","kwl112-wall-washer-6*1w-30cm-günışığı"
"product_id=5431","kwl112-wall-washer-6*1w-30cm-kırmızı"
"product_id=5432","kwl112-wall-washer-6*1w-30cm-mavi"
"product_id=7401","kwl112-wall-washer-6*1w-30cm-rgb"
"product_id=7401","kwl112-wall-washer-6*1w-30cm-rgb"
"product_id=5434","kwl112-wall-washer-6*1w-30cm-yeşil"
"product_id=5435","kwl113-wall-washer-9*1w-30cm-amber"
"product_id=5436","kwl113-wall-washer-9*1w-30cm-beyaz"
"product_id=5437","kwl113-wall-washer-9*1w-30cm-günışığı"
"product_id=5438","kwl113-wall-washer-9*1w-30cm-kırmızı"
"product_id=5439","kwl113-wall-washer-9*1w-30cm-mavi"
"product_id=5440","kwl113-wall-washer-9*1w-30cm-yeşil"
"product_id=5441","kwl114-wall-washer-18*1w-60cm-amber"
"product_id=5443","kwl114-wall-washer-18*1w-60cm-günışığı"
"product_id=5444","kwl114-wall-washer-18*1w-60cm-kırmızı"
"product_id=5446","kwl114-wall-washer-18*1w-60cm-rgb"
"product_id=5447","kwl114-wall-washer-18*1w-60cm-yeşil"
"product_id=7267","kwl115-wall-washer-36*1w-100cm-amber"
"product_id=7267","kwl115-wall-washer-36*1w-100cm-amber"
"product_id=5449","kwl115-wall-washer-36*1w-100cm-beyaz"
"product_id=5449","kwl115-wall-washer-36*1w-100cm-beyaz"
"product_id=5450","kwl115-wall-washer-36*1w-100cm-günışığı"
"product_id=5450","kwl115-wall-washer-36*1w-100cm-günişiği"
"product_id=5451","kwl115-wall-washer-36*1w-100cm-kirmizi"
"product_id=5451","kwl115-wall-washer-36*1w-100cm-kırmızı"
"product_id=5452","kwl115-wall-washer-36*1w-100cm-mavi"
"product_id=5452","kwl115-wall-washer-36*1w-100cm-mavi"
"product_id=5453","kwl115-wall-washer-36*1w-100cm-rgb"
"product_id=5453","kwl115-wall-washer-36*1w-100cm-rgb"
"product_id=5454","kwl115-wall-washer-36*1w-100cm-yeşil"
"product_id=5454","kwl115-wall-washer-36*1w-100cm-yeşil"
"product_id=5455","kwl116-wall-washer-12*1w-0-6-cm-amber"
"product_id=5456","kwl116-wall-washer-12*1w-0-6-cm-beyaz"
"product_id=5456","kwl116-wall-washer-12*1w-0-6-cm-beyaz"
"product_id=5457","kwl116-wall-washer-12*1w-0-6-cm-günışığı"
"product_id=5458","kwl116-wall-washer-12*1w-0-6-cm-kırmızı"
"product_id=5459","kwl116-wall-washer-12*1w-0-6-cm-mavi"
"product_id=5460","kwl116-wall-washer-12*1w-0-6-cm-rgb"
"product_id=5460","kwl116-wall-washer-12*1w-0-6-cm-rgb"
"product_id=5462","kwl117-wall-washer-6w-17cm-beyaz"
"product_id=5462","kwl117-wall-washer-6w-17cm-beyaz"
"product_id=5463","kwl117-wall-washer-6w-17cm-günişiği"
"product_id=5463","kwl117-wall-washer-6w-17cm-günışığı"
"product_id=7654","kwl117-wall-washer-6w-17cm-günişiği-1"
"product_id=5464","kwl117-wall-washer-6w-17cm-kırmızı"
"product_id=5464","kwl117-wall-washer-6w-17cm-kirmizi"
"product_id=5465","kwl117-wall-washer-6w-17cm-mavi"
"product_id=5465","kwl117-wall-washer-6w-17cm-mavi"
"product_id=7109","kwl117-wall-washer-6w-17cm-rgb"
"product_id=7109","kwl117-wall-washer-6w-17cm-rgb"
"product_id=5466","kwl117-wall-washer-6w-17cm-sari"
"product_id=5466","kwl117-wall-washer-6w-17cm-sarı"
"product_id=5467","kwl117-wall-washer-6w-17cm-yeşil"
"product_id=5467","kwl117-wall-washer-6w-17cm-yeşil"
"product_id=7884","kwl117rgb-6w-led-wallwasher"
"product_id=7884","kwl117rgb-6w-wallwasher"
"product_id=7402","kwl118-wall-washer-9w-25cm-beyaz"
"product_id=7402","kwl118-wall-washer-9w-25cm-beyaz"
"product_id=7403","kwl118-wall-washer-9w-25cm-günişiği"
"product_id=7403","kwl118-wall-washer-9w-25cm-günişiği"
"product_id=7404","kwl118-wall-washer-9w-25cm-kirmizi"
"product_id=7404","kwl118-wall-washer-9w-25cm-kirmizi"
"product_id=7405","kwl118-wall-washer-9w-25cm-mavi"
"product_id=7405","kwl118-wall-washer-9w-25cm-mavi"
"product_id=7406","kwl118-wall-washer-9w-25cm-rgb"
"product_id=7406","kwl118-wall-washer-9w-25cm-rgb"
"product_id=7407","kwl118-wall-washer-9w-25cm-sari"
"product_id=7407","kwl118-wall-washer-9w-25cm-sari"
"product_id=7408","kwl118-wall-washer-9w-25cm-yeşil"
"product_id=7408","kwl118-wall-washer-9w-25cm-yeşil"
"product_id=7885","kwl118rgb-9w-25cm-led-wallwasher"
"product_id=7885","kwl118rgb-9w-25cm-wallwasher"
"product_id=7110","kwl119-wall-washer-12w-35cm-beyaz"
"product_id=7110","kwl119-wall-washer-12w-35cm-beyaz"
"product_id=5468","kwl119-wall-washer-12w-35cm-günışığı"
"product_id=5468","kwl119-wall-washer-12w-35cm-günişiği"
"product_id=5469","kwl119-wall-washer-12w-35cm-kirmizi"
"product_id=5469","kwl119-wall-washer-12w-35cm-kırmızı"
"product_id=5470","kwl119-wall-washer-12w-35cm-mavi"
"product_id=5470","kwl119-wall-washer-12w-35cm-mavi"
"product_id=5471","kwl119-wall-washer-12w-35cm-rgb"
"product_id=5471","kwl119-wall-washer-12w-35cm-rgb"
"product_id=5472","kwl119-wall-washer-12w-35cm-sari"
"product_id=5472","kwl119-wall-washer-12w-35cm-sarı"
"product_id=5473","kwl119-wall-washer-12w-35cm-yeşil"
"product_id=5473","kwl119-wall-washer-12w-35cm-yeşil"
"product_id=5474","kwl120-wall-washer-18w-45cm-beyaz"
"product_id=5474","kwl120-wall-washer-18w-45cm-beyaz"
"product_id=5475","kwl120-wall-washer-18w-45cm-günışığı"
"product_id=5475","kwl120-wall-washer-18w-45cm-günişiği"
"product_id=5476","kwl120-wall-washer-18w-45cm-kirmizi"
"product_id=5476","kwl120-wall-washer-18w-45cm-kırmızı"
"product_id=5477","kwl120-wall-washer-18w-45cm-mavi"
"product_id=5477","kwl120-wall-washer-18w-45cm-mavi"
"product_id=5478","kwl120-wall-washer-18w-45cm-rgb"
"product_id=5478","kwl120-wall-washer-18w-45cm-rgb"
"product_id=5479","kwl120-wall-washer-18w-45cm-sari"
"product_id=5479","kwl120-wall-washer-18w-45cm-sarı"
"product_id=5480","kwl120-wall-washer-18w-45cm-yeşil"
"product_id=5480","kwl120-wall-washer-18w-45cm-yeşil"
"product_id=7886","kwl120rgb-18w-45cm-led-wallwasher"
"product_id=7886","kwl120rgb-18w-45cm-wallwasher"
"product_id=5481","kwl121-wall-washer-24w-60cm-beyaz"
"product_id=5481","kwl121-wall-washer-24w-60cm-beyaz"
"product_id=5482","kwl121-wall-washer-24w-60cm-günışığı"
"product_id=5482","kwl121-wall-washer-24w-60cm-günişiği"
"product_id=5483","kwl121-wall-washer-24w-60cm-kirmizi"
"product_id=5483","kwl121-wall-washer-24w-60cm-kırmızı"
"product_id=5484","kwl121-wall-washer-24w-60cm-mavi"
"product_id=5484","kwl121-wall-washer-24w-60cm-mavi"
"product_id=5485","kwl121-wall-washer-24w-60cm-rgb"
"product_id=5485","kwl121-wall-washer-24w-60cm-rgb"
"product_id=5486","kwl121-wall-washer-24w-60cm-sari"
"product_id=5486","kwl121-wall-washer-24w-60cm-sarı"
"product_id=5487","kwl121-wall-washer-24w-60cm-yeşil"
"product_id=5487","kwl121-wall-washer-24w-60cm-yeşil"
"product_id=5488","kwl122-wall-washer-36w-90cm-beyaz"
"product_id=5488","kwl122-wall-washer-36w-90cm-beyaz"
"product_id=5489","kwl122-wall-washer-36w-90cm-günışığı"
"product_id=5489","kwl122-wall-washer-36w-90cm-günişiği"
"product_id=5490","kwl122-wall-washer-36w-90cm-kirmizi"
"product_id=5490","kwl122-wall-washer-36w-90cm-kırmızı"
"product_id=5491","kwl122-wall-washer-36w-90cm-mavi"
"product_id=5491","kwl122-wall-washer-36w-90cm-mavi"
"product_id=5492","kwl122-wall-washer-36w-90cm-rgb"
"product_id=5492","kwl122-wall-washer-36w-90cm-rgb"
"product_id=5493","kwl122-wall-washer-36w-90cm-sari"
"product_id=5493","kwl122-wall-washer-36w-90cm-sarı"
"product_id=5494","kwl122-wall-washer-36w-90cm-yeşil"
"product_id=5494","kwl122-wall-washer-36w-90cm-yeşil"
"product_id=7887","kwl122rgb-36w-90cm-led-wallwasher"
"product_id=7887","kwl122rgb-36w-90cm-wallwasher"
"product_id=5495","kwl123-wall-washer-48w-120cm-beyaz"
"product_id=5495","kwl123-wall-washer-48w-120cm-beyaz"
"product_id=5496","kwl123-wall-washer-48w-120cm-günışığı"
"product_id=5496","kwl123-wall-washer-48w-120cm-günişiği"
"product_id=5497","kwl123-wall-washer-48w-120cm-kirmizi"
"product_id=5497","kwl123-wall-washer-48w-120cm-kırmızı"
"product_id=5498","kwl123-wall-washer-48w-120cm-mavi"
"product_id=5498","kwl123-wall-washer-48w-120cm-mavi"
"product_id=5499","kwl123-wall-washer-48w-120cm-rgb"
"product_id=5499","kwl123-wall-washer-48w-120cm-rgb"
"product_id=5500","kwl123-wall-washer-48w-120cm-sari"
"product_id=5500","kwl123-wall-washer-48w-120cm-sarı"
"product_id=5501","kwl123-wall-washer-48w-120cm-yeşil"
"product_id=5501","kwl123-wall-washer-48w-120cm-yeşil"
"product_id=5502","kwl124-24w-kuyumcu-armatür-ararenk"
"product_id=5503","kwl124-24w-kuyumcu-armatür-beyaz"
"product_id=5504","kwl124-24w-kuyumcu-armatür-günışığı"
"product_id=5505","kwl125-36w-kuyumcu-armatür-ararenk"
"product_id=5506","kwl125-36w-kuyumcu-armatür-beyaz"
"product_id=5507","kwl125-36w-kuyumcu-armatür-günışığı"
"product_id=5508","kwl126-48w-kuyumcu-armatür-ararenk"
"product_id=5509","kwl126-48w-kuyumcu-armatür-beyaz"
"product_id=5510","kwl126-48w-kuyumcu-armatür-günışığı"
"product_id=7665","kwl129-wall-washer-54w-150cm-beyaz"
"product_id=7665","kwl129-wall-washer-54w-150cm-beyaz"
"product_id=7666","kwl129-wall-washer-54w-150cm-gunisigi"
"product_id=7666","kwl129-wall-washer-54w-150cm-gunisigi"
"product_id=7667","kwl129-wall-washer-54w-150cm-kirmizi"
"product_id=7667","kwl129-wall-washer-54w-150cm-kirmizi"
"product_id=7668","kwl129-wall-washer-54w-150cm-mavi"
"product_id=7668","kwl129-wall-washer-54w-150cm-mavi"
"product_id=7669","kwl129-wall-washer-54w-150cm-rgb"
"product_id=7669","kwl129-wall-washer-54w-150cm-rgb"
"product_id=7670","kwl129-wall-washer-54w-150cm-sari"
"product_id=7670","kwl129-wall-washer-54w-150cm-sari"
"product_id=7671","kwl129-wall-washer-54w-150cm-yesil"
"product_id=7671","kwl129-wall-washer-54w-150cm-yesil"
"product_id=7111","kwl140-wallwasher-9w-25cm-rgb"
"product_id=7111","kwl140-wallwasher-9w-25cm-rgb"
"product_id=7112","kwl141-wallwasher-18w-50cm-rgb"
"product_id=7112","kwl141-wallwasher-18w-50cm-rgb"
"product_id=7113","kwl142-wallwasher-27w-75cm-rgb"
"product_id=7113","kwl142-wallwasher-27w-75cm-rgb"
"product_id=7114","kwl143-wallwasher-36w-100cm-rgb"
"product_id=7114","kwl143-wallwasher-36w-100cm-rgb"
"product_id=7115","kwl144-wallwasher-45w-125cm-rgb"
"product_id=7115","kwl144-wallwasher-45w-125cm-rgb"
"product_id=7116","kwl1701-18w-12-ledli-dikdörtgen-kuyumcu-armatürü"
"product_id=7116","kwl1701-18w-12-ledli-dikdörtgen-kuyumcu-armatürü"
"product_id=7117","kwl1702-18w-12-ledli-dikdörtgen-kuyumcu-armatürü"
"product_id=7117","kwl1702-18w-12-ledli-dikdörtgen-kuyumcu-armatürü"
"product_id=7118","kwl1703-36w-24-ledli-dikdörtgen-kuyumcu-armatürü"
"product_id=7118","kwl1703-36w-24-ledli-dikdörtgen-kuyumcu-armatürü"
"product_id=7119","kwl1704-36w-24-ledli-dikdörtgen-kuyumcu-armatürü"
"product_id=7119","kwl1704-36w-24-ledli-dikdörtgen-kuyumcu-armatürü"
"product_id=7120","kwl1705-55w-36-ledli-dikdörtgen-kuyumcu-armatürü"
"product_id=7120","kwl1705-55w-36-ledli-dikdörtgen-kuyumcu-armatürü"
"product_id=7121","kwl1706-26w-17-ledli-dikdörtgen-kuyumcu-armatürü"
"product_id=7121","kwl1706-26w-17-ledli-dikdörtgen-kuyumcu-armatürü"
"product_id=7122","kwl1707-42w-28-ledli-dikdörtgen-kuyumcu-armatürü"
"product_id=7122","kwl1707-42w-28-ledli-dikdörtgen-kuyumcu-armatürü"
"product_id=7123","kwl1708-14w-9-ledli-kare-kuyumcu-armatürü"
"product_id=7123","kwl1708-14w-9-ledli-kare-kuyumcu-armatürü"
"product_id=7124","kwl1709-18w-12-ledli-kare-kuyumcu-armatürü"
"product_id=7124","kwl1709-18w-12-ledli-kare-kuyumcu-armatürü"
"product_id=7125","kwl1710-24w-16-ledli-kare-kuyumcu-armatürü"
"product_id=7125","kwl1710-24w-16-ledli-kare-kuyumcu-armatürü"
"product_id=7126","kwl1713-36w-24-ledli-kare-kuyumcu-armatürü"
"product_id=7126","kwl1713-36w-24-ledli-kare-kuyumcu-armatürü"
"product_id=7127","kwl1714-55w-36-ledli-kare-kuyumcu-armatürü"
"product_id=7127","kwl1714-55w-36-ledli-kare-kuyumcu-armatürü"
"product_id=7128","kwl1715-14w-9-ledli-yuvarlak-kuyumcu-armatürü"
"product_id=7128","kwl1715-14w-9-ledli-yuvarlak-kuyumcu-armatürü"
"product_id=7129","kwl1716-18w-12-ledli-yuvarlak-kuyumcu-armatürü"
"product_id=7129","kwl1716-18w-12-ledli-yuvarlak-kuyumcu-armatürü"
"product_id=7130","kwl1717-24w-16-ledli-yuvarlak-kuyumcu-armatürü"
"product_id=7130","kwl1717-24w-16-ledli-yuvarlak-kuyumcu-armatürü"
"product_id=7131","kwl1718-36w-24-ledli-yuvarlak-kuyumcu-armatürü"
"product_id=7131","kwl1718-36w-24-ledli-yuvarlak-kuyumcu-armatürü"
"product_id=7132","kwl1719-55w-36-ledli-yuvarlak-kuyumcu-armatürü"
"product_id=7132","kwl1719-55w-36-ledli-yuvarlak-kuyumcu-armatürü"
"product_id=5511","kwl300-lazer-işik-8w-beyaz"
"product_id=5512","kwl300-lazer-işik-8w-günışığı"
"product_id=5513","kwl300-lazer-işik-8w-kırmızı"
"product_id=5514","kwl300-lazer-işik-8w-mavi"
"product_id=5515","kwl300-lazer-işik-8w-sarı"
"product_id=5516","kwl300-lazer-işik-8w-yeşil"
"product_id=7134","kwl4206-6w-18cm-yerli-gold-wallwasher-amber"
"product_id=7134","kwl4206-6w-18cm-yerli-gold-wallwasher-amber"
"product_id=7135","kwl4206-6w-18cm-yerli-gold-wallwasher-ararenk"
"product_id=7135","kwl4206-6w-18cm-yerli-gold-wallwasher-ararenk"
"product_id=7136","kwl4206-6w-18cm-yerli-gold-wallwasher-beyaz"
"product_id=7136","kwl4206-6w-18cm-yerli-gold-wallwasher-beyaz"
"product_id=7137","kwl4206-6w-18cm-yerli-gold-wallwasher-günişiği"
"product_id=7137","kwl4206-6w-18cm-yerli-gold-wallwasher-günişiği"
"product_id=7138","kwl4206-6w-18cm-yerli-gold-wallwasher-kirmizi"
"product_id=7138","kwl4206-6w-18cm-yerli-gold-wallwasher-kirmizi"
"product_id=7139","kwl4206-6w-18cm-yerli-gold-wallwasher-yeşil"
"product_id=7139","kwl4206-6w-18cm-yerli-gold-wallwasher-yeşil"
"product_id=7140","kwl4212-24w-36cm-yerli-gold-wallwasher-amber"
"product_id=7140","kwl4212-24w-36cm-yerli-gold-wallwasher-amber"
"product_id=7141","kwl4212-24w-36cm-yerli-gold-wallwasher-ararenk"
"product_id=7141","kwl4212-24w-36cm-yerli-gold-wallwasher-ararenk"
"product_id=7142","kwl4212-24w-36cm-yerli-gold-wallwasher-beyaz"
"product_id=7142","kwl4212-24w-36cm-yerli-gold-wallwasher-beyaz"
"product_id=7143","kwl4212-24w-36cm-yerli-gold-wallwasher-günişiği"
"product_id=7143","kwl4212-24w-36cm-yerli-gold-wallwasher-günişiği"
"product_id=7144","kwl4212-24w-36cm-yerli-gold-wallwasher-kirmizi"
"product_id=7144","kwl4212-24w-36cm-yerli-gold-wallwasher-kirmizi"
"product_id=7145","kwl4212-24w-36cm-yerli-gold-wallwasher-yeşil"
"product_id=7145","kwl4212-24w-36cm-yerli-gold-wallwasher-yeşil"
"product_id=7147","kwl4218-36w-54cm-yerli-gold-wallwasher-amber"
"product_id=7147","kwl4218-36w-54cm-yerli-gold-wallwasher-amber"
"product_id=7148","kwl4218-36w-54cm-yerli-gold-wallwasher-ararenk"
"product_id=7148","kwl4218-36w-54cm-yerli-gold-wallwasher-ararenk"
"product_id=7149","kwl4218-36w-54cm-yerli-gold-wallwasher-beyaz"
"product_id=7149","kwl4218-36w-54cm-yerli-gold-wallwasher-beyaz"
"product_id=7150","kwl4218-36w-54cm-yerli-gold-wallwasher-günişiği"
"product_id=7150","kwl4218-36w-54cm-yerli-gold-wallwasher-günişiği"
"product_id=7151","kwl4218-36w-54cm-yerli-gold-wallwasher-kirmizi"
"product_id=7151","kwl4218-36w-54cm-yerli-gold-wallwasher-kirmizi"
"product_id=7152","kwl4218-36w-54cm-yerli-gold-wallwasher-yeşil"
"product_id=7152","kwl4218-36w-54cm-yerli-gold-wallwasher-yeşil"
"product_id=7153","kwl4218-36w-wallwasher-lila"
"product_id=7153","kwl4218-36w-wallwasher-lila"
"product_id=7154","kwl4224-48w-72cm-yerli-gold-wallwasher-amber"
"product_id=7154","kwl4224-48w-72cm-yerli-gold-wallwasher-amber"
"product_id=7155","kwl4224-48w-72cm-yerli-gold-wallwasher-ararenk"
"product_id=7155","kwl4224-48w-72cm-yerli-gold-wallwasher-ararenk"
"product_id=7156","kwl4224-48w-72cm-yerli-gold-wallwasher-beyaz"
"product_id=7156","kwl4224-48w-72cm-yerli-gold-wallwasher-beyaz"
"product_id=7157","kwl4224-48w-72cm-yerli-gold-wallwasher-günişiği"
"product_id=7157","kwl4224-48w-72cm-yerli-gold-wallwasher-günişiği"
"product_id=7158","kwl4224-48w-72cm-yerli-gold-wallwasher-kirmizi"
"product_id=7158","kwl4224-48w-72cm-yerli-gold-wallwasher-kirmizi"
"product_id=7159","kwl4224-48w-72cm-yerli-gold-wallwasher-yeşil"
"product_id=7159","kwl4224-48w-72cm-yerli-gold-wallwasher-yeşil"
"product_id=7160","kwl4224-48w-wallwasher-günişiği"
"product_id=7160","kwl4224-48w-wallwasher-günişiği"
"product_id=7161","kwl4230-60w-90cm-yerli-gold-çift-sira-wallwasher-amber"
"product_id=7161","kwl4230-60w-90cm-yerli-gold-çift-sira-wallwasher-amber"
"product_id=7162","kwl4230-60w-90cm-yerli-gold-çift-sira-wallwasher-ararenk"
"product_id=7162","kwl4230-60w-90cm-yerli-gold-çift-sira-wallwasher-ararenk"
"product_id=7163","kwl4230-60w-90cm-yerli-gold-çift-sira-wallwasher-beyaz"
"product_id=7163","kwl4230-60w-90cm-yerli-gold-çift-sira-wallwasher-beyaz"
"product_id=7164","kwl4230-60w-90cm-yerli-gold-çift-sira-wallwasher-gün-işiği"
"product_id=7164","kwl4230-60w-90cm-yerli-gold-çift-sira-wallwasher-gün-işiği"
"product_id=7165","kwl4230-60w-90cm-yerli-gold-çift-sira-wallwasher-kirmizi"
"product_id=7165","kwl4230-60w-90cm-yerli-gold-çift-sira-wallwasher-kirmizi"
"product_id=7166","kwl4230-60w-90cm-yerli-gold-çift-sira-wallwasher-mavi"
"product_id=7166","kwl4230-60w-90cm-yerli-gold-çift-sira-wallwasher-mavi"
"product_id=7167","kwl4230-60w-90cm-yerli-gold-çift-sira-wallwasher-yeşil"
"product_id=7167","kwl4230-60w-90cm-yerli-gold-çift-sira-wallwasher-yeşil"
"product_id=7168","kwl4236-72w-107cm-yerli-gold-çift-sira-wallwasher-amber"
"product_id=7168","kwl4236-72w-107cm-yerli-gold-çift-sira-wallwasher-amber"
"product_id=7169","kwl4236-72w-107cm-yerli-gold-çift-sira-wallwasher-ararenk"
"product_id=7169","kwl4236-72w-107cm-yerli-gold-çift-sira-wallwasher-ararenk"
"product_id=7170","kwl4236-72w-107cm-yerli-gold-çift-sira-wallwasher-beyaz"
"product_id=7170","kwl4236-72w-107cm-yerli-gold-çift-sira-wallwasher-beyaz"
"product_id=7171","kwl4236-72w-107cm-yerli-gold-çift-sira-wallwasher-gün-işiği"
"product_id=7171","kwl4236-72w-107cm-yerli-gold-çift-sira-wallwasher-gün-işiği"
"product_id=7172","kwl4236-72w-107cm-yerli-gold-çift-sira-wallwasher-kirmizi"
"product_id=7172","kwl4236-72w-107cm-yerli-gold-çift-sira-wallwasher-kirmizi"
"product_id=7173","kwl4236-72w-107cm-yerli-gold-çift-sira-wallwasher-mavi"
"product_id=7173","kwl4236-72w-107cm-yerli-gold-çift-sira-wallwasher-mavi"
"product_id=7174","kwl4236-72w-107cm-yerli-gold-çift-sira-wallwasher-yeşil"
"product_id=7174","kwl4236-72w-107cm-yerli-gold-çift-sira-wallwasher-yeşil"
"product_id=5517","kwld120-waterproof-led-trafo-120w"
"product_id=5518","kwld150-waterproof-led-trafo-150w"
"product_id=5519","kwld200-waterproof-led-trafo-200w"
"product_id=5520","kwld300-waterproof-led-trafo-300w"
"product_id=5520","kwld300-waterproof-led-trafo-300w"
"product_id=5521","kwld35-waterproof-led-trafo-35w"
"product_id=5521","kwld35-waterproof-led-trafo-35w"
"product_id=5522","kwld60-waterproof-led-trafo-60w"
"product_id=5522","kwld60-waterproof-led-trafo-60w"
"product_id=7175","kwp2118-18w-extrüzyon-pc-gövde-ve-cam-led-etanj-arm-beyaz"
"product_id=7175","kwp2118-18w-extrüzyon-pc-gövde-ve-cam-led-etanj-arm-beyaz"
"product_id=7176","kwp2118-18w-extrüzyon-pc-gövde-ve-cam-led-etanj-arm-günişiği"
"product_id=7176","kwp2118-18w-extrüzyon-pc-gövde-ve-cam-led-etanj-arm-günişiği"
"product_id=7629","kwp2118-18w-extruzyon-pc-gövde-ve-cam-led-etanj-arm-gunisik"
"product_id=7629","kwp2118-18w-extruzyon-pc-govde-ve-cam-led-etanj-arm-gunisik"
"product_id=7630","kwp2136-36w-extruzyon-pc-gövde-ve-cam-led-etanj-arm-ararenk"
"product_id=7630","kwp2136-36w-extruzyon-pc-gövde-ve-cam-led-etanj-arm-ararenk"
"product_id=7177","kwp2136-36w-extrüzyon-pc-gövde-ve-cam-led-etanj-arm-beyaz"
"product_id=7177","kwp2136-36w-extrüzyon-pc-gövde-ve-cam-led-etanj-arm-beyaz"
"product_id=7178","kwp2136-36w-extrüzyon-pc-gövde-ve-cam-led-etanj-arm-günişiği"
"product_id=7178","kwp2136-36w-extrüzyon-pc-gövde-ve-cam-led-etanj-arm-günişiği"
"product_id=7179","kwp2142-42w-extrüzyon-pc-gövde-ve-cam-led-etanj-arm-beyaz"
"product_id=7179","kwp2142-42w-extrüzyon-pc-gövde-ve-cam-led-etanj-arm-beyaz"
"product_id=7180","kwp2142-42w-extrüzyon-pc-gövde-ve-cam-led-etanj-arm-günişiği"
"product_id=7180","kwp2142-42w-extrüzyon-pc-gövde-ve-cam-led-etanj-arm-günişiği"
"product_id=7182","kwp2154-54w-extrüzyon-pc-gövde-ve-cam-led-etanj-arm-ararenk"
"product_id=7182","kwp2154-54w-extrüzyon-pc-gövde-ve-cam-led-etanj-arm-ararenk"
"product_id=7181","kwp2154-54w-extrüzyon-pc-gövde-ve-cam-led-etanj-arm-beyaz"
"product_id=7181","kwp2154-54w-extrüzyon-pc-gövde-ve-cam-led-etanj-arm-beyaz"
"product_id=7631","kwp2154-54w-extrüzyon-pc-gövde-ve-cam-led-etanj-arm-gunisik"
"product_id=7631","kwp2154-54w-extrüzyon-pc-gövde-ve-cam-led-etanj-arm-gunisik"
"product_id=7635","kwp2155-72w-extruzyon-pc-govde-ve-cam-led-etanj-arm-ararenk"
"product_id=7635","kwp2155-72w-extruzyon-pc-govde-ve-cam-led-etanj-arm-ararenk"
"product_id=7637","kwp2155-72w-extruzyon-pc-govde-ve-cam-led-etanj-arm-beyaz"
"product_id=7637","kwp2155-72w-extruzyon-pc-govde-ve-cam-led-etanj-arm-beyaz"
"product_id=7636","kwp2155-72w-extruzyon-pc-govde-ve-cam-led-etanj-arm-gunisik"
"product_id=7636","kwp2155-72w-extruzyon-pc-govde-ve-cam-led-etanj-arm-gunisik"
"product_id=7183","kwp4020-20w-extrüzyon-pc-gövde-ve-cam-led-etanj-arm-ararenk"
"product_id=7183","kwp4020-20w-extrüzyon-pc-gövde-ve-cam-led-etanj-arm-ararenk"
"product_id=7184","kwp4020-20w-extrüzyon-pc-gövde-ve-cam-led-etanj-arm-beyaz"
"product_id=7184","kwp4020-20w-extrüzyon-pc-gövde-ve-cam-led-etanj-arm-beyaz"
"product_id=7185","kwp4020-20w-extrüzyon-pc-gövde-ve-cam-led-etanj-arm-günişiği"
"product_id=7185","kwp4020-20w-extrüzyon-pc-gövde-ve-cam-led-etanj-arm-günişiği"
"product_id=7186","kwp4040-40w-extrüzyon-pc-gövde-ve-cam-led-etanj-arm-ararenk"
"product_id=7186","kwp4040-40w-extrüzyon-pc-gövde-ve-cam-led-etanj-arm-ararenk"
"product_id=7187","kwp4040-40w-extrüzyon-pc-gövde-ve-cam-led-etanj-arm-beyaz"
"product_id=7187","kwp4040-40w-extrüzyon-pc-gövde-ve-cam-led-etanj-arm-beyaz"
"product_id=7188","kwp4040-40w-extrüzyon-pc-gövde-ve-cam-led-etanj-arm-günişiği"
"product_id=7188","kwp4040-40w-extrüzyon-pc-gövde-ve-cam-led-etanj-arm-günişiği"
"product_id=7189","kwp4060-42w-extrüzyon-pc-gövde-ve-cam-led-etanj-arm-beyaz"
"product_id=7189","kwp4060-42w-extrüzyon-pc-gövde-ve-cam-led-etanj-arm-beyaz"
"product_id=7190","kwp4060-42w-extrüzyon-pc-gövde-ve-cam-led-etanj-arm-günişiği"
"product_id=7190","kwp4060-42w-extrüzyon-pc-gövde-ve-cam-led-etanj-arm-günişiği"
"product_id=7191","kwp4080-54w-extrüzyon-pc-gövde-ve-cam-led-etanj-arm-beyaz"
"product_id=7191","kwp4080-54w-extrüzyon-pc-gövde-ve-cam-led-etanj-arm-beyaz"
"product_id=7192","kwp4080-54w-extrüzyon-pc-gövde-ve-cam-led-etanj-arm-günişiği"
"product_id=7192","kwp4080-54w-extrüzyon-pc-gövde-ve-cam-led-etanj-arm-günişiği"
"product_id=5523","kym003-3w-led-panel-trafo"
"product_id=5524","kym007-7w-led-panel-trafo"
"product_id=5525","kym012-12w-led-panel-trafo"
"product_id=5526","kym018-18w-led-panel-trafo"
"product_id=5527","kym024-24w-led-panel-trafo"
"product_id=5528","kym032-32w-led-panel-trafo"
"product_id=7193","kym040-40w-led-panel-trafo"
"product_id=7193","kym040-40w-led-panel-trafo"
"product_id=7194","kym048-48w-led-panel-trafo"
"product_id=7194","kym048-48w-led-panel-trafo"
"product_id=7195","kyt2060-60w-led-yüksek-tavan-armatürü-ararenk"
"product_id=7195","kyt2060-60w-led-yüksek-tavan-armatürü-ararenk"
"product_id=7196","kyt2060-60w-led-yüksek-tavan-armatürü-beyaz"
"product_id=7196","kyt2060-60w-led-yüksek-tavan-armatürü-beyaz"
"product_id=7197","kyt2060-60w-led-yüksek-tavan-armatürü-gün-işiği"
"product_id=7197","kyt2060-60w-led-yüksek-tavan-armatürü-gün-işiği"
"product_id=7198","kyt2100-100w-led-yüksek-tavan-armatürü-ararenk"
"product_id=7198","kyt2100-100w-led-yüksek-tavan-armatürü-ararenk"
"product_id=7199","kyt2100-100w-led-yüksek-tavan-armatürü-beyaz"
"product_id=7199","kyt2100-100w-led-yüksek-tavan-armatürü-beyaz"
"product_id=7200","kyt2100-100w-led-yüksek-tavan-armatürü-gün-işiği"
"product_id=7200","kyt2100-100w-led-yüksek-tavan-armatürü-gün-işiği"
"product_id=5529","kyt2150-150w-led-yüksek-tavan-ararenk"
"product_id=5530","kyt2150-150w-led-yüksek-tavan-beyaz"
"product_id=5531","kyt2150-150w-led-yüksek-tavan-günışığı"
"product_id=7201","kyt2200-200w-led-yüksek-tavan-armatürü-ararenk"
"product_id=7201","kyt2200-200w-led-yüksek-tavan-armatürü-ararenk"
"product_id=7202","kyt2200-200w-led-yüksek-tavan-armatürü-beyaz"
"product_id=7202","kyt2200-200w-led-yüksek-tavan-armatürü-beyaz"
"product_id=7203","kyt2200-200w-led-yüksek-tavan-armatürü-gün-işiği"
"product_id=7203","kyt2200-200w-led-yüksek-tavan-armatürü-gün-işiği"
"product_id=7205","rgb100-100w-rgb-kumanda-panosu"
"product_id=7205","rgb100-100w-rgb-kumanda-panosu"
"product_id=7204","rgb1000-1000w-rgb-kumanda-panosu"
"product_id=7204","rgb1000-1000w-rgb-kumanda-panosu"
"product_id=7206","rgb200-200w-rgb-kumanda-panosu"
"product_id=7206","rgb200-200w-rgb-kumanda-panosu"
"product_id=7207","rgb300-300w-rgb-kumanda-panosu"
"product_id=7207","rgb300-300w-rgb-kumanda-panosu"
"product_id=7208","rgb400-rgb-kontrol-panosu-400w"
"product_id=7208","rgb400-rgb-kontrol-panosu-400w"
"product_id=7209","rgb500-500w-rgb-kumanda-panosu"
"product_id=7209","rgb500-500w-rgb-kumanda-panosu"
"product_id=7210","rgb600-600w-rgb-kumanda-panosu"
"product_id=7210","rgb600-600w-rgb-kumanda-panosu"
"product_id=7211","rgb700-700w-rgb-kumanda-panosu"
"product_id=7211","rgb700-700w-rgb-kumanda-panosu"
"product_id=7212","rgb800-800w-rgb-kumanda-panosu"
"product_id=7212","rgb800-800w-rgb-kumanda-panosu"
"product_id=7213","rgb900-900w-rgb-kumanda-panosu"
"product_id=7213","rgb900-900w-rgb-kumanda-panosu"
"product_id=7672","smd-ledli-g4-ampul-ac-2-5w-beyaz"
"product_id=7673","smd-ledli-g4-ampul-ac-2-5w-sari"
